station_code,station_name,latitude,longitude,basin_name,sub_basin_name,tambon_name,amphoe_name,province_name,station_type_name,region_name,shared_data,catalog,has_rain,has_pressure,has_humidity,has_all_three,valid_thailand_coords
ABRT,วัดเวฬุวัน,16.054785,103.66429,ชี,ลำน้ำชีส่วนที่ 4/2,เหนือเมือง,เมืองร้อยเอ็ด,ร้อยเอ็ด,น้ำฝน,ภาคตะวันออกเฉียงเหนือ,แชร์ข้อมูล,hourly_rain,True,True,True,True,True
ACRU,ทต.ไก่คำ,15.788054,104.642235,มูล,ลำเซบก,ไก่คำ,เมืองอำนาจเจริญ,อำนาจเจริญ,น้ำฝน,ภาคตะวันออกเฉียงเหนือ,แชร์ข้อมูล,hourly_rain,True,True,True,True,True
AIT001,อโศก,13.743286,100.56218,เจ้าพระยา,ที่ราบแม่น้ำเจ้าพระยา,คลองเตยเหนือ,วัฒนา,กรุงเทพมหานคร,ระดับน้ำ,กรุงเทพมหานคร,แชร์ข้อมูล,hourly_rain,True,True,True,True,True
AIT002,สะพานลำน้ำเลย,17.860956,101.61144,โขงตะวันออกเฉียงเหนือ,แม่น้ำเลยตอนล่างส่วนที่ 2,เชียงคาน,เชียงคาน,เลย,ระดับน้ำ,ภาคตะวันออกเฉียงเหนือ,แชร์ข้อมูล,hourly_rain,True,True,True,True,True
AIT003,สะพานห้วยน้ำฮวย,18.151169,102.17911,โขงตะวันออกเฉียงเหนือ,แม่น้ำโขงส่วนที่ 5,บ้านม่วง,สังคม,หนองคาย,ระดับน้ำ,ภาคตะวันออกเฉียงเหนือ,แชร์ข้อมูล,hourly_rain,True,True,True,True,True
AIT004,สะพานห้วยหลวง,18.016796,103.0809,โขงตะวันออกเฉียงเหนือ,ห้วยหลวงส่วนที่ 2,วัดหลวง,โพนพิสัย,หนองคาย,ระดับน้ำ,ภาคตะวันออกเฉียงเหนือ,แชร์ข้อมูล,hourly_rain,True,True,True,True,True
AIT005,สะพานห้วยบังบาต,18.282616,103.88075,โขงตะวันออกเฉียงเหนือ,แม่น้ำโขงส่วนที่ 7/2,หนองเดิ่น,บุ่งคล้า,บึงกาฬ,ระดับน้ำ,ภาคตะวันออกเฉียงเหนือ,แชร์ข้อมูล,hourly_rain,True,True,True,True,True
AIT006,สะพานหาดกวน-อุ่มไผ่พัฒนา,17.61093,104.396034,โขงตะวันออกเฉียงเหนือ,แม่น้ำสงครามตอนล่างส่วนที่ 4,ไชยบุรี,ท่าอุเทน,นครพนม,ระดับน้ำ,ภาคตะวันออกเฉียงเหนือ,แชร์ข้อมูล,hourly_rain,True,True,True,True,True
AIT007,สะพานห้วยบังฮวก,17.09678,104.76291,โขงตะวันออกเฉียงเหนือ,แม่น้ำโขงส่วนที่ 8,ดอนนางหงส์,ธาตุพนม,นครพนม,ระดับน้ำ,ภาคตะวันออกเฉียงเหนือ,แชร์ข้อมูล,hourly_rain,True,True,True,True,True
AIT008,สะพานห้วยมุก,16.546862,104.730385,โขงตะวันออกเฉียงเหนือ,ห้วยมุก,มุกดาหาร,เมืองมุกดาหาร,มุกดาหาร,ระดับน้ำ,ภาคตะวันออกเฉียงเหนือ,แชร์ข้อมูล,hourly_rain,True,True,True,True,True
AIT009,สะพานบังอี่,16.345835,104.889885,โขงตะวันออกเฉียงเหนือ,ห้วยบังอี้,โพธิ์ไทร,ดอนตาล,มุกดาหาร,ระดับน้ำ,ภาคตะวันออกเฉียงเหนือ,แชร์ข้อมูล,hourly_rain,True,True,True,True,True
AIT010,สะพานห้วยปากแซง,15.931226,105.33725,โขงตะวันออกเฉียงเหนือ,แม่น้ำโขงตอนล่าง,พะลาน,นาตาล,อุบลราชธานี,ระดับน้ำ,ภาคตะวันออกเฉียงเหนือ,แชร์ข้อมูล,hourly_rain,True,True,True,True,True
AIT011,สะพานข้ามน้ำมูล,15.310499,105.49311,มูล,ลำน้ำมูลตอนล่างส่วนที่ 3,โขงเจียม,โขงเจียม,อุบลราชธานี,ระดับน้ำ,ภาคตะวันออกเฉียงเหนือ,แชร์ข้อมูล,hourly_rain,True,True,True,True,True
ATG011,ปตร.พลเทพ,15.21593,100.07282,เจ้าพระยา,ที่ราบแม่น้ำเจ้าพระยา,หาดท่าเสา,เมืองชัยนาท,ชัยนาท,ระดับน้ำ,ภาคกลาง,แชร์ข้อมูล,hourly_rain,True,True,True,True,True
ATG021,เหนือ ปตร.มโนรมย์,15.33047,100.103325,เจ้าพระยา,ที่ราบแม่น้ำเจ้าพระยา,วัดโคก,มโนรมย์,ชัยนาท,ระดับน้ำ,ภาคกลาง,แชร์ข้อมูล,hourly_rain,True,True,True,True,True
ATG031,เหนือปตร.บรมธาตุ,15.158136,100.15353,เจ้าพระยา,ที่ราบแม่น้ำเจ้าพระยา,ชัยนาท,เมืองชัยนาท,ชัยนาท,ระดับน้ำ,ภาคกลาง,แชร์ข้อมูล,hourly_rain,True,True,True,True,True
ATG032,ท้ายปตร.บรมธาตุ,15.157781,100.152824,เจ้าพระยา,ที่ราบแม่น้ำเจ้าพระยา,ชัยนาท,เมืองชัยนาท,ชัยนาท,ระดับน้ำ,ภาคกลาง,แชร์ข้อมูล,hourly_rain,True,True,True,True,True
ATG042,ท้ายปตร.มะขามเฒ่า-อู่ทอง,15.222314,100.06234,ท่าจีน,ที่ราบแม่น้ำท่าจีน,มะขามเฒ่า,วัดสิงห์,ชัยนาท,ระดับน้ำ,ภาคกลาง,แชร์ข้อมูล,hourly_rain,True,True,True,True,True
ATG051,เหนือปตร.พระนารายน์,14.558294,100.76207,ป่าสัก,แม่น้ำป่าสักตอนล่างส่วนที่ 2,ท่าหลวง,ท่าเรือ,พระนครศรีอยุธยา,ระดับน้ำ,ภาคกลาง,แชร์ข้อมูล,hourly_rain,True,True,True,True,True
ATG052,ท้ายปตร.พระนารายน์,14.55667,100.76207,ป่าสัก,แม่น้ำป่าสักตอนล่างส่วนที่ 2,ท่าหลวง,ท่าเรือ,พระนครศรีอยุธยา,ระดับน้ำ,ภาคกลาง,แชร์ข้อมูล,hourly_rain,True,True,True,True,True
ATG072,ท้ายปตร.พระศรีศิลป์,14.327294,100.87114,เจ้าพระยา,ที่ราบแม่น้ำเจ้าพระยา,หนองแค,หนองแค,สระบุรี,ระดับน้ำ,ภาคกลาง,แชร์ข้อมูล,hourly_rain,True,True,True,True,True
ATG081,เหนือปตร.พระธรรมราชา,14.077733,100.89208,เจ้าพระยา,ที่ราบแม่น้ำเจ้าพระยา,บึงน้ำรักษ์,ธัญบุรี,ปทุมธานี,ระดับน้ำ,ภาคกลาง,แชร์ข้อมูล,hourly_rain,True,True,True,True,True
ATG082,ท้ายปตร.พระธรรมราชา,14.076388,100.893906,เจ้าพระยา,ที่ราบแม่น้ำเจ้าพระยา,บึงน้ำรักษ์,ธัญบุรี,ปทุมธานี,ระดับน้ำ,ภาคกลาง,แชร์ข้อมูล,hourly_rain,True,True,True,True,True
ATG091,เหนือปตร.พระอินทราชา,14.144052,100.62136,เจ้าพระยา,ที่ราบแม่น้ำเจ้าพระยา,วังน้อย,วังน้อย,พระนครศรีอยุธยา,ระดับน้ำ,ภาคกลาง,แชร์ข้อมูล,hourly_rain,True,True,True,True,True
ATG092,ท้ายปตร.พระอินทราชา,14.143729,100.620766,เจ้าพระยา,ที่ราบแม่น้ำเจ้าพระยา,พยอม,วังน้อย,พระนครศรีอยุธยา,ระดับน้ำ,ภาคกลาง,แชร์ข้อมูล,hourly_rain,True,True,True,True,True
ATG101,ปตร.จุฬาลงกรณ์,13.981354,100.60567,เจ้าพระยา,ที่ราบแม่น้ำเจ้าพระยา,ประชาธิปัตย์,ธัญบุรี,ปทุมธานี,ระดับน้ำ,ภาคกลาง,แชร์ข้อมูล,hourly_rain,True,True,True,True,True
ATG111,เหนือปตร.มหาราช,15.15893,100.17328,เจ้าพระยา,ที่ราบแม่น้ำเจ้าพระยา,บ้านกล้วย,เมืองชัยนาท,ชัยนาท,ระดับน้ำ,ภาคกลาง,แชร์ข้อมูล,hourly_rain,True,True,True,True,True
ATG112,ท้ายปตร.มหาราช,15.1614685,100.17264,เจ้าพระยา,ที่ราบแม่น้ำเจ้าพระยา,บ้านกล้วย,เมืองชัยนาท,ชัยนาท,ระดับน้ำ,ภาคกลาง,แชร์ข้อมูล,hourly_rain,True,True,True,True,True
ATG121,เหนือปตร.ท่าโบสถ์,15.054189,100.01159,ท่าจีน,ที่ราบแม่น้ำท่าจีน,สามง่ามท่าโบสถ์,หันคา,ชัยนาท,ระดับน้ำ,ภาคกลาง,แชร์ข้อมูล,hourly_rain,True,True,True,True,True
ATG122,ท้ายปตร.ท่าโบสถ์,15.053487,100.011795,ท่าจีน,ที่ราบแม่น้ำท่าจีน,สามง่ามท่าโบสถ์,หันคา,ชัยนาท,ระดับน้ำ,ภาคกลาง,แชร์ข้อมูล,hourly_rain,True,True,True,True,True
ATG131,เหนือปตร.ชลมาร์คพิจารณ์,14.77117,100.08841,ท่าจีน,ที่ราบแม่น้ำท่าจีน,สามชุก,สามชุก,สุพรรณบุรี,ระดับน้ำ,ภาคกลาง,แชร์ข้อมูล,hourly_rain,True,True,True,True,True
ATG132,ท้ายปตร.ชลมาร์คพิจารณ์,14.770598,100.08824,ท่าจีน,ที่ราบแม่น้ำท่าจีน,สามชุก,สามชุก,สุพรรณบุรี,ระดับน้ำ,ภาคกลาง,แชร์ข้อมูล,hourly_rain,True,True,True,True,True
ATG141,เหนือปตร.โพธิ์พระยา,14.532452,100.122246,ท่าจีน,ที่ราบแม่น้ำท่าจีน,โพธิ์พระยา,เมืองสุพรรณบุรี,สุพรรณบุรี,ระดับน้ำ,ภาคกลาง,แชร์ข้อมูล,hourly_rain,True,True,True,True,True
ATG142,ท้ายปตร.โพธิ์พระยา,14.531798,100.12244,ท่าจีน,ที่ราบแม่น้ำท่าจีน,โพธิ์พระยา,เมืองสุพรรณบุรี,สุพรรณบุรี,ระดับน้ำ,ภาคกลาง,แชร์ข้อมูล,hourly_rain,True,True,True,True,True
ATG151,เหนือปตร.บางระจัน,14.925949,100.275826,เจ้าพระยา,ที่ราบแม่น้ำเจ้าพระยา,เชิงกลัด,บางระจัน,สิงห์บุรี,ระดับน้ำ,ภาคกลาง,แชร์ข้อมูล,hourly_rain,True,True,True,True,True
ATG152,ท้ายปตร.บางระจัน,14.925411,100.279076,เจ้าพระยา,ที่ราบแม่น้ำเจ้าพระยา,เชิงกลัด,บางระจัน,สิงห์บุรี,ระดับน้ำ,ภาคกลาง,แชร์ข้อมูล,hourly_rain,True,True,True,True,True
ATG161,เหนือปตร.ยางมณี,14.750994,100.41464,เจ้าพระยา,ที่ราบแม่น้ำเจ้าพระยา,พิกุลทอง,ท่าช้าง,สิงห์บุรี,ระดับน้ำ,ภาคกลาง,แชร์ข้อมูล,hourly_rain,True,True,True,True,True
ATG162,ท้ายปตร.ยางมณี,14.75034,100.41495,เจ้าพระยา,ที่ราบแม่น้ำเจ้าพระยา,พิกุลทอง,ท่าช้าง,สิงห์บุรี,ระดับน้ำ,ภาคกลาง,แชร์ข้อมูล,hourly_rain,True,True,True,True,True
ATG171,เหนือปตร.ผักไห่-เจ้าเจ็ด,14.436469,100.375626,เจ้าพระยา,ที่ราบแม่น้ำเจ้าพระยา,บ้านใหญ่,ผักไห่,พระนครศรีอยุธยา,ระดับน้ำ,ภาคกลาง,แชร์ข้อมูล,hourly_rain,True,True,True,True,True
ATG181,เหนือปตร.ช่องแค,15.14621,100.413,เจ้าพระยา,ที่ราบแม่น้ำเจ้าพระยา,พรหมนิมิต,ตาคลี,นครสวรรค์,ระดับน้ำ,ภาคเหนือ,แชร์ข้อมูล,hourly_rain,True,True,True,True,True
ATG182,ท้ายปตร.ช่องแค,15.145541,100.41324,เจ้าพระยา,ที่ราบแม่น้ำเจ้าพระยา,พรหมนิมิต,ตาคลี,นครสวรรค์,ระดับน้ำ,ภาคเหนือ,แชร์ข้อมูล,hourly_rain,True,True,True,True,True
BAKI,ทต.โคกสี,17.61611,103.42706,โขงตะวันออกเฉียงเหนือ,แม่น้ำสงครามตอนบน,โคกสี,สว่างแดนดิน,สกลนคร,น้ำฝน,ภาคตะวันออกเฉียงเหนือ,แชร์ข้อมูล,hourly_rain,True,True,True,True,True
BARI,ศูนย์อปพร. อบต.บ้านไร่,15.08282,99.51922,ท่าจีน,ห้วยกระเสียว,บ้านไร่,บ้านไร่,อุทัยธานี,น้ำฝน,ภาคเหนือ,แชร์ข้อมูล,hourly_rain,True,True,True,True,True
BBHN,อบต.บางหิน,9.536913,98.57949,ภาคใต้ฝั่งตะวันตก,ภาคใต้ฝั่งตะวันตกตอนบน,บางหิน,กะเปอร์,ระนอง,น้ำฝน,ภาคใต้,แชร์ข้อมูล,hourly_rain,True,True,True,True,True
BBON,อบต.แจ้ซ้อน,18.816967,99.50007,วัง,แม่น้ำสวย,แจ้ซ้อน,เมืองปาน,ลำปาง,น้ำฝน,ภาคเหนือ,แชร์ข้อมูล,hourly_rain,True,True,True,True,True
BBUA,ทต.บัวสว่าง,17.372976,103.984436,โขงตะวันออกเฉียงเหนือ,ห้วยน้ำอูน,สว่าง,พรรณานิคม,สกลนคร,น้ำฝน,ภาคตะวันออกเฉียงเหนือ,แชร์ข้อมูล,hourly_rain,True,True,True,True,True
BBWN,อบต.บางวัน,9.085644,98.44333,ภาคใต้ฝั่งตะวันตก,ภาคใต้ฝั่งตะวันตกตอนบน,บางวัน,คุระบุรี,พังงา,น้ำฝน,ภาคใต้,แชร์ข้อมูล,hourly_rain,True,True,True,True,True
BCAP,อบต.หนองญ้าปล้อง,13.17001,99.68776,เพชรบุรี-ประจวบคีรีขันธ์,ห้วยแม่ประจัน,หนองหญ้าปล้อง,หนองหญ้าปล้อง,เพชรบุรี,น้ำฝน,ภาคกลาง,แชร์ข้อมูล,hourly_rain,True,True,True,True,True
BCNG,อบต.บ้านยา,17.38684,103.29087,โขงตะวันออกเฉียงเหนือ,แม่น้ำสงครามตอนบน,บ้านยา,หนองหาน,อุดรธานี,น้ำฝน,ภาคตะวันออกเฉียงเหนือ,แชร์ข้อมูล,hourly_rain,True,True,True,True,True
BDAR,ทต.ดอนอะราง,14.587073,102.49519,มูล,ลำปลายมาศ,ดอนอะราง,หนองกี่,บุรีรัมย์,น้ำฝน,ภาคตะวันออกเฉียงเหนือ,แชร์ข้อมูล,hourly_rain,True,True,True,True,True
BDCP,อบต.ด่านชุมพล,12.444715,102.63004,ชายฝั่งทะเลตะวันออก,แม่น้ำเมืองตราด,ด่านชุมพล,บ่อไร่,ตราด,น้ำฝน,ภาคกลาง,แชร์ข้อมูล,hourly_rain,True,True,True,True,True
BDGN,ทม.บ้านดุง,17.704449,103.26374,โขงตะวันออกเฉียงเหนือ,แม่น้ำสงครามตอนบน,ศรีสุทโธ,บ้านดุง,อุดรธานี,น้ำฝน,ภาคตะวันออกเฉียงเหนือ,แชร์ข้อมูล,hourly_rain,True,True,True,True,True
BDLH,ทต.ลานหอย,17.00857,99.58297,ยม,น้ำแม่รำพัน,ลานหอย,บ้านด่านลานหอย,สุโขทัย,น้ำฝน,ภาคเหนือ,แชร์ข้อมูล,hourly_rain,True,True,True,True,True
BDMG,อบต.กุมภวาปี,17.076832,103.02149,ชี,ลำปาวตอนบน,กุมภวาปี,กุมภวาปี,อุดรธานี,น้ำฝน,ภาคตะวันออกเฉียงเหนือ,แชร์ข้อมูล,hourly_rain,True,True,True,True,True
BDWN,อบต.ดอนหว่าน,16.008148,103.319046,ชี,ลำน้ำชีส่วนที่ 4/1,ดอนหว่าน,เมืองมหาสารคาม,มหาสารคาม,น้ำฝน,ภาคตะวันออกเฉียงเหนือ,แชร์ข้อมูล,hourly_rain,True,True,True,True,True
BGBO,ทต.เกาะช้าง,12.103423,102.35203,ชายฝั่งทะเลตะวันออก,ชายฝั่งทะเลตะวันออก (เกาะ),เกาะช้าง,เกาะช้าง,ตราด,น้ำฝน,ภาคกลาง,แชร์ข้อมูล,hourly_rain,True,True,True,True,True
BGRT,ทต.กงรถ,15.013624,102.7486,มูล,ลำปลายมาศ,กงรถ,ห้วยแถลง,นครราชสีมา,น้ำฝน,ภาคตะวันออกเฉียงเหนือ,แชร์ข้อมูล,hourly_rain,True,True,True,True,True
BGYN,อบต.บางใหญ่,10.306609,98.77082,ภาคใต้ฝั่งตะวันตก,แม่น้ำกระบุรี ( ลุ่มน้ำสาขา ),บางใหญ่,กระบุรี,ระนอง,น้ำฝน,ภาคใต้,แชร์ข้อมูล,hourly_rain,True,True,True,True,True
BHMN,อบต.ห้วยมุ่น,17.809143,100.93949,น่าน,น้ำปาด,ห้วยมุ่น,น้ำปาด,อุตรดิตถ์,น้ำฝน,ภาคเหนือ,แชร์ข้อมูล,hourly_rain,True,True,True,True,True
BHPK,วัดบ้านน้ำเย็น,14.615361,104.64972,มูล,ห้วยขยุงส่วนที่ 1,เมือง,กันทรลักษ์,ศรีสะเกษ,น้ำฝน,ภาคตะวันออกเฉียงเหนือ,แชร์ข้อมูล,hourly_rain,True,True,True,True,True
BHRA,อบต.ขี้เหล็ก,15.34234,104.821556,มูล,ลำน้ำมูลส่วนที่ 3/5,ขี้เหล็ก,เมืองอุบลราชธานี,อุบลราชธานี,น้ำฝน,ภาคตะวันออกเฉียงเหนือ,แชร์ข้อมูล,hourly_rain,True,True,True,True,True
BHUN,อบต.นาหินลาด,14.207264,101.35065,บางปะกง,แม่น้ำปราจีนบุรีตอนล่าง,นาหินลาด,ปากพลี,นครนายก,น้ำฝน,ภาคกลาง,แชร์ข้อมูล,hourly_rain,True,True,True,True,True
BJAN,อบต.บ้านจารย์,14.566598,103.74285,มูล,ห้วยทับทัน,บ้านจารย์,สังขะ,สุรินทร์,น้ำฝน,ภาคตะวันออกเฉียงเหนือ,แชร์ข้อมูล,hourly_rain,True,True,True,True,True
BJIG,อบต.บ้านเจียง,16.018831,101.50007,ชี,ลำน้ำชีตอนบนส่วนที่ 2,บ้านเจียง,ภักดีชุมพล,ชัยภูมิ,น้ำฝน,ภาคตะวันออกเฉียงเหนือ,แชร์ข้อมูล,hourly_rain,True,True,True,True,True
BKC001,สวนศรีนครเขื่อนขันธ์,13.69554,100.56311,เจ้าพระยา,ที่ราบแม่น้ำเจ้าพระยา,บางกะเจ้า,พระประแดง,สมุทรปราการ,ระดับน้ำ,ภาคกลาง,แชร์ข้อมูล,hourly_rain,True,True,True,True,True
BKC002,ปตร.วัดบางกระเจ้านอก,13.689589,100.55495,เจ้าพระยา,ที่ราบแม่น้ำเจ้าพระยา,บางกะเจ้า,พระประแดง,สมุทรปราการ,ระดับน้ำ,ภาคกลาง,แชร์ข้อมูล,hourly_rain,True,True,True,True,True
BKC003,ปตร. คลองลัดบางยอ 1,13.676186,100.553116,เจ้าพระยา,ที่ราบแม่น้ำเจ้าพระยา,บางยอ,พระประแดง,สมุทรปราการ,ระดับน้ำ,ภาคกลาง,แชร์ข้อมูล,hourly_rain,True,True,True,True,True
BKC004,ปตร. คลองลัดบางยอ 2,13.661021,100.56727,เจ้าพระยา,ที่ราบแม่น้ำเจ้าพระยา,บางกระสอบ,พระประแดง,สมุทรปราการ,ระดับน้ำ,ภาคกลาง,แชร์ข้อมูล,hourly_rain,True,True,True,True,True
BKC005,ปตร. คลองตาสด,13.664818,100.571236,เจ้าพระยา,ที่ราบแม่น้ำเจ้าพระยา,บางกระสอบ,พระประแดง,สมุทรปราการ,ระดับน้ำ,ภาคกลาง,แชร์ข้อมูล,hourly_rain,True,True,True,True,True
BKC006,ปตร. คลองบางน้ำผึ้ง,13.676611,100.58207,เจ้าพระยา,ที่ราบแม่น้ำเจ้าพระยา,บางน้ำผึ้ง,พระประแดง,สมุทรปราการ,ระดับน้ำ,ภาคกลาง,แชร์ข้อมูล,hourly_rain,True,True,True,True,True
BKC007,ปตร. คลองแพ,13.69498,100.58224,เจ้าพระยา,ที่ราบแม่น้ำเจ้าพระยา,บางกอบัว,พระประแดง,สมุทรปราการ,ระดับน้ำ,ภาคกลาง,แชร์ข้อมูล,hourly_rain,True,True,True,True,True
BKC008,ตลาดน้ำบางน้ำผึ้ง,13.678698,100.5736,เจ้าพระยา,ที่ราบแม่น้ำเจ้าพระยา,บางน้ำผึ้ง,พระประแดง,สมุทรปราการ,น้ำฝน,ภาคกลาง,แชร์ข้อมูล,hourly_rain,True,True,True,True,True
BKDN,อบต.เขาทอง,15.57074,100.18325,เจ้าพระยา,ที่ราบแม่น้ำเจ้าพระยา,เขาทอง,พยุหะคีรี,นครสวรรค์,น้ำฝน,ภาคเหนือ,แชร์ข้อมูล,hourly_rain,True,True,True,True,True
BKHI,ทต.บ้านค่ายหมื่นแผ้ว,15.6989565,102.01483,ชี,ลำน้ำชีส่วนที่ 2/2,บ้านค่าย,เมืองชัยภูมิ,ชัยภูมิ,น้ำฝน,ภาคตะวันออกเฉียงเหนือ,แชร์ข้อมูล,hourly_rain,True,True,True,True,True
BKHL,ทต.บึงโขงหลง,17.968061,104.04947,โขงตะวันออกเฉียงเหนือ,แม่น้ำสงครามตอนล่างส่วนที่ 4,บึงโขงหลง,บึงโขงหลง,บึงกาฬ,น้ำฝน,ภาคตะวันออกเฉียงเหนือ,แชร์ข้อมูล,hourly_rain,True,True,True,True,True
BKHN,อบต.บ้านลำนาว,8.029197,99.47583,ภาคใต้ฝั่งตะวันตก,แม่น้ำตรัง,บ้านลำนาว,บางขัน,นครศรีธรรมราช,น้ำฝน,ภาคใต้,แชร์ข้อมูล,hourly_rain,True,True,True,True,True
BKJO,อบต.บางกระเจ้า,13.5214,100.19284,ท่าจีน,ที่ราบแม่น้ำท่าจีน,บางกระเจ้า,เมืองสมุทรสาคร,สมุทรสาคร,น้ำฝน,ภาคกลาง,แชร์ข้อมูล,hourly_rain,True,True,True,True,True
BKK001,คลองลาดพร้าว ท้ายปตร.คลอง2,13.92243,100.63437,เจ้าพระยา,ที่ราบแม่น้ำเจ้าพระยา,สายไหม,สายไหม,กรุงเทพมหานคร,ระดับน้ำ,กรุงเทพมหานคร,แชร์ข้อมูล,hourly_rain,True,True,True,True,True
BKK002,คลองเปรมประชากร หลักหก,13.96562,100.60259,เจ้าพระยา,ที่ราบแม่น้ำเจ้าพระยา,หลักหก,เมืองปทุมธานี,ปทุมธานี,ระดับน้ำ,ภาคกลาง,แชร์ข้อมูล,hourly_rain,True,True,True,True,True
BKK003,คลองมหาสวัสดิ บางกรวย-สวนผัก,13.79963,100.43866,เจ้าพระยา,ที่ราบแม่น้ำเจ้าพระยา,ตลิ่งชัน,ตลิ่งชัน,กรุงเทพมหานคร,ระดับน้ำ,กรุงเทพมหานคร,แชร์ข้อมูล,hourly_rain,True,True,True,True,True
BKK004,คลองทวีวัฒนา ท้ายปตร.ทวีวัฒนา,13.7956,100.33194,เจ้าพระยา,ที่ราบแม่น้ำเจ้าพระยา,ศาลาธรรมสพน์,ทวีวัฒนา,กรุงเทพมหานคร,ระดับน้ำ,กรุงเทพมหานคร,แชร์ข้อมูล,hourly_rain,True,True,True,True,True
BKK005,คลองภาษีเจริญ เพชรเกษม69,13.6916,100.38129,เจ้าพระยา,ที่ราบแม่น้ำเจ้าพระยา,หลักสอง,บางแค,กรุงเทพมหานคร,ระดับน้ำ,กรุงเทพมหานคร,แชร์ข้อมูล,hourly_rain,True,True,True,True,True
BKK006,คลองมหาชัย วัดพันท้ายนรสิงห์,13.58185,100.36583,ท่าจีน,ที่ราบแม่น้ำท่าจีน,พันท้ายนรสิงห์,เมืองสมุทรสาคร,สมุทรสาคร,ระดับน้ำ,ภาคกลาง,แชร์ข้อมูล,hourly_rain,True,True,True,True,True
BKK008,คลองแสนแสบ บางกะปิ,13.7613,100.616,เจ้าพระยา,ที่ราบแม่น้ำเจ้าพระยา,หัวหมาก,บางกะปิ,กรุงเทพมหานคร,ระดับน้ำ,กรุงเทพมหานคร,แชร์ข้อมูล,hourly_rain,True,True,True,True,True
BKK009,คลองลำปลาทิว ลาดกระบัง,13.74071,100.79468,บางปะกง,ที่ราบแม่น้ำบางปะกงส่วนที่ 2,ลาดกระบัง,ลาดกระบัง,กรุงเทพมหานคร,ระดับน้ำ,กรุงเทพมหานคร,แชร์ข้อมูล,hourly_rain,True,True,True,True,True
BKK012,คลองสำโรง บางเสาธง,13.58913,100.80249,บางปะกง,ที่ราบแม่น้ำบางปะกงส่วนที่ 2,บางเสาธง,บางเสาธง,สมุทรปราการ,ระดับน้ำ,ภาคกลาง,แชร์ข้อมูล,hourly_rain,True,True,True,True,True
BKK013,คลองระพีพัฒน์แยกใต้ หนองเสือ,14.22058,100.8917,เจ้าพระยา,ที่ราบแม่น้ำเจ้าพระยา,นพรัตน์,หนองเสือ,ปทุมธานี,ระดับน้ำ,ภาคกลาง,แชร์ข้อมูล,hourly_rain,True,True,True,True,True
BKK015,คลองหกวา ลำลูกกา คลอง8,13.94162,100.77497,บางปะกง,ที่ราบแม่น้ำบางปะกงส่วนที่ 1,ลำลูกกา,ลำลูกกา,ปทุมธานี,ระดับน้ำ,ภาคกลาง,แชร์ข้อมูล,hourly_rain,True,True,True,True,True
BKK016,ปากคลองพระองค์เจ้าฯ (บางน้ำเปรี้ยว),13.838244,100.96659,บางปะกง,ที่ราบแม่น้ำบางปะกงส่วนที่ 2,บางน้ำเปรี้ยว,บางน้ำเปรี้ยว,ฉะเชิงเทรา,ระดับน้ำ,ภาคกลาง,แชร์ข้อมูล,hourly_rain,True,True,True,True,True
BKK017,คลองจระเข้ใหญ่ บางเสาธง (วัดศรีวารีน้อย),13.66943,100.80058,บางปะกง,ที่ราบแม่น้ำบางปะกงส่วนที่ 2,ศีรษะจรเข้ใหญ่,บางเสาธง,สมุทรปราการ,ระดับน้ำ,ภาคกลาง,แชร์ข้อมูล,hourly_rain,True,True,True,True,True
BKK018,คลองพระพิมล (ไทรน้อย),13.97401,100.31902,เจ้าพระยา,ที่ราบแม่น้ำเจ้าพระยา,ไทรน้อย,ไทรน้อย,นนทบุรี,ระดับน้ำ,ภาคกลาง,แชร์ข้อมูล,hourly_rain,True,True,True,True,True
BKK019,คลองนราภิรมย์ (บางเลน),13.88211,100.29086,เจ้าพระยา,ที่ราบแม่น้ำเจ้าพระยา,นราภิรมย์,บางเลน,นครปฐม,ระดับน้ำ,ภาคกลาง,แชร์ข้อมูล,hourly_rain,True,True,True,True,True
BKK020,คลองลาดพร้าว ปากคลอง2สายใต้,13.93181,100.63951,บางปะกง,ที่ราบแม่น้ำบางปะกงส่วนที่ 1,ลาดพร้าว,ลาดพร้าว,กรุงเทพมหานคร,ระดับน้ำ,กรุงเทพมหานคร,แชร์ข้อมูล,hourly_rain,True,True,True,True,True
BKK021,คลองลาดพร้าว วัดบางบัว,13.854033,100.587265,เจ้าพระยา,ที่ราบแม่น้ำเจ้าพระยา,อนุสาวรีย์,บางเขน,กรุงเทพมหานคร,ระดับน้ำ,กรุงเทพมหานคร,แชร์ข้อมูล,hourly_rain,True,True,True,True,True
BKNH,อบต.ราษฎร์นิยม,14.10388,100.3221,เจ้าพระยา,ที่ราบแม่น้ำเจ้าพระยา,ราษฎร์นิยม,ไทรน้อย,นนทบุรี,น้ำฝน,ภาคกลาง,แชร์ข้อมูล,hourly_rain,True,True,True,True,True
BKUG,อบต.ตะคุ,14.7293005,101.98731,มูล,ลำพระเพลิง,ตะคุ,ปักธงชัย,นครราชสีมา,น้ำฝน,ภาคตะวันออกเฉียงเหนือ,แชร์ข้อมูล,hourly_rain,True,True,True,True,True
BKWN,อบต.บางขวัญ,13.749849,101.07749,บางปะกง,ที่ราบแม่น้ำบางปะกงส่วนที่ 2,บางขวัญ,เมืองฉะเชิงเทรา,ฉะเชิงเทรา,น้ำฝน,ภาคกลาง,แชร์ข้อมูล,hourly_rain,True,True,True,True,True
BLAT,ทต.บ้านลาด,13.04966,99.91618,เพชรบุรี-ประจวบคีรีขันธ์,แม่น้ำเพชรบุรีตอนล่าง,บ้านลาด,บ้านลาด,เพชรบุรี,น้ำฝน,ภาคกลาง,แชร์ข้อมูล,hourly_rain,True,True,True,True,True
BLKO,ทต.ท่าพริกเนินทราย,12.255151,102.55824,ชายฝั่งทะเลตะวันออก,ชายฝั่งทะเลตะวันออก (ลุ่มน้ำสาขา 5),เนินทราย,เมืองตราด,ตราด,น้ำฝน,ภาคกลาง,แชร์ข้อมูล,hourly_rain,True,True,True,True,True
BLNG,อบต.บ้านแลง,12.700219,101.33472,ชายฝั่งทะเลตะวันออก,คลองใหญ่,บ้านแลง,เมืองระยอง,ระยอง,น้ำฝน,ภาคกลาง,แชร์ข้อมูล,hourly_rain,True,True,True,True,True
BLUG,สนามกีฬา อบต.ป่าคาหลวง,18.852869,100.435036,ยม,น้ำปี้,ป่าคาหลวง,บ้านหลวง,น่าน,น้ำฝน,ภาคเหนือ,แชร์ข้อมูล,hourly_rain,True,True,True,True,True
BMDG,อบต.นากะชะ,8.426952,99.44592,ภาคใต้ฝั่งตะวันออกตอนบน,แม่น้ำตาปีตอนบนส่วนที่ 2,นากะชะ,ฉวาง,นครศรีธรรมราช,น้ำฝน,ภาคใต้,แชร์ข้อมูล,hourly_rain,True,True,True,True,True
BMKN,ทต.สันติสุข,18.528969,98.82106,ปิง,แม่น้ำปิงส่วนที่ 2/4,สันติสุข,ดอยหล่อ,เชียงใหม่,น้ำฝน,ภาคเหนือ,แชร์ข้อมูล,hourly_rain,True,True,True,True,True
BMKO,อบต.ไม้ขาว,8.182022,98.298904,ภาคใต้ฝั่งตะวันตก,เกาะภูเก็ต,ไม้ขาว,ถลาง,ภูเก็ต,น้ำฝน,ภาคใต้,แชร์ข้อมูล,hourly_rain,True,True,True,True,True
BMNK,เทศบาลตำบลหอไกร,16.0501,100.37378,น่าน,แม่น้ำน่านตอนล่างส่วนที่ 2,หอไกร,บางมูลนาก,พิจิตร,น้ำฝน,ภาคเหนือ,แชร์ข้อมูล,hourly_rain,True,True,True,True,True
BMOD,เทศบาลตำบลเหนือ,16.425287,103.559715,ชี,ลำปาวตอนล่าง,เหนือ,เมืองกาฬสินธุ์,กาฬสินธุ์,น้ำฝน,ภาคตะวันออกเฉียงเหนือ,แชร์ข้อมูล,hourly_rain,True,True,True,True,True
BNAK,อบต.บ้านแมด,14.854486,105.32193,มูล,ลำโดมน้อย,บ้านแมด,บุณฑริก,อุบลราชธานี,น้ำฝน,ภาคตะวันออกเฉียงเหนือ,แชร์ข้อมูล,hourly_rain,True,True,True,True,True
BNAN,อบต.บ้านกิ่ว,18.086952,99.50411,วัง,น้ำแม่จาง,บ้านกิ่ว,แม่ทะ,ลำปาง,น้ำฝน,ภาคเหนือ,แชร์ข้อมูล,hourly_rain,True,True,True,True,True
BNGR,อบต.หนองไร่,13.001939,101.356445,ชายฝั่งทะเลตะวันออก,คลองใหญ่,หนองไร่,ปลวกแดง,ระยอง,น้ำฝน,ภาคกลาง,แชร์ข้อมูล,hourly_rain,True,True,True,True,True
BNHG,ทต.บ้านโฮ่ง,18.335297,98.818275,ปิง,น้ำแม่ลี้,บ้านโฮ่ง,บ้านโฮ่ง,ลำพูน,น้ำฝน,ภาคเหนือ,แชร์ข้อมูล,hourly_rain,True,True,True,True,True
BNHI,อบต.นาคำไฮ,17.261852,102.33818,ชี,ลำพะเนียง,นาคำไฮ,เมืองหนองบัวลำภู,หนองบัวลำภู,น้ำฝน,ภาคตะวันออกเฉียงเหนือ,แชร์ข้อมูล,hourly_rain,True,True,True,True,True
BNHO,อบต.โพธิ์ทอง,16.127357,104.115,ชี,ลำน้ำยัง,โพธิ์ทอง,เสลภูมิ,ร้อยเอ็ด,น้ำฝน,ภาคตะวันออกเฉียงเหนือ,แชร์ข้อมูล,hourly_rain,True,True,True,True,True
BNKE,อบต.พุ่มแก,16.908905,104.61866,โขงตะวันออกเฉียงเหนือ,ห้วยน้ำก่ำ,พุ่มแก,นาแก,นครพนม,น้ำฝน,ภาคตะวันออกเฉียงเหนือ,แชร์ข้อมูล,hourly_rain,True,True,True,True,True
BNKK,ทต.บ้านโคก,18.021082,101.06479,น่าน,น้ำปาด,บ้านโคก,บ้านโคก,อุตรดิตถ์,น้ำฝน,ภาคเหนือ,แชร์ข้อมูล,hourly_rain,True,True,True,True,True
BNKN,ทต.พลิ้ว,12.49996,102.14759,ชายฝั่งทะเลตะวันออก,แม่น้ำจันทบุรี,พลิ้ว,แหลมสิงห์,จันทบุรี,น้ำฝน,ภาคกลาง,แชร์ข้อมูล,hourly_rain,True,True,True,True,True
BNKP,อบต.หนองกง,14.694645,102.88828,มูล,ลำปะเทีย,หนองกง,นางรอง,บุรีรัมย์,น้ำฝน,ภาคตะวันออกเฉียงเหนือ,แชร์ข้อมูล,hourly_rain,True,True,True,True,True
BNLG,อบต.ขะยูง,15.12195,104.24135,มูล,ห้วยสำราญ,ขะยูง,อุทุมพรพิสัย,ศรีสะเกษ,น้ำฝน,ภาคตะวันออกเฉียงเหนือ,แชร์ข้อมูล,hourly_rain,True,True,True,True,True
BNMK,อบต.สวาท,16.18973,104.51632,มูล,ลำเซบายส่วนที่ 1,สวาท,เลิงนกทา,ยโสธร,น้ำฝน,ภาคตะวันออกเฉียงเหนือ,แชร์ข้อมูล,hourly_rain,True,True,True,True,True
BNPI,อบต.บ้านไผ่,16.11657,102.706726,ชี,ลำน้ำชีส่วนที่ 3,ในเมือง,บ้านไผ่,ขอนแก่น,น้ำฝน,ภาคตะวันออกเฉียงเหนือ,แชร์ข้อมูล,hourly_rain,True,True,True,True,True
BNPK,อบต.บางครก,13.19867,99.95056,เพชรบุรี-ประจวบคีรีขันธ์,แม่น้ำเพชรบุรีตอนล่าง,บางครก,บ้านแหลม,เพชรบุรี,น้ำฝน,ภาคกลาง,แชร์ข้อมูล,hourly_rain,True,True,True,True,True
BNPU,เทศบาลตำบลบ้านผือ,17.686718,102.47648,โขงตะวันออกเฉียงเหนือ,น้ำโมง,บ้านผือ,บ้านผือ,อุดรธานี,น้ำฝน,ภาคตะวันออกเฉียงเหนือ,แชร์ข้อมูล,hourly_rain,True,True,True,True,True
BNTK,อบต.ตากออก,17.060345,99.064995,ปิง,แม่น้ำปิงส่วนที่ 4/2,ตากออก,บ้านตาก,ตาก,น้ำฝน,ภาคเหนือ,แชร์ข้อมูล,hourly_rain,True,True,True,True,True
BNYM,อบต.นายม,15.861906,104.51559,มูล,ลำเซบายส่วนที่ 1,นายม,เมืองอำนาจเจริญ,อำนาจเจริญ,น้ำฝน,ภาคตะวันออกเฉียงเหนือ,แชร์ข้อมูล,hourly_rain,True,True,True,True,True
BOKA,ทต.บ่อเกลือใต้,19.079876,101.15388,น่าน,น้ำว้า,บ่อเกลือใต้,บ่อเกลือ,น่าน,น้ำฝน,ภาคเหนือ,แชร์ข้อมูล,hourly_rain,True,True,True,True,True
BOP1,อบต.บ่อพลอย,14.304529,99.50887,แม่กลอง,ห้วยตะเพิน,บ่อพลอย,บ่อพลอย,กาญจนบุรี,น้ำฝน,ภาคกลาง,แชร์ข้อมูล,hourly_rain,True,True,True,True,True
BPGD,อบต.เขากระปุก,12.71989,99.73543,เพชรบุรี-ประจวบคีรีขันธ์,แม่น้ำเพชรบุรีตอนบน,เขากระปุก,ท่ายาง,เพชรบุรี,น้ำฝน,ภาคกลาง,แชร์ข้อมูล,hourly_rain,True,True,True,True,True
BPIA,อบต.ท่าสะอาด,17.49028,101.93206,โขงตะวันออกเฉียงเหนือ,ห้วยน้ำปวน,ท่าสะอาด,นาด้วง,เลย,น้ำฝน,ภาคตะวันออกเฉียงเหนือ,แชร์ข้อมูล,hourly_rain,True,True,True,True,True
BPK001,บางปะกง,13.54899,101.00111,บางปะกง,ที่ราบแม่น้ำบางปะกงส่วนที่ 2,ท่าสะอ้าน,บางปะกง,ฉะเชิงเทรา,ระดับน้ำ,ภาคกลาง,แชร์ข้อมูล,hourly_rain,True,True,True,True,True
BPK003,บางน้ำเปรี้ยว,13.870314,101.145744,บางปะกง,ที่ราบแม่น้ำบางปะกงส่วนที่ 1,บางขนาก,บางน้ำเปรี้ยว,ฉะเชิงเทรา,ระดับน้ำ,ภาคกลาง,แชร์ข้อมูล,hourly_rain,True,True,True,True,True
BPK004,พนมสารคาม,13.726651,101.35296,บางปะกง,คลองท่าลาด,เกาะขนุน,พนมสารคาม,ฉะเชิงเทรา,ระดับน้ำ,ภาคกลาง,แชร์ข้อมูล,hourly_rain,True,True,True,True,True
BPLA,อบต.เขาไชยราช,10.94428,99.29769,ภาคใต้ฝั่งตะวันออกตอนบน,คลองท่าตะเภา ( ลุ่มน้ำสาขา ),เขาไชยราช,ปะทิว,ชุมพร,น้ำฝน,ภาคใต้,แชร์ข้อมูล,hourly_rain,True,True,True,True,True
BPPS,อบต.บางตาหงาย,15.93716,99.99172,ปิง,แม่น้ำปิงตอนล่าง,บางตาหงาย,บรรพตพิสัย,นครสวรรค์,น้ำฝน,ภาคเหนือ,แชร์ข้อมูล,hourly_rain,True,True,True,True,True
BPTG,อบต.หินดาด,14.615061,98.72973,แม่กลอง,แม่น้ำแควน้อยตอนบนส่วนที่ 2,หินดาด,ทองผาภูมิ,กาญจนบุรี,น้ำฝน,ภาคกลาง,แชร์ข้อมูล,hourly_rain,True,True,True,True,True
BPUG,อบต.บ้านผึ้ง,17.351482,104.620384,โขงตะวันออกเฉียงเหนือ,แม่น้ำโขงส่วนที่ 8,บ้านผึ้ง,เมืองนครพนม,นครพนม,น้ำฝน,ภาคตะวันออกเฉียงเหนือ,แชร์ข้อมูล,hourly_rain,True,True,True,True,True
BPUN,ทต.ศรีสงคราม,17.626986,104.26147,โขงตะวันออกเฉียงเหนือ,แม่น้ำสงครามตอนล่างส่วนที่ 4,ศรีสงคราม,ศรีสงคราม,นครพนม,น้ำฝน,ภาคตะวันออกเฉียงเหนือ,แชร์ข้อมูล,hourly_rain,True,True,True,True,True
BRKM,ทต.บางระกำเมืองใหม่,16.748913,100.090324,ยม,แม่น้ำยมตอนล่างส่วนที่ 4,บางระกำ,บางระกำ,พิษณุโลก,น้ำฝน,ภาคเหนือ,แชร์ข้อมูล,hourly_rain,True,True,True,True,True
BSBA,อบต.ควนสุบรรณ,8.881527,99.38226,ภาคใต้ฝั่งตะวันออกตอนบน,แม่น้ำตาปีตอนล่างส่วนที่ 2,ลำพูน,บ้านนาสาร,สุราษฎร์ธานี,น้ำฝน,ภาคใต้,แชร์ข้อมูล,hourly_rain,True,True,True,True,True
BSCL,อบต.ศรีจุฬา,14.070061,101.137924,บางปะกง,แม่น้ำนครนายก,ศรีจุฬา,เมืองนครนายก,นครนายก,น้ำฝน,ภาคกลาง,แชร์ข้อมูล,hourly_rain,True,True,True,True,True
BSDE,ทต.ไชยมงคล,14.837475,102.06884,มูล,ลำพระเพลิง,ไชยมงคล,เมืองนครราชสีมา,นครราชสีมา,น้ำฝน,ภาคตะวันออกเฉียงเหนือ,แชร์ข้อมูล,hourly_rain,True,True,True,True,True
BSIK,อบต.เขาหลวง,17.317413,101.63532,โขงตะวันออกเฉียงเหนือ,แม่น้ำเลยตอนล่างส่วนที่ 2,เขาหลวง,วังสะพุง,เลย,น้ำฝน,ภาคตะวันออกเฉียงเหนือ,แชร์ข้อมูล,hourly_rain,True,True,True,True,True
BSKJ,อบต.ละหานทราย,14.395698,102.84723,มูล,ลำนางรอง,ละหานทราย,ละหานทราย,บุรีรัมย์,น้ำฝน,ภาคตะวันออกเฉียงเหนือ,แชร์ข้อมูล,hourly_rain,True,True,True,True,True
BSMP,อบต.บึงสามพัน,15.778085,101.02093,ป่าสัก,แม่น้ำป่าสักส่วนที่ 3/1,บึงสามพัน,บึงสามพัน,เพชรบูรณ์,น้ำฝน,ภาคเหนือ,แชร์ข้อมูล,hourly_rain,True,True,True,True,True
BSP002,คลองขนาน,11.24043,99.43525,เพชรบุรี-ประจวบคีรีขันธ์,คลองบางสะพานใหญ่,ร่อนทอง,บางสะพาน,ประจวบคีรีขันธ์,ระดับน้ำ,ภาคกลาง,แชร์ข้อมูล,hourly_rain,True,True,True,True,True
BSPN,ทต.บางสะพานน้อย,11.07619,99.44528,เพชรบุรี-ประจวบคีรีขันธ์,ชายฝั่งทะเลประจวบคีรีขันธ์ส่วนที่ 2,บางสะพาน,บางสะพานน้อย,ประจวบคีรีขันธ์,น้ำฝน,ภาคกลาง,แชร์ข้อมูล,hourly_rain,True,True,True,True,True
BST1,อบต.ศีรษะจรเข้น้อย,13.67773,100.79448,บางปะกง,ที่ราบแม่น้ำบางปะกงส่วนที่ 2,ศีรษะจรเข้น้อย,บางเสาธง,สมุทรปราการ,น้ำฝน,ภาคกลาง,แชร์ข้อมูล,hourly_rain,True,True,True,True,True
BSUM,อบต.สัมฤทธิ์,15.212073,102.4462,มูล,ลำน้ำมูลตอนบนส่วนที่ 5,สัมฤทธิ์,พิมาย,นครราชสีมา,น้ำฝน,ภาคตะวันออกเฉียงเหนือ,แชร์ข้อมูล,hourly_rain,True,True,True,True,True
BSVT,ทต.ร่อนทอง,11.26331,99.43817,เพชรบุรี-ประจวบคีรีขันธ์,คลองบางสะพานใหญ่,ร่อนทอง,บางสะพาน,ประจวบคีรีขันธ์,น้ำฝน,ภาคกลาง,แชร์ข้อมูล,hourly_rain,True,True,True,True,True
BTCH,ทต.ทับช้าง,13.234541,102.187355,บางปะกง,คลองพระสทึง,ทับช้าง,สอยดาว,จันทบุรี,น้ำฝน,ภาคกลาง,แชร์ข้อมูล,hourly_rain,True,True,True,True,True
BTGH,อบต.ยะรม,5.775882,101.092445,ภาคใต้ฝั่งตะวันออกตอนล่าง,แม่น้ำปัตตานีตอนบน,ยะรม,เบตง,ยะลา,น้ำฝน,ภาคใต้,แชร์ข้อมูล,hourly_rain,True,True,True,True,True
BTHI,ศูนย์อปพร. ทต.บ้านธิ,18.651766,99.11653,ปิง,น้ำแม่กวง,บ้านธิ,บ้านธิ,ลำพูน,น้ำฝน,ภาคเหนือ,แชร์ข้อมูล,hourly_rain,True,True,True,True,True
BTHO,อบต.หนองแปน,17.703592,103.435104,โขงตะวันออกเฉียงเหนือ,แม่น้ำสงครามตอนบน,หนองแปน,เจริญศิลป์,สกลนคร,น้ำฝน,ภาคตะวันออกเฉียงเหนือ,แชร์ข้อมูล,hourly_rain,True,True,True,True,True
BTTI,อบต.เทอดไทย,20.243357,99.66338,โขงเหนือ,น้ำแม่จัน,เทอดไทย,แม่ฟ้าหลวง,เชียงราย,น้ำฝน,ภาคเหนือ,แชร์ข้อมูล,hourly_rain,True,True,True,True,True
BTUD,อบต.ตาอุด,14.666736,104.27321,มูล,ห้วยสำราญ,ตาอุด,ขุขันธ์,ศรีสะเกษ,น้ำฝน,ภาคตะวันออกเฉียงเหนือ,แชร์ข้อมูล,hourly_rain,True,True,True,True,True
BTUM,ทม.บ้านทุ่ม,16.44443,102.725105,ชี,ลำน้ำชีส่วนที่ 3,บ้านทุ่ม,เมืองขอนแก่น,ขอนแก่น,น้ำฝน,ภาคตะวันออกเฉียงเหนือ,แชร์ข้อมูล,hourly_rain,True,True,True,True,True
BTWN,รร.วัดทายิการาม,8.082119,100.164276,ภาคใต้ฝั่งตะวันออกตอนบน,ภาคใต้ฝั่งตะวันออกส่วนที่ 4,การะเกด,เชียรใหญ่,นครศรีธรรมราช,น้ำฝน,ภาคใต้,แชร์ข้อมูล,hourly_rain,True,True,True,True,True
BUGN,ร.ร.บ้านอังโกน-ห้วยทราย,14.496074,102.247284,มูล,ลำแซะ,บ้านใหม่,ครบุรี,นครราชสีมา,น้ำฝน,ภาคตะวันออกเฉียงเหนือ,แชร์ข้อมูล,hourly_rain,True,True,True,True,True
BUKT,ทต.บูเก๊ะตา,5.848724,101.88031,ภาคใต้ฝั่งตะวันออกตอนล่าง,แม่น้ำโกลก,โละจูด,แว้ง,นราธิวาส,น้ำฝน,ภาคใต้,แชร์ข้อมูล,hourly_rain,True,True,True,True,True
BUSW,อบต.บึงกาฬ,18.364815,103.65407,โขงตะวันออกเฉียงเหนือ,แม่น้ำโขงส่วนที่ 7/2,บึงกาฬ,เมืองบึงกาฬ,บึงกาฬ,น้ำฝน,ภาคตะวันออกเฉียงเหนือ,แชร์ข้อมูล,hourly_rain,True,True,True,True,True
BWKG,อบต.บ้านไร่,16.610826,100.265785,น่าน,แม่น้ำวังทอง,บ้านไร่,บางกระทุ่ม,พิษณุโลก,น้ำฝน,ภาคเหนือ,แชร์ข้อมูล,hourly_rain,True,True,True,True,True
BYNU,ทต.ราไวย์,7.7708,98.31875,ภาคใต้ฝั่งตะวันตก,เกาะภูเก็ต,ราไวย์,เมืองภูเก็ต,ภูเก็ต,น้ำฝน,ภาคใต้,แชร์ข้อมูล,hourly_rain,True,True,True,True,True
CAN001,คลองระพีพัฒน์แยกตก,14.206145,100.744804,เจ้าพระยา,ที่ราบแม่น้ำเจ้าพระยา,คลองเจ็ด,คลองหลวง,ปทุมธานี,ระดับน้ำ,ภาคกลาง,แชร์ข้อมูล,hourly_rain,True,True,True,True,True
CATK,อบต.หนองหญ้า,13.983779,99.458275,แม่กลอง,แม่น้ำแควน้อยตอนล่างส่วนที่ 3,หนองหญ้า,เมืองกาญจนบุรี,กาญจนบุรี,น้ำฝน,ภาคกลาง,แชร์ข้อมูล,hourly_rain,True,True,True,True,True
CBUR,อบต.ชัยบุรี,8.450631,99.08303,ภาคใต้ฝั่งตะวันออกตอนบน,คลองอิปัน,ชัยบุรี,ชัยบุรี,สุราษฎร์ธานี,น้ำฝน,ภาคใต้,แชร์ข้อมูล,hourly_rain,True,True,True,True,True
CCSS,อบต.ท่าข้าม,10.620328,99.12831,ภาคใต้ฝั่งตะวันออกตอนบน,คลองท่าตะเภา ( ลุ่มน้ำสาขา ),ท่าข้าม,ท่าแซะ,ชุมพร,น้ำฝน,ภาคใต้,แชร์ข้อมูล,hourly_rain,True,True,True,True,True
CEHM,อบต.แจ้ห่ม,18.712288,99.58207,วัง,แม่น้ำวังตอนบน,แจ้ห่ม,แจ้ห่ม,ลำปาง,น้ำฝน,ภาคเหนือ,แชร์ข้อมูล,hourly_rain,True,True,True,True,True
CGDO,ทต.แม่นะ,19.341248,98.96132,ปิง,แม่น้ำปิงตอนบนส่วนที่ 1,แม่นะ,เชียงดาว,เชียงใหม่,น้ำฝน,ภาคเหนือ,แชร์ข้อมูล,hourly_rain,True,True,True,True,True
CGKG,ทต.เวียง,20.257412,100.402885,โขงเหนือ,แม่น้ำโขงตอนบนส่วนที่ 2,เวียง,เชียงของ,เชียงราย,น้ำฝน,ภาคเหนือ,แชร์ข้อมูล,hourly_rain,True,True,True,True,True
CGKM,ทต.หย่วน,19.52463,100.30101,โขงเหนือ,แม่ลาว,หย่วน,เชียงคำ,พะเยา,น้ำฝน,ภาคเหนือ,แชร์ข้อมูล,hourly_rain,True,True,True,True,True
CGMN,ทต.เชียงม่วน,18.893818,100.28784,ยม,น้ำปี้,เชียงม่วน,เชียงม่วน,พะเยา,น้ำฝน,ภาคเหนือ,แชร์ข้อมูล,hourly_rain,True,True,True,True,True
CGSN,ทต.โยนก,20.240055,100.0673,โขงเหนือ,น้ำแม่กกตอนล่างส่วนที่ 3,โยนก,เชียงแสน,เชียงราย,น้ำฝน,ภาคเหนือ,แชร์ข้อมูล,hourly_rain,True,True,True,True,True
CHAM,การประปา ทม.ชะอำ,12.78631,99.96016,เพชรบุรี-ประจวบคีรีขันธ์,แม่น้ำเพชรบุรีตอนบน,ชะอำ,ชะอำ,เพชรบุรี,น้ำฝน,ภาคกลาง,แชร์ข้อมูล,hourly_rain,True,True,True,True,True
CHAU01,คลองชะอวด,7.96633,99.99435,ภาคใต้ฝั่งตะวันออกตอนบน,ภาคใต้ฝั่งตะวันออกส่วนที่ 4,ชะอวด,ชะอวด,นครศรีธรรมราช,ระดับน้ำ,ภาคใต้,แชร์ข้อมูล,hourly_rain,True,True,True,True,True
CHHA,ทต.ช่อแฮ,18.088806,100.21212,ยม,แม่น้ำยมตอนกลางส่วนที่ 2,ช่อแฮ,เมืองแพร่,แพร่,น้ำฝน,ภาคเหนือ,แชร์ข้อมูล,hourly_rain,True,True,True,True,True
CHI001,บ้านเขว้า,15.933129,101.699524,ชี,ลำน้ำชีตอนบนส่วนที่ 2,ภูแลนคา,บ้านเขว้า,ชัยภูมิ,ระดับน้ำ,ภาคตะวันออกเฉียงเหนือ,แชร์ข้อมูล,hourly_rain,True,True,True,True,True
CHI003,เมืองชัยภูมิ,15.681611,102.00953,ชี,ลำน้ำชีส่วนที่ 2/2,บ้านค่าย,เมืองชัยภูมิ,ชัยภูมิ,ระดับน้ำ,ภาคตะวันออกเฉียงเหนือ,แชร์ข้อมูล,hourly_rain,True,True,True,True,True
CHI005,ชนบท,16.096876,102.57001,ชี,ลำน้ำชีส่วนที่ 3,ชนบท,ชนบท,ขอนแก่น,ระดับน้ำ,ภาคตะวันออกเฉียงเหนือ,แชร์ข้อมูล,hourly_rain,True,True,True,True,True
CHI006,เมืองขอนแก่น,16.325874,102.78599,ชี,ลำน้ำชีส่วนที่ 3,ท่าพระ,เมืองขอนแก่น,ขอนแก่น,ระดับน้ำ,ภาคตะวันออกเฉียงเหนือ,แชร์ข้อมูล,hourly_rain,True,True,True,True,True
CHI010,มหาชนะชัย,15.524874,104.24969,ชี,ลำน้ำชีตอนล่าง,ฟ้าหยาด,มหาชนะชัย,ยโสธร,ระดับน้ำ,ภาคตะวันออกเฉียงเหนือ,แชร์ข้อมูล,hourly_rain,True,True,True,True,True
CHI011,เขื่องใน,15.322514,104.546524,ชี,ลำน้ำชีตอนล่าง,เขื่องใน,เขื่องใน,อุบลราชธานี,ระดับน้ำ,ภาคตะวันออกเฉียงเหนือ,แชร์ข้อมูล,hourly_rain,True,True,True,True,True
CHI012,เมืองมหาสารคาม,16.2323,103.27108,ชี,ลำน้ำชีส่วนที่ 4/1,เกิ้ง,เมืองมหาสารคาม,มหาสารคาม,ระดับน้ำ,ภาคตะวันออกเฉียงเหนือ,แชร์ข้อมูล,hourly_rain,True,True,True,True,True
CHI013,ยางตลาด,16.411118,103.46708,ชี,ลำปาวตอนล่าง,ดอนสมบูรณ์,ยางตลาด,กาฬสินธุ์,ระดับน้ำ,ภาคตะวันออกเฉียงเหนือ,แชร์ข้อมูล,hourly_rain,True,True,True,True,True
CHI015,สะพานฉลองขอนแก่น 200 ปี,16.528978,102.906006,ชี,ลำน้ำพองตอนล่างส่วนที่ 1,หนองตูม,เมืองขอนแก่น,ขอนแก่น,ระดับน้ำ,ภาคตะวันออกเฉียงเหนือ,แชร์ข้อมูล,hourly_rain,True,True,True,True,True
CHK001,บ่อดินขาว,15.169025,100.41475,เจ้าพระยา,ที่ราบแม่น้ำเจ้าพระยา,ช่องแค,ตาคลี,นครสวรรค์,ระดับน้ำ,ภาคเหนือ,แชร์ข้อมูล,hourly_rain,True,True,True,True,True
CHK002,เขาวง,15.181726,100.41456,เจ้าพระยา,ที่ราบแม่น้ำเจ้าพระยา,ช่องแค,ตาคลี,นครสวรรค์,ระดับน้ำ,ภาคเหนือ,แชร์ข้อมูล,hourly_rain,True,True,True,True,True
CHKG,อบต.ช่างเคิ่ง,18.506681,98.35237,ปิง,น้ำแม่แจ่มตอนล่าง,ช่างเคิ่ง,แม่แจ่ม,เชียงใหม่,น้ำฝน,ภาคเหนือ,แชร์ข้อมูล,hourly_rain,True,True,True,True,True
CHM001,สันทราย,19.009766,98.95976,ปิง,แม่น้ำปิงส่วนที่ 2/1,แม่แฝก,สันทราย,เชียงใหม่,ระดับน้ำ,ภาคเหนือ,แชร์ข้อมูล,hourly_rain,True,True,True,True,True
CHM002,ฮอด,18.178593,98.630165,ปิง,แม่น้ำปิงส่วนที่ 3/3,หางดง,ฮอด,เชียงใหม่,ระดับน้ำ,ภาคเหนือ,แชร์ข้อมูล,hourly_rain,True,True,True,True,True
CHM003,แม่อาย,20.061007,99.36204,โขงเหนือ,น้ำแม่กกตอนล่างส่วนที่ 1,ท่าตอน,แม่อาย,เชียงใหม่,ระดับน้ำ,ภาคเหนือ,แชร์ข้อมูล,hourly_rain,True,True,True,True,True
CHM004,เชียงดาว,19.367287,98.96888,ปิง,แม่น้ำปิงตอนบนส่วนที่ 1,เชียงดาว,เชียงดาว,เชียงใหม่,ระดับน้ำ,ภาคเหนือ,แชร์ข้อมูล,hourly_rain,True,True,True,True,True
CHM005,แม่แตง,19.122065,98.94449,ปิง,แม่น้ำแม่แตง,สันมหาพน,แม่แตง,เชียงใหม่,ระดับน้ำ,ภาคเหนือ,แชร์ข้อมูล,hourly_rain,True,True,True,True,True
CHM007,ฝาง,19.856165,99.19555,โขงเหนือ,น้ำแม่ฝาง,แม่สูน,ฝาง,เชียงใหม่,ระดับน้ำ,ภาคเหนือ,แชร์ข้อมูล,hourly_rain,True,True,True,True,True
CHN001,เมืองจันทบุรี,12.6135845,102.11407,ชายฝั่งทะเลตะวันออก,แม่น้ำจันทบุรี,จันทนิมิต,เมืองจันทบุรี,จันทบุรี,ระดับน้ำ,ภาคกลาง,แชร์ข้อมูล,hourly_rain,True,True,True,True,True
CHN004,แก่งหางแมว,12.986792,101.89965,ชายฝั่งทะเลตะวันออก,คลองโตนด,แก่งหางแมว,แก่งหางแมว,จันทบุรี,ระดับน้ำ,ภาคกลาง,แชร์ข้อมูล,hourly_rain,True,True,True,True,True
CHN005,นายายอาม,12.722445,101.95603,ชายฝั่งทะเลตะวันออก,คลองโตนด,วังใหม่,นายายอาม,จันทบุรี,ระดับน้ำ,ภาคกลาง,แชร์ข้อมูล,hourly_rain,True,True,True,True,True
CHNA,อบต.สินปุน,8.252179,99.274506,ภาคใต้ฝั่งตะวันออกตอนบน,คลองสินปุน,สินปุน,เขาพนม,กระบี่,น้ำฝน,ภาคใต้,แชร์ข้อมูล,hourly_rain,True,True,True,True,True
CHPA,อบต.จอมพระ,15.113833,103.6104,มูล,ลำน้ำมูลส่วนที่ 2/5,จอมพระ,จอมพระ,สุรินทร์,น้ำฝน,ภาคตะวันออกเฉียงเหนือ,แชร์ข้อมูล,hourly_rain,True,True,True,True,True
CHR001,เมืองเชียงราย,19.826336,99.778946,โขงเหนือ,น้ำแม่ลาวส่วนที่ 2,ป่าอ้อดอนชัย,เมืองเชียงราย,เชียงราย,ระดับน้ำ,ภาคเหนือ,แชร์ข้อมูล,hourly_rain,True,True,True,True,True
CHR002,เทิง,19.688295,100.18755,โขงเหนือ,แม่น้ำอิงตอนล่าง,เวียง,เทิง,เชียงราย,ระดับน้ำ,ภาคเหนือ,แชร์ข้อมูล,hourly_rain,True,True,True,True,True
CHR003,แม่จัน,20.157526,99.85968,โขงเหนือ,น้ำแม่จัน,แม่จัน,แม่จัน,เชียงราย,ระดับน้ำ,ภาคเหนือ,แชร์ข้อมูล,hourly_rain,True,True,True,True,True
CHR004,แม่สรวย,19.652618,99.53791,โขงเหนือ,น้ำแม่ลาวส่วนที่ 1,แม่สรวย,แม่สรวย,เชียงราย,ระดับน้ำ,ภาคเหนือ,แชร์ข้อมูล,hourly_rain,True,True,True,True,True
CHR005,เชียงแสน,20.219673,100.12119,โขงเหนือ,น้ำแม่กกตอนล่างส่วนที่ 3,โยนก,เชียงแสน,เชียงราย,ระดับน้ำ,ภาคเหนือ,แชร์ข้อมูล,hourly_rain,True,True,True,True,True
CHR007,ห้วยผาตั้ง,19.97528,100.48371,โขงเหนือ,แม่น้ำโขงส่วนที่ 2,ปอ,เวียงแก่น,เชียงราย,ระดับน้ำ,ภาคเหนือ,แชร์ข้อมูล,hourly_rain,True,True,True,True,True
CHTG,อบต.เจาทอง,15.906904,101.42754,ชี,ลำน้ำชีตอนบนส่วนที่ 2,เจาทอง,ภักดีชุมพล,ชัยภูมิ,น้ำฝน,ภาคตะวันออกเฉียงเหนือ,แชร์ข้อมูล,hourly_rain,True,True,True,True,True
CHUN,ทต.ห้วยข้าวก่ำ,19.350126,100.13949,โขงเหนือ,แม่น้ำอิงตอนกลางส่วนที่ 2,ห้วยข้าวก่ำ,จุน,พะเยา,น้ำฝน,ภาคเหนือ,แชร์ข้อมูล,hourly_rain,True,True,True,True,True
CIHO,อบต.บูกิต,6.199262,101.82708,ภาคใต้ฝั่งตะวันออกตอนล่าง,แม่น้ำบางนรา,บูกิต,เจาะไอร้อง,นราธิวาส,น้ำฝน,ภาคใต้,แชร์ข้อมูล,hourly_rain,True,True,True,True,True
CKLG,สำนักงานป้องกันและบรรเทาสาธารณภัย ทต.เชียงกลาง,19.287544,100.85821,น่าน,แม่น้ำน่านตอนบน,เชียงกลาง,เชียงกลาง,น่าน,น้ำฝน,ภาคเหนือ,แชร์ข้อมูล,hourly_rain,True,True,True,True,True
CLPK,อบต.ห้วยโก๋น,19.595148,101.08575,น่าน,แม่น้ำน่านตอนบน,ห้วยโก๋น,เฉลิมพระเกียรติ,น่าน,น้ำฝน,ภาคเหนือ,แชร์ข้อมูล,hourly_rain,True,True,True,True,True
CMKK,ทม.ทับกวาง,14.60883,101.07647,ป่าสัก,แม่น้ำป่าสักตอนล่างส่วนที่ 2,ทับกวาง,แก่งคอย,สระบุรี,น้ำฝน,ภาคกลาง,แชร์ข้อมูล,hourly_rain,True,True,True,True,True
CMP001,เมืองชุมพร,10.57441,99.145744,ภาคใต้ฝั่งตะวันออกตอนบน,คลองท่าตะเภา ( ลุ่มน้ำสาขา ),หาดพันไกร,เมืองชุมพร,ชุมพร,ระดับน้ำ,ภาคใต้,แชร์ข้อมูล,hourly_rain,True,True,True,True,True
CMP002,หลังสวน,9.953396,99.06441,ภาคใต้ฝั่งตะวันออกตอนบน,คลองหลังสวน,ขันเงิน,หลังสวน,ชุมพร,ระดับน้ำ,ภาคใต้,แชร์ข้อมูล,hourly_rain,True,True,True,True,True
CMSG,อบต.พิกุล,15.89841,100.30778,น่าน,แม่น้ำน่านตอนล่างส่วนที่ 2,พิกุล,ชุมแสง,นครสวรรค์,น้ำฝน,ภาคเหนือ,แชร์ข้อมูล,hourly_rain,True,True,True,True,True
CNDN,อบต.ชนแดน,16.179083,100.901665,น่าน,แม่น้ำน่านตอนล่างส่วนที่ 2,ชนแดน,ชนแดน,เพชรบูรณ์,น้ำฝน,ภาคเหนือ,แชร์ข้อมูล,hourly_rain,True,True,True,True,True
CPKC,ทต.ไชยปราการ,19.742264,99.14543,โขงเหนือ,น้ำแม่ฝาง,ปงตำ,ไชยปราการ,เชียงใหม่,น้ำฝน,ภาคเหนือ,แชร์ข้อมูล,hourly_rain,True,True,True,True,True
CPON,ทต.ชุมพร,16.368202,104.057785,ชี,ลำน้ำยัง,ชุมพร,เมยวดี,ร้อยเอ็ด,น้ำฝน,ภาคตะวันออกเฉียงเหนือ,แชร์ข้อมูล,hourly_rain,True,True,True,True,True
CPY001,สะพานเดชาติวงศ์,15.6885,100.12388,เจ้าพระยา,ที่ราบแม่น้ำเจ้าพระยา,ปากน้ำโพ,เมืองนครสวรรค์,นครสวรรค์,ระดับน้ำ,ภาคเหนือ,แชร์ข้อมูล,hourly_rain,True,True,True,True,True
CPY002,พยุหะคีรี,15.42658,100.1347,เจ้าพระยา,ที่ราบแม่น้ำเจ้าพระยา,ท่าน้ำอ้อย,พยุหะคีรี,นครสวรรค์,ระดับน้ำ,ภาคเหนือ,แชร์ข้อมูล,hourly_rain,True,True,True,True,True
CPY003,ปตร.มโนรมย์,15.32773,100.10913,เจ้าพระยา,ที่ราบแม่น้ำเจ้าพระยา,วัดโคก,มโนรมย์,ชัยนาท,ระดับน้ำ,ภาคกลาง,แชร์ข้อมูล,hourly_rain,True,True,True,True,True
CPY004,สะพานธรรมจักร(วัดธรรมามูล),15.25031,100.08348,เจ้าพระยา,ที่ราบแม่น้ำเจ้าพระยา,ธรรมามูล,เมืองชัยนาท,ชัยนาท,ระดับน้ำ,ภาคกลาง,แชร์ข้อมูล,hourly_rain,True,True,True,True,True
CPY005,สรรพยา,15.10905,100.26788,เจ้าพระยา,ที่ราบแม่น้ำเจ้าพระยา,โพนางดำออก,สรรพยา,ชัยนาท,ระดับน้ำ,ภาคกลาง,แชร์ข้อมูล,hourly_rain,True,True,True,True,True
CPY006,อินทร์บุรี,15.00598,100.33089,เจ้าพระยา,ที่ราบแม่น้ำเจ้าพระยา,อินทร์บุรี,อินทร์บุรี,สิงห์บุรี,ระดับน้ำ,ภาคกลาง,แชร์ข้อมูล,hourly_rain,True,True,True,True,True
CPY007,พรหมบุรี,14.7909,100.45184,เจ้าพระยา,ที่ราบแม่น้ำเจ้าพระยา,พรหมบุรี,พรหมบุรี,สิงห์บุรี,ระดับน้ำ,ภาคกลาง,แชร์ข้อมูล,hourly_rain,True,True,True,True,True
CPY008,เมืองอ่างทอง,14.5765,100.44847,เจ้าพระยา,ที่ราบแม่น้ำเจ้าพระยา,บางแก้ว,เมืองอ่างทอง,อ่างทอง,ระดับน้ำ,ภาคกลาง,แชร์ข้อมูล,hourly_rain,True,True,True,True,True
CPY009,คลองบางหลวง,14.41584,100.44073,เจ้าพระยา,ที่ราบแม่น้ำเจ้าพระยา,บางหลวงโดด,บางบาล,พระนครศรีอยุธยา,ระดับน้ำ,ภาคกลาง,แชร์ข้อมูล,hourly_rain,True,True,True,True,True
CPY010,คลองบางบาล,14.42307,100.48184,เจ้าพระยา,ที่ราบแม่น้ำเจ้าพระยา,ไทรน้อย,บางบาล,พระนครศรีอยุธยา,ระดับน้ำ,ภาคกลาง,แชร์ข้อมูล,hourly_rain,True,True,True,True,True
CPY011,พระนครศรีอยุธยา,14.36914,100.5286,เจ้าพระยา,ที่ราบแม่น้ำเจ้าพระยา,ภูเขาทอง,พระนครศรีอยุธยา,พระนครศรีอยุธยา,ระดับน้ำ,ภาคกลาง,แชร์ข้อมูล,hourly_rain,True,True,True,True,True
CPY012,บางปะอิน,14.3045,100.56649,เจ้าพระยา,ที่ราบแม่น้ำเจ้าพระยา,ขนอนหลวง,บางปะอิน,พระนครศรีอยุธยา,ระดับน้ำ,ภาคกลาง,แชร์ข้อมูล,hourly_rain,True,True,True,True,True
CPY013,บางไทร,14.11822,100.53533,เจ้าพระยา,ที่ราบแม่น้ำเจ้าพระยา,โพแตง,บางไทร,พระนครศรีอยุธยา,ระดับน้ำ,ภาคกลาง,แชร์ข้อมูล,hourly_rain,True,True,True,True,True
CPY014,สะพานนวลฉวี,13.947525,100.535034,เจ้าพระยา,ที่ราบแม่น้ำเจ้าพระยา,บ้านใหม่,ปากเกร็ด,นนทบุรี,ระดับน้ำ,ภาคกลาง,แชร์ข้อมูล,hourly_rain,True,True,True,True,True
CPY015,สะพานกรุงเทพ,13.700287,100.492805,เจ้าพระยา,ที่ราบแม่น้ำเจ้าพระยา,ดาวคะนอง,ธนบุรี,กรุงเทพมหานคร,ระดับน้ำ,กรุงเทพมหานคร,แชร์ข้อมูล,hourly_rain,True,True,True,True,True
CPY016,คลองพระยาบรรลือ,14.16481,100.30724,เจ้าพระยา,ที่ราบแม่น้ำเจ้าพระยา,สามเมือง,ลาดบัวหลวง,พระนครศรีอยุธยา,ระดับน้ำ,ภาคกลาง,แชร์ข้อมูล,hourly_rain,True,True,True,True,True
CPY017,เสนา,14.31973,100.37952,เจ้าพระยา,ที่ราบแม่น้ำเจ้าพระยา,เจ้าเสด็จ,เสนา,พระนครศรีอยุธยา,ระดับน้ำ,ภาคกลาง,แชร์ข้อมูล,hourly_rain,True,True,True,True,True
CSMO,อบต.ช่องสามหมอ,16.11673,102.231926,ชี,ห้วยสามหมอ,ช่องสามหมอ,แก้งคร้อ,ชัยภูมิ,น้ำฝน,ภาคตะวันออกเฉียงเหนือ,แชร์ข้อมูล,hourly_rain,True,True,True,True,True
CTKN,อบต.ป่าแดง,17.262218,100.57625,น่าน,แม่น้ำแควน้อยส่วนที่ 2,ป่าแดง,ชาติตระการ,พิษณุโลก,น้ำฝน,ภาคเหนือ,แชร์ข้อมูล,hourly_rain,True,True,True,True,True
DCCT,ทต.เด่นชัย,17.983648,100.05175,ยม,แม่น้ำยมตอนกลางส่วนที่ 2,เด่นชัย,เด่นชัย,แพร่,น้ำฝน,ภาคเหนือ,แชร์ข้อมูล,hourly_rain,True,True,True,True,True
DDSO,อบต.ไล่โว่,15.187621,98.47714,แม่กลอง,แม่น้ำแควน้อยตอนบนส่วนที่ 1,ไล่โว่,สังขละบุรี,กาญจนบุรี,น้ำฝน,ภาคกลาง,แชร์ข้อมูล,hourly_rain,True,True,True,True,True
DGSL,อบต.นาสวน,14.611389,99.125755,แม่กลอง,แม่น้ำแควใหญ่ตอนล่างส่วนที่ 1,นาสวน,ศรีสวัสดิ์,กาญจนบุรี,น้ำฝน,ภาคกลาง,แชร์ข้อมูล,hourly_rain,True,True,True,True,True
DITO,อบต.ดอยเต่า,17.915506,98.727905,ปิง,แม่น้ำปิงส่วนที่ 3/3,ดอยเต่า,ดอยเต่า,เชียงใหม่,น้ำฝน,ภาคเหนือ,แชร์ข้อมูล,hourly_rain,True,True,True,True,True
DIV001,คลองผันน้ำยม-น่าน1,17.36623,99.84369,ยม,แม่น้ำยมตอนล่างส่วนที่ 2,ในเมือง,สวรรคโลก,สุโขทัย,ระดับน้ำ,ภาคเหนือ,แชร์ข้อมูล,hourly_rain,True,True,True,True,True
DIV002,คลองผันน้ำยม-น่าน2,16.953888,100.12131,ยม,คลองบางแก้ว,ท่าช้าง,พรหมพิราม,พิษณุโลก,ระดับน้ำ,ภาคเหนือ,แชร์ข้อมูล,hourly_rain,True,True,True,True,True
DIV003,คลองผันน้ำยม-น่าน3,17.292522,100.07767,น่าน,แม่น้ำน่านส่วนที่ 4/2,คอรุม,พิชัย,อุตรดิตถ์,ระดับน้ำ,ภาคเหนือ,แชร์ข้อมูล,hourly_rain,True,True,True,True,True
DIV004,คลองผันน้ำยม-น่าน4,16.671724,100.24581,ยม,แม่น้ำยมตอนล่างส่วนที่ 5,งิ้วงาม,เมืองพิษณุโลก,พิษณุโลก,ระดับน้ำ,ภาคเหนือ,แชร์ข้อมูล,hourly_rain,True,True,True,True,True
DIV005,ท่อทองแดง1,16.4971,99.51961,ปิง,แม่น้ำปิงส่วนที่ 4/5,หนองปลิง,เมืองกำแพงเพชร,กำแพงเพชร,ระดับน้ำ,ภาคเหนือ,แชร์ข้อมูล,hourly_rain,True,True,True,True,True
DIWO,ทต.เวียงพางคำ,20.403551,99.88573,โขงเหนือ,แม่น้ำโขงตอนบนส่วนที่ 1,เวียงพางคำ,แม่สาย,เชียงราย,น้ำฝน,ภาคเหนือ,แชร์ข้อมูล,hourly_rain,True,True,True,True,True
DKLG,อบต.ดอนฉิมพลี,13.905311,100.970314,บางปะกง,ที่ราบแม่น้ำบางปะกงส่วนที่ 1,ดอนฉิมพลี,บางน้ำเปรี้ยว,ฉะเชิงเทรา,น้ำฝน,ภาคกลาง,แชร์ข้อมูล,hourly_rain,True,True,True,True,True
DKMU,อบต.ปางหมู,19.333818,97.96569,สาละวิน,น้ำแม่ปายตอนล่างส่วนที่ 2,ปางหมู,เมืองแม่ฮ่องสอน,แม่ฮ่องสอน,น้ำฝน,ภาคเหนือ,แชร์ข้อมูล,hourly_rain,True,True,True,True,True
DKTI,อบต.แม่อิง,19.224983,99.99362,โขงเหนือ,แม่น้ำอิงตอนกลางส่วนที่ 1,แม่อิง,ภูกามยาว,พะเยา,น้ำฝน,ภาคเหนือ,แชร์ข้อมูล,hourly_rain,True,True,True,True,True
DMKH,อบต.ด่านม่วงคำ,17.07915,104.32593,โขงตะวันออกเฉียงเหนือ,ห้วยน้ำก่ำ,ด่านม่วงคำ,โคกศรีสุพรรณ,สกลนคร,น้ำฝน,ภาคตะวันออกเฉียงเหนือ,แชร์ข้อมูล,hourly_rain,True,True,True,True,True
DMS001,อ่างเก็บน้ำห้วยแม่ปะยาง,17.773138,99.41834,ยม,แม่น้ำยมตอนล่างส่วนที่ 1,สรอย,วังชิ้น,แพร่,ระดับน้ำ,ภาคเหนือ,แชร์ข้อมูล,hourly_rain,True,True,True,True,True
DNCM,อบต.ดอนชะเอม,13.961974,99.80397,ท่าจีน,ที่ราบแม่น้ำท่าจีน,ดอนชะเอม,ท่ามะกา,กาญจนบุรี,น้ำฝน,ภาคกลาง,แชร์ข้อมูล,hourly_rain,True,True,True,True,True
DNP034,ต้นน้ำห้วยมัด,19.009727,100.967316,น่าน,น้ำยาว (2),อวน,ปัว,น่าน,น้ำฝน,ภาคเหนือ,แชร์ข้อมูล,hourly_rain,True,True,True,True,True
DNP035,สะพานห้วยต้อ บ้านทุ่งกลาง,19.016588,100.9343,น่าน,น้ำยาว (2),อวน,ปัว,น่าน,ระดับน้ำ,ภาคเหนือ,แชร์ข้อมูล,hourly_rain,True,True,True,True,True
DOCI,ทต.ทาสบเส้า,18.465405,99.12672,ปิง,น้ำแม่กวง,ทาสบเส้า,แม่ทา,ลำพูน,น้ำฝน,ภาคเหนือ,แชร์ข้อมูล,hourly_rain,True,True,True,True,True
DSKT,ทต.ดอยสะเก็ด,18.864765,99.13231,ปิง,น้ำแม่กวง,เชิงดอย,ดอยสะเก็ด,เชียงใหม่,น้ำฝน,ภาคเหนือ,แชร์ข้อมูล,hourly_rain,True,True,True,True,True
DTAN,ทต.ดอนตาล,16.3184,104.918945,โขงตะวันออกเฉียงเหนือ,แม่น้ำโขงตอนล่าง,ดอนตาล,ดอนตาล,มุกดาหาร,น้ำฝน,ภาคตะวันออกเฉียงเหนือ,แชร์ข้อมูล,hourly_rain,True,True,True,True,True
FANG,อบต.เวียง,19.940186,99.22089,โขงเหนือ,น้ำแม่ฝาง,เวียง,ฝาง,เชียงใหม่,น้ำฝน,ภาคเหนือ,แชร์ข้อมูล,hourly_rain,True,True,True,True,True
FOP001,ชุมชนบ้านร้องแง,19.174877,100.936386,น่าน,แม่น้ำน่านตอนบน,วรนคร,ปัว,น่าน,น้ำฝน,ภาคเหนือ,แชร์ข้อมูล,hourly_rain,True,True,True,True,True
FOP002,รร.ภูคาวิทยาคม,19.228106,101.06262,น่าน,แม่น้ำน่านตอนบน,ภูคา,ปัว,น่าน,น้ำฝน,ภาคเหนือ,แชร์ข้อมูล,hourly_rain,True,True,True,True,True
FOP003,อุทยานแห่งชาติดอยภูคา,19.203976,101.07765,น่าน,แม่น้ำน่านตอนบน,ภูคา,ปัว,น่าน,น้ำฝน,ภาคเหนือ,แชร์ข้อมูล,hourly_rain,True,True,True,True,True
FOP004,รร.พนาสวรรค์,19.179783,101.04176,น่าน,แม่น้ำน่านตอนบน,ภูคา,ปัว,น่าน,น้ำฝน,ภาคเหนือ,แชร์ข้อมูล,hourly_rain,True,True,True,True,True
FOP005,ลำน้ำขว้าง (ฝายจ้าว),19.180199,100.959114,น่าน,แม่น้ำน่านตอนบน,ศิลาแลง,ปัว,น่าน,ระดับน้ำ,ภาคเหนือ,แชร์ข้อมูล,hourly_rain,True,True,True,True,True
FOP006,จุดชมวิว 1715,19.174751,101.10609,น่าน,แม่น้ำน่านตอนบน,ภูคา,ปัว,น่าน,น้ำฝน,ภาคเหนือ,แชร์ข้อมูล,hourly_rain,True,True,True,True,True
FOP007,บ้านผาเวียง,19.157888,101.02501,น่าน,แม่น้ำน่านตอนบน,ภูคา,ปัว,น่าน,น้ำฝน,ภาคเหนือ,แชร์ข้อมูล,hourly_rain,True,True,True,True,True
FOP008,ลำน้ำกูน,19.148952,100.9464,น่าน,แม่น้ำน่านตอนบน,ศิลาแลง,ปัว,น่าน,ระดับน้ำ,ภาคเหนือ,แชร์ข้อมูล,hourly_rain,True,True,True,True,True
FOP009,รร.บ้านปางยาง,19.1356,100.9964,น่าน,แม่น้ำน่านตอนบน,ภูคา,ปัว,น่าน,น้ำฝน,ภาคเหนือ,แชร์ข้อมูล,hourly_rain,True,True,True,True,True
FOP010,อ่างเก็บน้ำห้วยยาง,18.9449,100.9552,น่าน,น้ำยาว (2),ป่าแลวหลวง,สันติสุข,น่าน,น้ำฝน,ภาคเหนือ,แชร์ข้อมูล,hourly_rain,True,True,True,True,True
FOP011,สะพานน้ำมวบ (บ้านภูแยง),18.923967,100.92671,น่าน,น้ำยาว (2),ดู่พงษ์,สันติสุข,น่าน,ระดับน้ำ,ภาคเหนือ,แชร์ข้อมูล,hourly_rain,True,True,True,True,True
FOP012,รร.บ้านปางช้าง,18.893526,101.022865,น่าน,น้ำยาว (2),ป่าแลวหลวง,สันติสุข,น่าน,น้ำฝน,ภาคเหนือ,แชร์ข้อมูล,hourly_rain,True,True,True,True,True
FOP013,บ้านตอง,18.846592,101.0289,น่าน,น้ำยาว (2),แม่จริม,แม่จริม,น่าน,ระดับน้ำ,ภาคเหนือ,แชร์ข้อมูล,hourly_rain,True,True,True,True,True
FOP014,สะพานลำน้ำยาม,17.594927,103.96947,โขงตะวันออกเฉียงเหนือ,ห้วยน้ำยาม,อากาศ,อากาศอำนวย,สกลนคร,ระดับน้ำ,ภาคตะวันออกเฉียงเหนือ,แชร์ข้อมูล,hourly_rain,True,True,True,True,True
FOP015,ลำน้ำกวงสะพานศรีดอนชัย,18.653326,99.06441,ปิง,น้ำแม่กวง,บ้านธิ,บ้านธิ,ลำพูน,ระดับน้ำ,ภาคเหนือ,แชร์ข้อมูล,hourly_rain,True,True,True,True,True
FOP016,ลำน้ำสานบ้านทุ่งยาวเหนือ,18.511889,99.07725,ปิง,น้ำแม่กวง,ศรีบัวบาน,เมืองลำพูน,ลำพูน,ระดับน้ำ,ภาคเหนือ,แชร์ข้อมูล,hourly_rain,True,True,True,True,True
FOP017,บ้านหนองแดง,19.131044,98.31791,ปิง,น้ำแม่แจ่มตอนบน,บ้านจันทร์,กัลยาณิวัฒนา,เชียงใหม่,น้ำฝน,ภาคเหนือ,แชร์ข้อมูล,hourly_rain,True,True,True,True,True
FOP018,บ้านขุนแม่ละอุปหมู่ที่ 3,19.040228,98.20028,ปิง,น้ำแม่แจ่มตอนบน,แจ่มหลวง,กัลยาณิวัฒนา,เชียงใหม่,น้ำฝน,ภาคเหนือ,แชร์ข้อมูล,hourly_rain,True,True,True,True,True
FOP019,คลองสรอย วัดแม่ขมวก,17.774937,99.469345,ยม,แม่น้ำยมตอนล่างส่วนที่ 1,สรอย,วังชิ้น,แพร่,ระดับน้ำ,ภาคเหนือ,แชร์ข้อมูล,hourly_rain,True,True,True,True,True
FOP020,ประปาหมู่บ้านมหาราช,17.744726,100.00751,น่าน,แม่น้ำน่านส่วนที่ 4/2,แม่พูล,ลับแล,อุตรดิตถ์,น้ำฝน,ภาคเหนือ,แชร์ข้อมูล,hourly_rain,True,True,True,True,True
FOP021,น้ำตกแม่พูล,17.729137,99.978004,น่าน,แม่น้ำน่านส่วนที่ 4/2,แม่พูล,ลับแล,อุตรดิตถ์,น้ำฝน,ภาคเหนือ,แชร์ข้อมูล,hourly_rain,True,True,True,True,True
FOP022,สะพานวัดมงคลร่วมใจ (บ้านวังสาร),16.670525,100.3279,น่าน,แม่น้ำวังทอง,ท่าตาล,บางกระทุ่ม,พิษณุโลก,ระดับน้ำ,ภาคเหนือ,แชร์ข้อมูล,hourly_rain,True,True,True,True,True
FOP023,รร.บ้านข้าวแป้ง,17.689241,103.946594,โขงตะวันออกเฉียงเหนือ,ห้วยน้ำยาม,วาใหญ่,อากาศอำนวย,สกลนคร,น้ำฝน,ภาคตะวันออกเฉียงเหนือ,แชร์ข้อมูล,hourly_rain,True,True,True,True,True
FOP024,รร.บ้านวาน้อย,17.622486,103.93653,โขงตะวันออกเฉียงเหนือ,ห้วยน้ำยาม,วาใหญ่,อากาศอำนวย,สกลนคร,น้ำฝน,ภาคตะวันออกเฉียงเหนือ,แชร์ข้อมูล,hourly_rain,True,True,True,True,True
FOP025,สะพานบางไตประชาบริรักษ์,9.282469,98.876945,ภาคใต้ฝั่งตะวันออกตอนบน,คลองพุมดวงตอนล่าง,ตะกุกเหนือ,วิภาวดี,สุราษฎร์ธานี,ระดับน้ำ,ภาคใต้,แชร์ข้อมูล,hourly_rain,True,True,True,True,True
FOP026,สะพานคลองพาย,9.155652,98.895035,ภาคใต้ฝั่งตะวันออกตอนบน,คลองพุมดวงตอนล่าง,น้ำหัก,คีรีรัฐนิคม,สุราษฎร์ธานี,ระดับน้ำ,ภาคใต้,แชร์ข้อมูล,hourly_rain,True,True,True,True,True
FOP027,พิพิธภัณฑ์ธรรมชาติจัดการน้ำชุมชนฯ บ้านปากซวด,8.900032,98.80356,ภาคใต้ฝั่งตะวันออกตอนบน,คลองสก,พะแสง,บ้านตาขุน,สุราษฎร์ธานี,น้ำฝน,ภาคใต้,แชร์ข้อมูล,hourly_rain,True,True,True,True,True
FOP028,สะพานทางเข้าชุมชนบ้านปากซวด,8.889668,98.82031,ภาคใต้ฝั่งตะวันออกตอนบน,คลองสก,พะแสง,บ้านตาขุน,สุราษฎร์ธานี,ระดับน้ำ,ภาคใต้,แชร์ข้อมูล,hourly_rain,True,True,True,True,True
FOP029,สะพานบ้านสวนปราง,9.021295,99.63309,ภาคใต้ฝั่งตะวันออกตอนบน,ภาคใต้ฝั่งตะวันออกส่วนที่ 3,คลองสระ,กาญจนดิษฐ์,สุราษฎร์ธานี,ระดับน้ำ,ภาคใต้,แชร์ข้อมูล,hourly_rain,True,True,True,True,True
FOP030,สะพานข้ามคลองหวาด,8.935919,99.60879,ภาคใต้ฝั่งตะวันออกตอนบน,ภาคใต้ฝั่งตะวันออกส่วนที่ 3,คลองสระ,กาญจนดิษฐ์,สุราษฎร์ธานี,ระดับน้ำ,ภาคใต้,แชร์ข้อมูล,hourly_rain,True,True,True,True,True
FOP031,น้ำตกปลิว,8.162655,99.75936,ภาคใต้ฝั่งตะวันตก,แม่น้ำตรัง,ถ้ำใหญ่,ทุ่งสง,นครศรีธรรมราช,น้ำฝน,ภาคใต้,แชร์ข้อมูล,hourly_rain,True,True,True,True,True
FOP032,ไร่ วงศ์ ทอง เมฆ ดี,8.090261,99.73887,ภาคใต้ฝั่งตะวันตก,แม่น้ำตรัง,ที่วัง,ทุ่งสง,นครศรีธรรมราช,น้ำฝน,ภาคใต้,แชร์ข้อมูล,hourly_rain,True,True,True,True,True
FOP033,ที่ทำการอุทยานแห่งชาติน้ำตกโยง,8.172459,99.74128,ภาคใต้ฝั่งตะวันตก,แม่น้ำตรัง,ถ้ำใหญ่,ทุ่งสง,นครศรีธรรมราช,น้ำฝน,ภาคใต้,แชร์ข้อมูล,hourly_rain,True,True,True,True,True
FOP034,ฝายคลองเปิก,8.193909,99.73483,ภาคใต้ฝั่งตะวันตก,แม่น้ำตรัง,ถ้ำใหญ่,ทุ่งสง,นครศรีธรรมราช,น้ำฝน,ภาคใต้,แชร์ข้อมูล,hourly_rain,True,True,True,True,True
FOP035,สะพานข้ามคลองวังเคียน,7.9545655,99.896324,ภาคใต้ฝั่งตะวันออกตอนบน,ภาคใต้ฝั่งตะวันออกส่วนที่ 4,วังอ่าง,ชะอวด,นครศรีธรรมราช,ระดับน้ำ,ภาคใต้,แชร์ข้อมูล,hourly_rain,True,True,True,True,True
FOP036,สะพานห้วยน้ำใส,7.889552,99.87421,ภาคใต้ฝั่งตะวันออกตอนบน,ภาคใต้ฝั่งตะวันออกส่วนที่ 4,เกาะขันธ์,ชะอวด,นครศรีธรรมราช,ระดับน้ำ,ภาคใต้,แชร์ข้อมูล,hourly_rain,True,True,True,True,True
FOP037,สะพานข้ามคลองห้วยกรวด,7.876767,99.93331,ทะเลสาบสงขลา,ทะเลน้อย,เกาะขันธ์,ชะอวด,นครศรีธรรมราช,ระดับน้ำ,ภาคใต้,แชร์ข้อมูล,hourly_rain,True,True,True,True,True
FOP038,สะพานบ้านแหลมโตนด,7.8175783,100.047485,ทะเลสาบสงขลา,ทะเลน้อย,แหลมโตนด,ควนขนุน,พัทลุง,ระดับน้ำ,ภาคใต้,แชร์ข้อมูล,hourly_rain,True,True,True,True,True
FOP039,สะพานท่าสำเภา,7.7296185,100.10794,ทะเลสาบสงขลา,ทะเลหลวง,ชัยบุรี,เมืองพัทลุง,พัทลุง,ระดับน้ำ,ภาคใต้,แชร์ข้อมูล,hourly_rain,True,True,True,True,True
FOP040,คลองกาแลกูโบ หมู่ที่ 1,6.7385216,101.25218,ภาคใต้ฝั่งตะวันออกตอนล่าง,แม่น้ำปัตตานีตอนล่าง,คลองใหม่,ยะรัง,ปัตตานี,ระดับน้ำ,ภาคใต้,แชร์ข้อมูล,hourly_rain,True,True,True,True,True
FOP041,คลองสุหงาบารู หมู่ที่ 4,6.7370696,101.27308,ภาคใต้ฝั่งตะวันออกตอนล่าง,แม่น้ำปัตตานีตอนล่าง,คลองใหม่,ยะรัง,ปัตตานี,ระดับน้ำ,ภาคใต้,แชร์ข้อมูล,hourly_rain,True,True,True,True,True
FOP042,อบต. ตาชี,6.55521,101.1063,ภาคใต้ฝั่งตะวันออกตอนล่าง,แม่น้ำปัตตานีตอนล่าง,ตาชี,ยะหา,ยะลา,น้ำฝน,ภาคใต้,แชร์ข้อมูล,hourly_rain,True,True,True,True,True
FOP044,ทต. ปะแต,6.413974,101.13616,ภาคใต้ฝั่งตะวันออกตอนล่าง,แม่น้ำปัตตานีตอนล่าง,ปะแต,ยะหา,ยะลา,น้ำฝน,ภาคใต้,แชร์ข้อมูล,hourly_rain,True,True,True,True,True
FOP045,สะพานข้ามแม่น้ำปัตตานี,6.4116545,101.27802,ภาคใต้ฝั่งตะวันออกตอนล่าง,แม่น้ำปัตตานีตอนล่าง,กรงปินัง,กรงปินัง,ยะลา,ระดับน้ำ,ภาคใต้,แชร์ข้อมูล,hourly_rain,True,True,True,True,True
FOP046,ศูนย์เรียนรู้ชุมชนบ้านนาซัว หมู่ที่ 2,6.2720203,101.15679,ภาคใต้ฝั่งตะวันออกตอนล่าง,แม่น้ำปัตตานีตอนล่าง,ถ้ำทะลุ,บันนังสตา,ยะลา,น้ำฝน,ภาคใต้,แชร์ข้อมูล,hourly_rain,True,True,True,True,True
FOP047,โรงเรียนนิคมสร้างตนเองพัฒนาภาคใต้ 1,6.312576,101.361046,ภาคใต้ฝั่งตะวันออกตอนล่าง,แม่น้ำปัตตานีตอนล่าง,ตลิ่งชัน,บันนังสตา,ยะลา,น้ำฝน,ภาคใต้,แชร์ข้อมูล,hourly_rain,True,True,True,True,True
FOP048,ทะเลหมอก อัยเยอร์เวง,5.998522,101.176605,ภาคใต้ฝั่งตะวันออกตอนล่าง,แม่น้ำปัตตานีตอนบน,อัยเยอร์เวง,เบตง,ยะลา,น้ำฝน,ภาคใต้,แชร์ข้อมูล,hourly_rain,True,True,True,True,True
FOP049,หมู่บ้านปิยะมิตร 3,5.934234,101.108765,ภาคใต้ฝั่งตะวันออกตอนล่าง,แม่น้ำปัตตานีตอนบน,อัยเยอร์เวง,เบตง,ยะลา,น้ำฝน,ภาคใต้,แชร์ข้อมูล,hourly_rain,True,True,True,True,True
FOP050,รร.กองม่องทะ สาขาไล่โว่,15.30931,98.50981,แม่กลอง,แม่น้ำแควน้อยตอนบนส่วนที่ 1,ไล่โว่,สังขละบุรี,กาญจนบุรี,น้ำฝน,ภาคกลาง,แชร์ข้อมูล,hourly_rain,True,True,True,True,True
FOP051,รร.กองม่องทะ สาขาสะละวะ,15.344161,98.52554,แม่กลอง,แม่น้ำแควน้อยตอนบนส่วนที่ 1,ไล่โว่,สังขละบุรี,กาญจนบุรี,น้ำฝน,ภาคกลาง,แชร์ข้อมูล,hourly_rain,True,True,True,True,True
FOP052,ห้วยแม่แจ่ม,19.073076,98.30672,ปิง,น้ำแม่แจ่มตอนบน,แจ่มหลวง,กัลยาณิวัฒนา,เชียงใหม่,ระดับน้ำ,ภาคเหนือ,แชร์ข้อมูล,hourly_rain,True,True,True,True,True
FOP053,ชุมชนแม่แดด,18.962738,98.41244,ปิง,น้ำแม่แจ่มตอนบน,แม่แดด,กัลยาณิวัฒนา,เชียงใหม่,น้ำฝน,ภาคเหนือ,แชร์ข้อมูล,hourly_rain,True,True,True,True,True
FOP054,สะพานแม่น้ำลาว,19.108244,99.45519,โขงเหนือ,น้ำแม่ลาวส่วนที่ 1,แม่เจดีย์ใหม่,เวียงป่าเป้า,เชียงราย,ระดับน้ำ,ภาคเหนือ,แชร์ข้อมูล,hourly_rain,True,True,True,True,True
FOP055,คลองกั้ง,17.71633,100.124115,น่าน,แม่น้ำน่านส่วนที่ 4/1,บ้านด่านนาขาม,เมืองอุตรดิตถ์,อุตรดิตถ์,ระดับน้ำ,ภาคเหนือ,แชร์ข้อมูล,hourly_rain,True,True,True,True,True
FOP056,คลองจอมแจ้ง,17.702333,100.02163,น่าน,แม่น้ำน่านส่วนที่ 4/2,แม่พูล,ลับแล,อุตรดิตถ์,ระดับน้ำ,ภาคเหนือ,แชร์ข้อมูล,hourly_rain,True,True,True,True,True
FOP057,บ้านประดู่,8.212039,99.703285,ภาคใต้ฝั่งตะวันตก,แม่น้ำตรัง,นาหลวงเสน,ทุ่งสง,นครศรีธรรมราช,ระดับน้ำ,ภาคใต้,แชร์ข้อมูล,hourly_rain,True,True,True,True,True
FOP058,บ้านใต้,8.178322,99.70355,ภาคใต้ฝั่งตะวันตก,แม่น้ำตรัง,นาหลวงเสน,ทุ่งสง,นครศรีธรรมราช,ระดับน้ำ,ภาคใต้,แชร์ข้อมูล,hourly_rain,True,True,True,True,True
FOP059,ชุมชนตำบลคลองสระ (น้ำตกภูริน),8.993955,99.65859,ภาคใต้ฝั่งตะวันออกตอนบน,ภาคใต้ฝั่งตะวันออกส่วนที่ 3,คลองสระ,กาญจนดิษฐ์,สุราษฎร์ธานี,น้ำฝน,ภาคใต้,แชร์ข้อมูล,hourly_rain,True,True,True,True,True
FOP060,ชุมชนตำบลเกาะขันธ์ (บ้านน้ำตก),7.9637384,99.77763,ภาคใต้ฝั่งตะวันออกตอนบน,ภาคใต้ฝั่งตะวันออกส่วนที่ 4,เกาะขันธ์,ชะอวด,นครศรีธรรมราช,น้ำฝน,ภาคใต้,แชร์ข้อมูล,hourly_rain,True,True,True,True,True
FOP061,บ้านคลองวาย หมู่ที่ 7,9.368523,98.867485,ภาคใต้ฝั่งตะวันออกตอนบน,คลองพุมดวงตอนล่าง,ตะกุกเหนือ,วิภาวดี,สุราษฎร์ธานี,ระดับน้ำ,ภาคใต้,แชร์ข้อมูล,hourly_rain,True,True,True,True,True
FOP062,บ้านคลองใส หมู่ที่ 8,9.314678,98.88985,ภาคใต้ฝั่งตะวันออกตอนบน,คลองพุมดวงตอนล่าง,ตะกุกเหนือ,วิภาวดี,สุราษฎร์ธานี,ระดับน้ำ,ภาคใต้,แชร์ข้อมูล,hourly_rain,True,True,True,True,True
FOP063,บ้านคลองมุย หมู่ที่ 13,9.252886,98.85421,ภาคใต้ฝั่งตะวันออกตอนบน,คลองพุมดวงตอนล่าง,ตะกุกเหนือ,วิภาวดี,สุราษฎร์ธานี,ระดับน้ำ,ภาคใต้,แชร์ข้อมูล,hourly_rain,True,True,True,True,True
FOP064,สะพานข้ามห้วยแม่รวม บ้านแม่รวม,18.919397,98.20056,ปิง,น้ำแม่แจ่มตอนบน,แจ่มหลวง,กัลยาณิวัฒนา,เชียงใหม่,ระดับน้ำ,ภาคเหนือ,แชร์ข้อมูล,hourly_rain,True,True,True,True,True
FOP065,สะพานข้ามแม่น้ำลาว-บ้านป่าสัก,19.301786,99.51751,โขงเหนือ,น้ำแม่ลาวส่วนที่ 1,ป่างิ้ว,เวียงป่าเป้า,เชียงราย,ระดับน้ำ,ภาคเหนือ,แชร์ข้อมูล,hourly_rain,True,True,True,True,True
FOP066,สะพานช้ามแม่น้ำลาว - บ้านโฮ่ง,19.173225,99.50559,โขงเหนือ,น้ำแม่ลาวส่วนที่ 1,แม่เจดีย์ใหม่,เวียงป่าเป้า,เชียงราย,ระดับน้ำ,ภาคเหนือ,แชร์ข้อมูล,hourly_rain,True,True,True,True,True
FOP067,องค์การบริหารส่วนตำบลแม่เจดีย์ใหม่,19.168516,99.51044,โขงเหนือ,น้ำแม่ลาวส่วนที่ 1,แม่เจดีย์ใหม่,เวียงป่าเป้า,เชียงราย,น้ำฝน,ภาคเหนือ,แชร์ข้อมูล,hourly_rain,True,True,True,True,True
FOP068,จุดชมวิวเขา ต. เต่า อุทยานแห่งชาติเขาสก,8.941235,98.794044,ภาคใต้ฝั่งตะวันออกตอนบน,คลองพระแสง,พะแสง,บ้านตาขุน,สุราษฎร์ธานี,น้ำฝน,ภาคใต้,แชร์ข้อมูล,hourly_rain,True,True,True,True,True
FOP069,โรงเรียน ตชด.บ้านส้านักเอาะ,6.483274,100.779396,ทะเลสาบสงขลา,คลองเทพา,เขาแดง,สะบ้าย้อย,สงขลา,น้ำฝน,ภาคใต้,แชร์ข้อมูล,hourly_rain,True,True,True,True,True
FOP070,รพ.สต.น้ำเชี่ยว,6.481534,100.82659,ทะเลสาบสงขลา,คลองเทพา,เขาแดง,สะบ้าย้อย,สงขลา,น้ำฝน,ภาคใต้,แชร์ข้อมูล,hourly_rain,True,True,True,True,True
FOP071,สะพานข้ามคลองสอวอ บ้านสามซอย,5.887238,101.69575,ภาคใต้ฝั่งตะวันออกตอนล่าง,แม่น้ำสายบุรี,มาโมง,สุคิริน,นราธิวาส,ระดับน้ำ,ภาคใต้,แชร์ข้อมูล,hourly_rain,True,True,True,True,True
FOP072,ฝายคลองท่าโลน,8.218119,99.71958,ภาคใต้ฝั่งตะวันตก,แม่น้ำตรัง,นาหลวงเสน,ทุ่งสง,นครศรีธรรมราช,ระดับน้ำ,ภาคใต้,แชร์ข้อมูล,hourly_rain,True,True,True,True,True
FROC01,ฟิวเจอร์ฯรังสิต,13.9861555,100.62624,เจ้าพระยา,ที่ราบแม่น้ำเจ้าพระยา,รังสิต,ธัญบุรี,ปทุมธานี,ระดับน้ำ,ภาคกลาง,แชร์ข้อมูล,hourly_rain,True,True,True,True,True
FROC02,ท้ายไซฟอน ปตร.พระธรรมราชา,14.076805,100.89407,เจ้าพระยา,ที่ราบแม่น้ำเจ้าพระยา,บึงน้ำรักษ์,ธัญบุรี,ปทุมธานี,ระดับน้ำ,ภาคกลาง,แชร์ข้อมูล,hourly_rain,True,True,True,True,True
GLF001,ป้อมพระจุลจอมเกล้า,13.573791,100.573975,เจ้าพระยา,ที่ราบแม่น้ำเจ้าพระยา,แหลมฟ้าผ่า,พระสมุทรเจดีย์,สมุทรปราการ,ระดับน้ำ,ภาคกลาง,แชร์ข้อมูล,hourly_rain,True,True,True,True,True
GLF002,ปากแม่น้ำท่าจีน,13.51777,100.275,ท่าจีน,ที่ราบแม่น้ำท่าจีน,บางหญ้าแพรก,เมืองสมุทรสาคร,สมุทรสาคร,ระดับน้ำ,ภาคกลาง,แชร์ข้อมูล,hourly_rain,True,True,True,True,True
GLF003,บางตะบูนและบางตะบูนออก,13.26553,99.94179,เพชรบุรี-ประจวบคีรีขันธ์,แม่น้ำเพชรบุรีตอนล่าง,บางตะบูนออก,บ้านแหลม,เพชรบุรี,ระดับน้ำ,ภาคกลาง,แชร์ข้อมูล,hourly_rain,True,True,True,True,True
GOT001,สถานีวิจัยประมงศรีราชา,13.185869,100.916916,nan,nan,บางพระ,ศรีราชา,ชลบุรี,ระดับน้ำ,ภาคกลาง,แชร์ข้อมูล,hourly_rain,True,True,True,True,True
HCTT,อบต.หนองหล่ม,18.336313,99.39991,วัง,แม่น้ำวังตอนกลางส่วนที่ 2,หนองหล่ม,ห้างฉัตร,ลำปาง,น้ำฝน,ภาคเหนือ,แชร์ข้อมูล,hourly_rain,True,True,True,True,True
HDA001,ปตร.หันตรา,14.374596,100.58438,ป่าสัก,แม่น้ำป่าสักตอนล่างส่วนที่ 2,บ้านเกาะ,พระนครศรีอยุธยา,พระนครศรีอยุธยา,ระดับน้ำ,ภาคกลาง,แชร์ข้อมูล,hourly_rain,True,True,True,True,True
HDA002,ปตร.กระมัง (ปากคลองข้าวเม่า),14.355101,100.58359,เจ้าพระยา,ที่ราบแม่น้ำเจ้าพระยา,หัวรอ,พระนครศรีอยุธยา,พระนครศรีอยุธยา,ระดับน้ำ,ภาคกลาง,แชร์ข้อมูล,hourly_rain,True,True,True,True,True
HDA003,ปตร.กลางคลองข้าวเม่า (วัดกระสังข์),14.357299,100.60567,เจ้าพระยา,ที่ราบแม่น้ำเจ้าพระยา,หันตรา,พระนครศรีอยุธยา,พระนครศรีอยุธยา,ระดับน้ำ,ภาคกลาง,แชร์ข้อมูล,hourly_rain,True,True,True,True,True
HDA004,คลองช่องสะเดา,14.344717,100.670105,เจ้าพระยา,ที่ราบแม่น้ำเจ้าพระยา,อุทัย,อุทัย,พระนครศรีอยุธยา,ระดับน้ำ,ภาคกลาง,แชร์ข้อมูล,hourly_rain,True,True,True,True,True
HDA005,วัดขนอนใต้,14.288258,100.61133,เจ้าพระยา,ที่ราบแม่น้ำเจ้าพระยา,บ้านกรด,บางปะอิน,พระนครศรีอยุธยา,ระดับน้ำ,ภาคกลาง,แชร์ข้อมูล,hourly_rain,True,True,True,True,True
HDA006,สะพานอนุสรณ์ 100 ปีสิงห์หบุรี (สะพานหลวงพ่อแพ 89),14.8702,100.4088,nan,nan,ต้นโพธิ์,เมืองสิงห์บุรี,สิงห์บุรี,ระดับน้ำ,ภาคกลาง,แชร์ข้อมูล,hourly_rain,True,True,True,True,True
HDA007,สะพานค่ายบางระจัน,14.81527,100.36439,nan,nan,ท่าข้าม,ค่ายบางระจัน,สิงห์บุรี,ระดับน้ำ,ภาคกลาง,แชร์ข้อมูล,hourly_rain,True,True,True,True,True
HDA008,สะพานคลองส่งน้ำชลประทาน บ้านตลาดใหม่,14.55359,100.31679,nan,nan,ตลาดใหม่,วิเศษชัยชาญ,อ่างทอง,ระดับน้ำ,ภาคกลาง,แชร์ข้อมูล,hourly_rain,True,True,True,True,True
HDA009,สะพานป่าโมก,14.49814,100.44961,nan,nan,บางปลากด,ป่าโมก,อ่างทอง,ระดับน้ำ,ภาคกลาง,แชร์ข้อมูล,hourly_rain,True,True,True,True,True
HDA010,สะพานน้ำลพบุรี บ้านโพธิ์เก้าต้น,14.7944,100.6063,nan,nan,โพธิ์เก้าต้น,เมืองลพบุรี,ลพบุรี,ระดับน้ำ,ภาคกลาง,แชร์ข้อมูล,hourly_rain,True,True,True,True,True
HDA011,สะพานคลองส่งน้ำชลประทาน บ้านสร่างโศก,14.6507,100.7427,nan,nan,สร่างโศก,บ้านหมอ,สระบุรี,ระดับน้ำ,ภาคกลาง,แชร์ข้อมูล,hourly_rain,True,True,True,True,True
HDA012,สะพานแมน้ำปาสัก บ้านนาโฉง,14.547,100.8898,nan,nan,นาโฉง,เมืองสระบุรี,สระบุรี,ระดับน้ำ,ภาคกลาง,แชร์ข้อมูล,hourly_rain,True,True,True,True,True
HHMV,อบต.ทับใต้,12.49032,99.90437,เพชรบุรี-ประจวบคีรีขันธ์,แม่น้ำปราณบุรี ( ลุ่มน้ำสาขา ),ทับใต้,หัวหิน,ประจวบคีรีขันธ์,น้ำฝน,ภาคกลาง,แชร์ข้อมูล,hourly_rain,True,True,True,True,True
HII001,อาคารเลขที่ ๙๐๑,13.85601,100.57559,เจ้าพระยา,ที่ราบแม่น้ำเจ้าพระยา,ลาดยาว,จตุจักร,กรุงเทพมหานคร,น้ำฝน,กรุงเทพมหานคร,แชร์ข้อมูล,hourly_rain,True,True,True,True,True
HIKT,อบต.ห้วยคต,15.30366,99.60972,ท่าจีน,ที่ราบแม่น้ำท่าจีน,ห้วยคต,ห้วยคต,อุทัยธานี,น้ำฝน,ภาคเหนือ,แชร์ข้อมูล,hourly_rain,True,True,True,True,True
HJRN1,อบต.หงษ์เจริญ,10.779731,99.19109,ภาคใต้ฝั่งตะวันออกตอนบน,คลองท่าตะเภา ( ลุ่มน้ำสาขา ),หงษ์เจริญ,ท่าแซะ,ชุมพร,น้ำฝน,ภาคใต้,แชร์ข้อมูล,hourly_rain,True,True,True,True,True
HKNL,ทต.หนองเลิง,18.339111,103.39763,โขงตะวันออกเฉียงเหนือ,ห้วยคอง,หนองเลิง,เมืองบึงกาฬ,บึงกาฬ,น้ำฝน,ภาคตะวันออกเฉียงเหนือ,แชร์ข้อมูล,hourly_rain,True,True,True,True,True
HKTG,อบต.ศรีมงคล,14.02269,99.19149,แม่กลอง,แม่น้ำแควน้อยตอนล่างส่วนที่ 2,ศรีมงคล,ไทรโยค,กาญจนบุรี,น้ำฝน,ภาคกลาง,แชร์ข้อมูล,hourly_rain,True,True,True,True,True
HNCG,ทต.ปากน้ำ,9.946504,98.59523,ภาคใต้ฝั่งตะวันตก,ภาคใต้ฝั่งตะวันตกตอนบน,ปากน้ำ,เมืองระนอง,ระนอง,น้ำฝน,ภาคใต้,แชร์ข้อมูล,hourly_rain,True,True,True,True,True
HNKA,ทต.หันคา,14.96966,100.01041,ท่าจีน,ที่ราบแม่น้ำท่าจีน,หันคา,หันคา,ชัยนาท,น้ำฝน,ภาคกลาง,แชร์ข้อมูล,hourly_rain,True,True,True,True,True
HNRE,อบต.ท่ากระดาน,13.669332,101.5921,บางปะกง,คลองท่าลาด,ท่ากระดาน,สนามชัยเขต,ฉะเชิงเทรา,น้ำฝน,ภาคกลาง,แชร์ข้อมูล,hourly_rain,True,True,True,True,True
HOTT,อบต.หางดง,18.162048,98.60858,ปิง,แม่น้ำปิงส่วนที่ 3/3,หางดง,ฮอด,เชียงใหม่,น้ำฝน,ภาคเหนือ,แชร์ข้อมูล,hourly_rain,True,True,True,True,True
HSYO,ทต.ดงมะดะ,19.747206,99.68351,โขงเหนือ,น้ำแม่ลาวส่วนที่ 2,ดงมะดะ,แม่ลาว,เชียงราย,น้ำฝน,ภาคเหนือ,แชร์ข้อมูล,hourly_rain,True,True,True,True,True
HTTM,อบต.ไม้รูด,11.927444,102.77911,ชายฝั่งทะเลตะวันออก,ชายฝั่งทะเลตะวันออก (ลุ่มน้ำสาขา 5),ไม้รูด,คลองใหญ่,ตราด,น้ำฝน,ภาคกลาง,แชร์ข้อมูล,hourly_rain,True,True,True,True,True
HUKT,ทต.สรรพยา,15.13219,100.25129,เจ้าพระยา,ที่ราบแม่น้ำเจ้าพระยา,สรรพยา,สรรพยา,ชัยนาท,น้ำฝน,ภาคกลาง,แชร์ข้อมูล,hourly_rain,True,True,True,True,True
HUYG,อบต.หนองโพนงาม,16.43052,101.96628,ชี,น้ำพรหม,หนองโพนงาม,เกษตรสมบูรณ์,ชัยภูมิ,น้ำฝน,ภาคตะวันออกเฉียงเหนือ,แชร์ข้อมูล,hourly_rain,True,True,True,True,True
HYOD,ทต.ห้วยยอด,7.789249,99.633545,ภาคใต้ฝั่งตะวันตก,แม่น้ำตรัง,ห้วยยอด,ห้วยยอด,ตรัง,น้ำฝน,ภาคใต้,แชร์ข้อมูล,hourly_rain,True,True,True,True,True
HYRT,ทต.ห้วยราช,14.973367,103.18647,มูล,ห้วยตะโคง,ห้วยราช,ห้วยราช,บุรีรัมย์,น้ำฝน,ภาคตะวันออกเฉียงเหนือ,แชร์ข้อมูล,hourly_rain,True,True,True,True,True
JBLG,ทต.เจ๊ะบิลัง,6.6572723,99.970314,ภาคใต้ฝั่งตะวันตก,ภาคใต้ฝั่งตะวันตกตอนล่าง,เจ๊ะบิลัง,เมืองสตูล,สตูล,น้ำฝน,ภาคใต้,แชร์ข้อมูล,hourly_rain,True,True,True,True,True
JNA001,จะนะ,6.9167743,100.72958,ทะเลสาบสงขลา,คลองนาทวี,บ้านนา,จะนะ,สงขลา,ระดับน้ำ,ภาคใต้,แชร์ข้อมูล,hourly_rain,True,True,True,True,True
JNA002,นาทวี,6.7380614,100.69319,ทะเลสาบสงขลา,คลองนาทวี,นาทวี,นาทวี,สงขลา,ระดับน้ำ,ภาคใต้,แชร์ข้อมูล,hourly_rain,True,True,True,True,True
KABG,อบต.กาบัง,6.4804006,100.98257,ทะเลสาบสงขลา,คลองเทพา,กาบัง,กาบัง,ยะลา,น้ำฝน,ภาคใต้,แชร์ข้อมูล,hourly_rain,True,True,True,True,True
KAHN,รร. คำอาฮวนศรีสุราษฎร์วิทยา,16.496685,104.66871,โขงตะวันออกเฉียงเหนือ,ห้วยมุก,คำอาฮวน,เมืองมุกดาหาร,มุกดาหาร,น้ำฝน,ภาคตะวันออกเฉียงเหนือ,แชร์ข้อมูล,hourly_rain,True,True,True,True,True
KAKG,อบต.ปากฉลุย,9.300559,99.02601,ภาคใต้ฝั่งตะวันออกตอนบน,ภาคใต้ฝั่งตะวันออกส่วนที่ 2,ปากฉลุย,ท่าฉาง,สุราษฎร์ธานี,น้ำฝน,ภาคใต้,แชร์ข้อมูล,hourly_rain,True,True,True,True,True
KANG,อบต.แก้ง,14.710342,105.01801,มูล,ลำโดมใหญ่,แก้ง,เดชอุดม,อุบลราชธานี,น้ำฝน,ภาคตะวันออกเฉียงเหนือ,แชร์ข้อมูล,hourly_rain,True,True,True,True,True
KAOP,อบต.เขาพระ,7.0801806,100.18832,ทะเลสาบสงขลา,ทะเลสาบสงขลา ( ลุ่มน้ำสาขา ),เขาพระ,รัตภูมิ,สงขลา,น้ำฝน,ภาคใต้,แชร์ข้อมูล,hourly_rain,True,True,True,True,True
KCWF,ทต.สวนผึ้ง,13.54488,99.33835,แม่กลอง,ลำภาชี,สวนผึ้ง,สวนผึ้ง,ราชบุรี,น้ำฝน,ภาคกลาง,แชร์ข้อมูล,hourly_rain,True,True,True,True,True
KGKG,อบต.คลองขลุง,16.20865,99.70895,ปิง,แม่น้ำปิงตอนล่าง,คลองขลุง,คลองขลุง,กำแพงเพชร,น้ำฝน,ภาคเหนือ,แชร์ข้อมูล,hourly_rain,True,True,True,True,True
KGLN,ทต.คลองลานพัฒนา,16.12255,99.32931,ปิง,แม่น้ำปิงตอนล่าง,คลองลานพัฒนา,คลองลาน,กำแพงเพชร,น้ำฝน,ภาคเหนือ,แชร์ข้อมูล,hourly_rain,True,True,True,True,True
KGTP,ทต.คุ้งตะเภา,17.625319,100.123665,น่าน,แม่น้ำน่านส่วนที่ 4/1,คุ้งตะเภา,เมืองอุตรดิตถ์,อุตรดิตถ์,น้ำฝน,ภาคเหนือ,แชร์ข้อมูล,hourly_rain,True,True,True,True,True
KHCP,ทต.เขาขวาง,13.71492,99.77248,แม่กลอง,ที่ราบแม่น้ำแม่กลอง,เตาปูน,โพธาราม,ราชบุรี,น้ำฝน,ภาคกลาง,แชร์ข้อมูล,hourly_rain,True,True,True,True,True
KHDM,อบต.เขาค่าย,10.121988,98.89596,ภาคใต้ฝั่งตะวันออกตอนบน,ภาคใต้ฝั่งตะวันออกตอนบนส่วนที่ 2,เขาค่าย,สวี,ชุมพร,น้ำฝน,ภาคใต้,แชร์ข้อมูล,hourly_rain,True,True,True,True,True
KHHM,อบต.เทพนิมิต,13.040216,102.44956,โตนเลสาป,โตนเลสาปตอนล่าง,เทพนิมิต,โป่งน้ำร้อน,จันทบุรี,น้ำฝน,ภาคกลาง,แชร์ข้อมูล,hourly_rain,True,True,True,True,True
KHNI,อบต.บ้านเสด็จ,8.763571,99.0646,ภาคใต้ฝั่งตะวันออกตอนบน,แม่น้ำตาปีตอนล่างส่วนที่ 2,บ้านเสด็จ,เคียนซา,สุราษฎร์ธานี,น้ำฝน,ภาคใต้,แชร์ข้อมูล,hourly_rain,True,True,True,True,True
KHOG,ทต.เมืองคง,15.443823,102.32844,มูล,ลำสะแทดส่วนที่ 1,เมืองคง,คง,นครราชสีมา,น้ำฝน,ภาคตะวันออกเฉียงเหนือ,แชร์ข้อมูล,hourly_rain,True,True,True,True,True
KHPB,อบจ.เพชรบูรณ์,16.441244,101.14906,ป่าสัก,แม่น้ำป่าสักส่วนที่ 2,ในเมือง,เมืองเพชรบูรณ์,เพชรบูรณ์,น้ำฝน,ภาคเหนือ,แชร์ข้อมูล,hourly_rain,True,True,True,True,True
KIZ001,เขตอุตสาหกรรมกบินทร์บุรี,14.07421,101.8166,บางปะกง,แม่น้ำหนุมาน,หนองกี่,กบินทร์บุรี,ปราจีนบุรี,น้ำฝน,ภาคกลาง,แชร์ข้อมูล,hourly_rain,True,True,True,True,True
KIZ002,คลองแดง,14.089581,101.85268,บางปะกง,แม่น้ำหนุมาน,หนองกี่,กบินทร์บุรี,ปราจีนบุรี,ระดับน้ำ,ภาคกลาง,แชร์ข้อมูล,hourly_rain,True,True,True,True,True
KIZ003,คลองห้วยยาง,14.13648,101.85744,บางปะกง,แม่น้ำหนุมาน,ทุ่งโพธิ์,นาดี,ปราจีนบุรี,ระดับน้ำ,ภาคกลาง,แชร์ข้อมูล,hourly_rain,True,True,True,True,True
KKCN,อบต.สองพี่น้อง,12.87227,99.6835,เพชรบุรี-ประจวบคีรีขันธ์,แม่น้ำเพชรบุรีตอนบน,สองพี่น้อง,แก่งกระจาน,เพชรบุรี,น้ำฝน,ภาคกลาง,แชร์ข้อมูล,hourly_rain,True,True,True,True,True
KKHA,อบต.เทพราช,8.858044,99.86363,ภาคใต้ฝั่งตะวันออกตอนบน,ภาคใต้ฝั่งตะวันออกส่วนที่ 3,เทพราช,สิชล,นครศรีธรรมราช,น้ำฝน,ภาคใต้,แชร์ข้อมูล,hourly_rain,True,True,True,True,True
KKPA,ทต.โกรกพระ,15.55314,100.0709,เจ้าพระยา,ที่ราบแม่น้ำเจ้าพระยา,โกรกพระ,โกรกพระ,นครสวรรค์,น้ำฝน,ภาคเหนือ,แชร์ข้อมูล,hourly_rain,True,True,True,True,True
KKTO,ทต.ลำปางหลวง,18.230398,99.39123,วัง,แม่น้ำวังตอนกลางส่วนที่ 2,ลำปางหลวง,เกาะคา,ลำปาง,น้ำฝน,ภาคเหนือ,แชร์ข้อมูล,hourly_rain,True,True,True,True,True
KKWF,อบต.ปังเผล,14.953101,98.61821,แม่กลอง,แม่น้ำแควน้อยตอนบนส่วนที่ 1,ปรังเผล,สังขละบุรี,กาญจนบุรี,น้ำฝน,ภาคกลาง,แชร์ข้อมูล,hourly_rain,True,True,True,True,True
KMCE,อบต.น้ำเที่ยง,16.543028,104.40855,โขงตะวันออกเฉียงเหนือ,ห้วยบังอี้,น้ำเที่ยง,คำชะอี,มุกดาหาร,น้ำฝน,ภาคตะวันออกเฉียงเหนือ,แชร์ข้อมูล,hourly_rain,True,True,True,True,True
KMSI,อบต.กะลาเส,7.7038794,99.318085,ภาคใต้ฝั่งตะวันตก,ภาคใต้ฝั่งตะวันตกส่วนที่ 3,กะลาเส,สิเกา,ตรัง,น้ำฝน,ภาคใต้,แชร์ข้อมูล,hourly_rain,True,True,True,True,True
KMTK,อบต.คำตากล้า,17.831097,103.75677,โขงตะวันออกเฉียงเหนือ,แม่น้ำสงครามตอนล่างส่วนที่ 1,คำตากล้า,คำตากล้า,สกลนคร,น้ำฝน,ภาคตะวันออกเฉียงเหนือ,แชร์ข้อมูล,hourly_rain,True,True,True,True,True
KNDG,อบต.แคนดง,15.308299,103.12403,มูล,ลำน้ำมูลส่วนที่ 2/3,แคนดง,แคนดง,บุรีรัมย์,น้ำฝน,ภาคตะวันออกเฉียงเหนือ,แชร์ข้อมูล,hourly_rain,True,True,True,True,True
KNYM,ทต.ขุนยวม,18.83068,97.93514,สาละวิน,แม่น้ำยวมตอนบน,ขุนยวม,ขุนยวม,แม่ฮ่องสอน,น้ำฝน,ภาคเหนือ,แชร์ข้อมูล,hourly_rain,True,True,True,True,True
KOKN,อบต.โคคลาน,13.991088,102.65069,โตนเลสาป,โตนเลสาปตอนบน (ลุ่มน้ำสาขา),โคคลาน,ตาพระยา,สระแก้ว,น้ำฝน,ภาคกลาง,แชร์ข้อมูล,hourly_rain,True,True,True,True,True
KOKO,อบต.ทุ่งสมอ,16.705017,101.04407,น่าน,แม่น้ำวังทอง,ทุ่งสมอ,เขาค้อ,เพชรบูรณ์,น้ำฝน,ภาคเหนือ,แชร์ข้อมูล,hourly_rain,True,True,True,True,True
KOLO,ทต.เก้าเลี้ยว,15.86026,100.09176,ปิง,แม่น้ำปิงตอนล่าง,เก้าเลี้ยว,เก้าเลี้ยว,นครสวรรค์,น้ำฝน,ภาคเหนือ,แชร์ข้อมูล,hourly_rain,True,True,True,True,True
KON001,วังสะพุง,17.31235,101.7726,โขงตะวันออกเฉียงเหนือ,แม่น้ำเลยตอนล่างส่วนที่ 1,วังสะพุง,วังสะพุง,เลย,ระดับน้ำ,ภาคตะวันออกเฉียงเหนือ,แชร์ข้อมูล,hourly_rain,True,True,True,True,True
KON002,เมืองเลย,17.509333,101.7366,โขงตะวันออกเฉียงเหนือ,แม่น้ำเลยตอนล่างส่วนที่ 2,ชัยพฤกษ์,เมืองเลย,เลย,ระดับน้ำ,ภาคตะวันออกเฉียงเหนือ,แชร์ข้อมูล,hourly_rain,True,True,True,True,True
KON003,สุวรรณคูหา,17.575666,102.27328,โขงตะวันออกเฉียงเหนือ,น้ำโมง,นาสี,สุวรรณคูหา,หนองบัวลำภู,ระดับน้ำ,ภาคตะวันออกเฉียงเหนือ,แชร์ข้อมูล,hourly_rain,True,True,True,True,True
KON004,เมืองอุดรธานี,17.48233,102.79708,โขงตะวันออกเฉียงเหนือ,ห้วยหลวงส่วนที่ 1,หมูม่น,เมืองอุดรธานี,อุดรธานี,ระดับน้ำ,ภาคตะวันออกเฉียงเหนือ,แชร์ข้อมูล,hourly_rain,True,True,True,True,True
KON005,บ้านดุง,17.639353,103.0984,โขงตะวันออกเฉียงเหนือ,ห้วยหลวงส่วนที่ 2,นาคำ,บ้านดุง,อุดรธานี,ระดับน้ำ,ภาคตะวันออกเฉียงเหนือ,แชร์ข้อมูล,hourly_rain,True,True,True,True,True
KOSB,รพสต.ท่าข้าม,13.627606,102.574844,โตนเลสาป,โตนเลสาปตอนล่าง,ท่าข้าม,อรัญประเทศ,สระแก้ว,น้ำฝน,ภาคกลาง,แชร์ข้อมูล,hourly_rain,True,True,True,True,True
KOSK,อบต.คลองศก,8.890499,98.66137,ภาคใต้ฝั่งตะวันออกตอนบน,คลองสก,คลองศก,พนม,สุราษฎร์ธานี,น้ำฝน,ภาคใต้,แชร์ข้อมูล,hourly_rain,True,True,True,True,True
KOSR,อบต.เกาะสำโรง,13.9424,99.49628,แม่กลอง,แม่น้ำแควน้อยตอนล่างส่วนที่ 3,เกาะสำโรง,เมืองกาญจนบุรี,กาญจนบุรี,น้ำฝน,ภาคกลาง,แชร์ข้อมูล,hourly_rain,True,True,True,True,True
KPEM,อบต.พังทุย,16.74822,102.923195,ชี,ลำน้ำพองตอนล่างส่วนที่ 1,พังทุย,น้ำพอง,ขอนแก่น,น้ำฝน,ภาคตะวันออกเฉียงเหนือ,แชร์ข้อมูล,hourly_rain,True,True,True,True,True
KPNT,เขาพะเนินทุ่ง,12.8253,99.3655,เพชรบุรี-ประจวบคีรีขันธ์,แม่น้ำเพชรบุรีตอนบน,ห้วยแม่เพรียง,แก่งกระจาน,เพชรบุรี,น้ำฝน,ภาคกลาง,แชร์ข้อมูล,hourly_rain,True,True,True,True,True
KPPT,อบจ.กำแพงเพชร,16.41081,99.52196,ปิง,คลองสวนหมาก,อ่างทอง,เมืองกำแพงเพชร,กำแพงเพชร,น้ำฝน,ภาคเหนือ,แชร์ข้อมูล,hourly_rain,True,True,True,True,True
KRKM,อบต.บางปิด,12.2172,102.30768,ชายฝั่งทะเลตะวันออก,ชายฝั่งทะเลตะวันออก (ลุ่มน้ำสาขา 4),บางปิด,แหลมงอบ,ตราด,น้ำฝน,ภาคกลาง,แชร์ข้อมูล,hourly_rain,True,True,True,True,True
KRMT,ทต.บ้านโตนด,16.83368,99.80276,ยม,แม่น้ำยมตอนล่างส่วนที่ 4,โตนด,คีรีมาศ,สุโขทัย,น้ำฝน,ภาคเหนือ,แชร์ข้อมูล,hourly_rain,True,True,True,True,True
KRN001,เมืองกาญจนบุรี,14.06046,99.48326,แม่กลอง,แม่น้ำแควใหญ่ตอนล่างส่วนที่ 2,แก่งเสี้ยน,เมืองกาญจนบุรี,กาญจนบุรี,ระดับน้ำ,ภาคกลาง,แชร์ข้อมูล,hourly_rain,True,True,True,True,True
KRN002,ไทรโยค,14.11265,99.14636,แม่กลอง,แม่น้ำแควน้อยตอนล่างส่วนที่ 2,ลุ่มสุ่ม,ไทรโยค,กาญจนบุรี,ระดับน้ำ,ภาคกลาง,แชร์ข้อมูล,hourly_rain,True,True,True,True,True
KRN004,ลิ่นถิ่น,14.53552,98.78765,แม่กลอง,แม่น้ำแควน้อยตอนบนส่วนที่ 2,ไทรโยค,ไทรโยค,กาญจนบุรี,ระดับน้ำ,ภาคกลาง,แชร์ข้อมูล,hourly_rain,True,True,True,True,True
KSKP,อบต.กำแพงแสน,14.00331,99.98092,ท่าจีน,ที่ราบแม่น้ำท่าจีน,กำแพงแสน,กำแพงแสน,นครปฐม,น้ำฝน,ภาคกลาง,แชร์ข้อมูล,hourly_rain,True,True,True,True,True
KSNG,อบต.ขุนซ่อง,13.074,101.937584,ชายฝั่งทะเลตะวันออก,คลองโตนด,ขุนซ่อง,แก่งหางแมว,จันทบุรี,น้ำฝน,ภาคกลาง,แชร์ข้อมูล,hourly_rain,True,True,True,True,True
KSOD,อบต.คลองพา,9.592501,99.11957,ภาคใต้ฝั่งตะวันออกตอนบน,ภาคใต้ฝั่งตะวันออกส่วนที่ 2,คลองพา,ท่าชนะ,สุราษฎร์ธานี,น้ำฝน,ภาคใต้,แชร์ข้อมูล,hourly_rain,True,True,True,True,True
KSPS,ทต.โกสุมพิสัย,16.243116,103.06304,ชี,ลำน้ำชีส่วนที่ 4/1,หัวขวาง,โกสุมพิสัย,มหาสารคาม,น้ำฝน,ภาคตะวันออกเฉียงเหนือ,แชร์ข้อมูล,hourly_rain,True,True,True,True,True
KTKB,อบจ.ตาก,16.877806,99.13964,ปิง,แม่น้ำปิงส่วนที่ 4/2,ระแหง,เมืองตาก,ตาก,น้ำฝน,ภาคเหนือ,แชร์ข้อมูล,hourly_rain,True,True,True,True,True
KTLE,อบต.ขุนทะเล,8.338821,99.85211,ภาคใต้ฝั่งตะวันออกตอนบน,ภาคใต้ฝั่งตะวันออกส่วนที่ 4,ขุนทะเล,ลานสกา,นครศรีธรรมราช,น้ำฝน,ภาคใต้,แชร์ข้อมูล,hourly_rain,True,True,True,True,True
KTUM,อบต.เขาตูม,6.6191773,101.30675,ภาคใต้ฝั่งตะวันออกตอนล่าง,แม่น้ำปัตตานีตอนล่าง,เขาตูม,ยะรัง,ปัตตานี,น้ำฝน,ภาคใต้,แชร์ข้อมูล,hourly_rain,True,True,True,True,True
KUAM,อบต.สบแม่ข่า,18.677917,98.97708,ปิง,แม่น้ำปิงส่วนที่ 2/2,สบแม่ข่า,หางดง,เชียงใหม่,น้ำฝน,ภาคเหนือ,แชร์ข้อมูล,hourly_rain,True,True,True,True,True
KUBR,ทต.กุยบุรี,12.07011,99.86728,เพชรบุรี-ประจวบคีรีขันธ์,คลองกุย,กุยบุรี,กุยบุรี,ประจวบคีรีขันธ์,น้ำฝน,ภาคกลาง,แชร์ข้อมูล,hourly_rain,True,True,True,True,True
KUDN,เทศบาลนครอุดรธานี,17.412985,102.788666,โขงตะวันออกเฉียงเหนือ,ห้วยหลวงส่วนที่ 1,หมากแข้ง,เมืองอุดรธานี,อุดรธานี,น้ำฝน,ภาคตะวันออกเฉียงเหนือ,แชร์ข้อมูล,hourly_rain,True,True,True,True,True
KWN001,นครไทย,17.10702,100.84588,น่าน,แม่น้ำแควน้อยส่วนที่ 1,นครไทย,นครไทย,พิษณุโลก,ระดับน้ำ,ภาคเหนือ,แชร์ข้อมูล,hourly_rain,True,True,True,True,True
KWN003,เขื่อนแควน้อยบำรุงแดน,17.182186,100.41388,น่าน,แม่น้ำแควน้อยส่วนที่ 2,คันโช้ง,วัดโบสถ์,พิษณุโลก,ระดับน้ำ,ภาคเหนือ,แชร์ข้อมูล,hourly_rain,True,True,True,True,True
KWSI,รร. เทศบาล 1 (ทต.เกษตรวิสัย),15.665376,103.57421,มูล,ลำเสียวใหญ่ส่วนที่ 1,เกษตรวิสัย,เกษตรวิสัย,ร้อยเอ็ด,น้ำฝน,ภาคตะวันออกเฉียงเหนือ,แชร์ข้อมูล,hourly_rain,True,True,True,True,True
KYKT,ทต.เจดีย์,14.38421,99.96115,ท่าจีน,ที่ราบแม่น้ำท่าจีน,เจดีย์,อู่ทอง,สุพรรณบุรี,น้ำฝน,ภาคกลาง,แชร์ข้อมูล,hourly_rain,True,True,True,True,True
LBI001,บางปะหัน,14.42734,100.55606,เจ้าพระยา,ที่ราบแม่น้ำเจ้าพระยา,โพธิ์สามต้น,บางปะหัน,พระนครศรีอยุธยา,ระดับน้ำ,ภาคกลาง,แชร์ข้อมูล,hourly_rain,True,True,True,True,True
LBI002,เมืองลพบุรี,14.7605,100.5996,เจ้าพระยา,ที่ราบแม่น้ำเจ้าพระยา,โพธิ์เก้าต้น,เมืองลพบุรี,ลพบุรี,ระดับน้ำ,ภาคกลาง,แชร์ข้อมูล,hourly_rain,True,True,True,True,True
LDKS,อบต.นากอก,16.896736,102.20167,ชี,น้ำพวย,นากอก,ศรีบุญเรือง,หนองบัวลำภู,น้ำฝน,ภาคตะวันออกเฉียงเหนือ,แชร์ข้อมูล,hourly_rain,True,True,True,True,True
LEEE,ทต.วังดิน,17.802048,98.94716,ปิง,น้ำแม่ลี้,ลี้,ลี้,ลำพูน,น้ำฝน,ภาคเหนือ,แชร์ข้อมูล,hourly_rain,True,True,True,True,True
LGTI,อบต.บ้านแหง,18.76336,100.00879,ยม,แม่น้ำงาว,บ้านแหง,งาว,ลำปาง,น้ำฝน,ภาคเหนือ,แชร์ข้อมูล,hourly_rain,True,True,True,True,True
LHOK,อบต.เหล่ากอหก,17.496407,100.88749,โขงตะวันออกเฉียงเหนือ,แม่น้ำโขงส่วนที่ 3,เหล่ากอหก,นาแห้ว,เลย,น้ำฝน,ภาคตะวันออกเฉียงเหนือ,แชร์ข้อมูล,hourly_rain,True,True,True,True,True
LK13,บ้านน้อยสว่าง,14.16511,100.77863,เจ้าพระยา,ที่ราบแม่น้ำเจ้าพระยา,บึงชำอ้อ,หนองเสือ,ปทุมธานี,น้ำฝน,ภาคกลาง,แชร์ข้อมูล,hourly_rain,True,True,True,True,True
LKBU,อบต.ลานกระบือ,16.6181,99.88005,ยม,แม่น้ำยมตอนล่างส่วนที่ 5,ลานกระบือ,ลานกระบือ,กำแพงเพชร,น้ำฝน,ภาคเหนือ,แชร์ข้อมูล,hourly_rain,True,True,True,True,True
LMKO,อบต.หล่มเก่า,16.880798,101.23834,ป่าสัก,ห้วยน้ำพุง,หล่มเก่า,หล่มเก่า,เพชรบูรณ์,น้ำฝน,ภาคเหนือ,แชร์ข้อมูล,hourly_rain,True,True,True,True,True
LMPN,สวนสาธารณะกู่ช้าง ทต.ลำพูน,18.588911,99.01991,ปิง,น้ำแม่กวง,ในเมือง,เมืองลำพูน,ลำพูน,น้ำฝน,ภาคเหนือ,แชร์ข้อมูล,hourly_rain,True,True,True,True,True
LMSK,ทต.ตาลเดี่ยว,16.771435,101.25366,ป่าสัก,แม่น้ำป่าสักตอนบน,ตาลเดี่ยว,หล่มสัก,เพชรบูรณ์,น้ำฝน,ภาคเหนือ,แชร์ข้อมูล,hourly_rain,True,True,True,True,True
LNR1,อบต.ท่ามะนาว,15.19935,101.16389,ป่าสัก,แม่น้ำป่าสักตอนล่างส่วนที่ 1,ท่ามะนาว,ชัยบาดาล,ลพบุรี,น้ำฝน,ภาคกลาง,แชร์ข้อมูล,hourly_rain,True,True,True,True,True
LNRG,อบต.ลำนางรอง,14.188854,102.68468,มูล,ลำนางรอง,ลำนางรอง,โนนดินแดง,บุรีรัมย์,น้ำฝน,ภาคตะวันออกเฉียงเหนือ,แชร์ข้อมูล,hourly_rain,True,True,True,True,True
LNSK,อบต.ลานสัก,15.4728,99.53968,สะแกกรัง,ห้วยทับเสลา,ลานสัก,ลานสัก,อุทัยธานี,น้ำฝน,ภาคเหนือ,แชร์ข้อมูล,hourly_rain,True,True,True,True,True
LPLE,ทต.ศรีพนมมาศ,17.654543,100.03583,น่าน,แม่น้ำน่านส่วนที่ 4/2,ศรีพนมมาศ,ลับแล,อุตรดิตถ์,น้ำฝน,ภาคเหนือ,แชร์ข้อมูล,hourly_rain,True,True,True,True,True
MCHI,ทต.แม่ใจ,19.346138,99.81359,โขงเหนือ,แม่น้ำอิงตอนบน,แม่ใจ,แม่ใจ,พะเยา,น้ำฝน,ภาคเหนือ,แชร์ข้อมูล,hourly_rain,True,True,True,True,True
MCRM,รพสต.หมอเมือง,18.678167,100.99279,น่าน,น้ำว้า,หมอเมือง,แม่จริม,น่าน,น้ำฝน,ภาคเหนือ,แชร์ข้อมูล,hourly_rain,True,True,True,True,True
MDC001,ตลาดเก่าตะกั่วป่า,8.829423,98.36931,ภาคใต้ฝั่งตะวันตก,คลองตะกั่วป่า,โคกเคียน,ตะกั่วป่า,พังงา,ระดับน้ำ,ภาคใต้,แชร์ข้อมูล,hourly_rain,True,True,True,True,True
MDC005,คลองนาท่อม,7.558882,99.98751,ทะเลสาบสงขลา,ทะเลหลวง,ร่มเมือง,เมืองพัทลุง,พัทลุง,ระดับน้ำ,ภาคใต้,แชร์ข้อมูล,hourly_rain,True,True,True,True,True
MDTG,อบต.เขาล้าน,11.52202,99.59758,เพชรบุรี-ประจวบคีรีขันธ์,ชายฝั่งทะเลประจวบคีรีขันธ์ส่วนที่ 1,เขาล้าน,ทับสะแก,ประจวบคีรีขันธ์,น้ำฝน,ภาคกลาง,แชร์ข้อมูล,hourly_rain,True,True,True,True,True
MECN,ทต.แม่จัน,20.139277,99.85799,โขงเหนือ,น้ำแม่จัน,แม่จัน,แม่จัน,เชียงราย,น้ำฝน,ภาคเหนือ,แชร์ข้อมูล,hourly_rain,True,True,True,True,True
MEPK,อบต.แม่พริก,17.455318,99.118645,วัง,แม่น้ำวังตอนล่างส่วนที่ 3,แม่พริก,แม่พริก,ลำปาง,น้ำฝน,ภาคเหนือ,แชร์ข้อมูล,hourly_rain,True,True,True,True,True
MEWG,อบต.บ้านกาด,18.603905,98.79847,ปิง,น้ำแม่ขาน,บ้านกาด,แม่วาง,เชียงใหม่,น้ำฝน,ภาคเหนือ,แชร์ข้อมูล,hourly_rain,True,True,True,True,True
MITP01,สะพานข้ามลำน้ำเชิญ (มิตรผลหนองเรือ),16.48885,102.419075,ชี,ลำน้ำเชิญส่วนที่ 2,กุดกว้าง,หนองเรือ,ขอนแก่น,ระดับน้ำ,ภาคตะวันออกเฉียงเหนือ,แชร์ข้อมูล,hourly_rain,True,True,True,True,True
MKG005,บ้านแพ้ว,13.57563,100.07883,แม่กลอง,ที่ราบแม่น้ำแม่กลอง,หนองบัว,บ้านแพ้ว,สมุทรสาคร,ระดับน้ำ,ภาคกลาง,แชร์ข้อมูล,hourly_rain,True,True,True,True,True
MKG006,พระรามสอง,13.38366,99.98357,แม่กลอง,ที่ราบแม่น้ำแม่กลอง,แม่กลอง,เมืองสมุทรสงคราม,สมุทรสงคราม,ระดับน้ำ,ภาคกลาง,แชร์ข้อมูล,hourly_rain,True,True,True,True,True
MKKB,รพสต.บ้านโคกอุดม,14.06947,101.80992,บางปะกง,แม่น้ำหนุมาน,หนองกี่,กบินทร์บุรี,ปราจีนบุรี,น้ำฝน,ภาคกลาง,แชร์ข้อมูล,hourly_rain,True,True,True,True,True
MKTR,ทต.กันทรารมย์,15.105278,104.568665,มูล,ลำน้ำมูลส่วนที่ 3/2,ดูน,กันทรารมย์,ศรีสะเกษ,น้ำฝน,ภาคตะวันออกเฉียงเหนือ,แชร์ข้อมูล,hourly_rain,True,True,True,True,True
MMMO,ทต.แม่เมาะ,18.272924,99.65161,วัง,น้ำแม่จาง,แม่เมาะ,แม่เมาะ,ลำปาง,น้ำฝน,ภาคเหนือ,แชร์ข้อมูล,hourly_rain,True,True,True,True,True
MMNY,อบต.นายายอาม,12.770775,101.85303,ชายฝั่งทะเลตะวันออก,ชายฝั่งทะเลตะวันออก (ลุ่มน้ำสาขา 3),นายายอาม,นายายอาม,จันทบุรี,น้ำฝน,ภาคกลาง,แชร์ข้อมูล,hourly_rain,True,True,True,True,True
MNDM,เขื่อนแม่งัดสมบูรณ์ชล,19.161743,99.03971,ปิง,น้ำแม่งัด,ช่อแล,แม่แตง,เชียงใหม่,น้ำฝน,ภาคเหนือ,แชร์ข้อมูล,hourly_rain,True,True,True,True,True
MNRM,ทต.คุ้งสำเภา,15.31003,100.08173,เจ้าพระยา,ที่ราบแม่น้ำเจ้าพระยา,คุ้งสำเภา,มโนรมย์,ชัยนาท,น้ำฝน,ภาคกลาง,แชร์ข้อมูล,hourly_rain,True,True,True,True,True
MOU001,หน่วยศึกษาการพัฒนาการอนุรักษ์ต้นน้ำปิงส่วนที่ 2 จังหวัดเชียงใหม่,18.874481,98.7916,ปิง,แม่น้ำปิงส่วนที่ 2/2,โป่งแยง,แม่ริม,เชียงใหม่,น้ำฝน,ภาคเหนือ,แชร์ข้อมูล,hourly_rain,True,True,True,True,True
MOU002,หน่วยจัดการต้นน้ำแม่สา,18.910006,98.835594,ปิง,แม่น้ำปิงส่วนที่ 2/2,โป่งแยง,แม่ริม,เชียงใหม่,น้ำฝน,ภาคเหนือ,แชร์ข้อมูล,hourly_rain,True,True,True,True,True
MOU003,หน่วยจัดการต้นน้ำห้วยป่าเลา,18.836586,98.78661,ปิง,น้ำแม่ขาน,บ้านปง,หางดง,เชียงใหม่,น้ำฝน,ภาคเหนือ,แชร์ข้อมูล,hourly_rain,True,True,True,True,True
MOU004,ที่ทำการอุทยานแห่งชาติออบขาน,18.72087,98.82256,ปิง,น้ำแม่ขาน,น้ำแพร่,หางดง,เชียงใหม่,น้ำฝน,ภาคเหนือ,แชร์ข้อมูล,hourly_rain,True,True,True,True,True
MOU005,หน่วยจัดการต้นน้ำแม่ลาน,18.773909,98.69296,ปิง,น้ำแม่ขาน,สะเมิงใต้,สะเมิง,เชียงใหม่,น้ำฝน,ภาคเหนือ,แชร์ข้อมูล,hourly_rain,True,True,True,True,True
MOU006,หน่วยป้องกันรักษาป่าที่ ชม. ๑๓ (สันป่าตอง),18.632421,98.70687,ปิง,น้ำแม่ขาน,แม่วิน,แม่วาง,เชียงใหม่,น้ำฝน,ภาคเหนือ,แชร์ข้อมูล,hourly_rain,True,True,True,True,True
MOU007,หน่วยจัดการต้นน้ำแม่นาไทร,18.794703,98.832344,ปิง,แม่น้ำปิงส่วนที่ 2/2,บ้านปง,หางดง,เชียงใหม่,น้ำฝน,ภาคเหนือ,แชร์ข้อมูล,hourly_rain,True,True,True,True,True
MOU008,หน่วยจัดการต้นน้ำบ่อแก้ว,18.870062,98.51177,ปิง,น้ำแม่แจ่มตอนบน,แม่นาจร,แม่แจ่ม,เชียงใหม่,น้ำฝน,ภาคเหนือ,แชร์ข้อมูล,hourly_rain,True,True,True,True,True
MOU009,สะพานน้ำแม่สา,18.885904,98.82682,ปิง,แม่น้ำปิงส่วนที่ 2/2,โป่งแยง,แม่ริม,เชียงใหม่,ระดับน้ำ,ภาคเหนือ,แชร์ข้อมูล,hourly_rain,True,True,True,True,True
MOU010,สะพานห้วยแม่ตาช้าง,18.771929,98.862625,ปิง,แม่น้ำปิงส่วนที่ 2/2,บ้านปง,หางดง,เชียงใหม่,ระดับน้ำ,ภาคเหนือ,แชร์ข้อมูล,hourly_rain,True,True,True,True,True
MOU011,หน่วยจัดการต้นน้ำดอยตุง,20.323719,99.7844,โขงเหนือ,น้ำแม่จัน,แม่ฟ้าหลวง,แม่ฟ้าหลวง,เชียงราย,น้ำฝน,ภาคเหนือ,แชร์ข้อมูล,hourly_rain,True,True,True,True,True
MOU012,หน่วยพิทักษ์อุทยานฯ ที่ ดป.๔ (โครงการบ้านเล็กฯ),20.080412,99.18118,โขงเหนือ,น้ำแม่ฝาง,แม่สาว,แม่อาย,เชียงใหม่,น้ำฝน,ภาคเหนือ,แชร์ข้อมูล,hourly_rain,True,True,True,True,True
MOU013,หน่วยจัดการต้นน้ำขุนแม่กก,20.077362,99.25363,โขงเหนือ,น้ำแม่ฝาง,แม่อาย,แม่อาย,เชียงใหม่,น้ำฝน,ภาคเหนือ,แชร์ข้อมูล,hourly_rain,True,True,True,True,True
MOU014,หน่วยจัดการต้นน้ำดอยผาหลวง,20.015734,99.16127,โขงเหนือ,น้ำแม่ฝาง,โป่งน้ำร้อน,ฝาง,เชียงใหม่,น้ำฝน,ภาคเหนือ,แชร์ข้อมูล,hourly_rain,True,True,True,True,True
MOU015,สะพานห้วยแม่สาว,20.014025,99.26684,โขงเหนือ,น้ำแม่ฝาง,แม่สาว,แม่อาย,เชียงใหม่,ระดับน้ำ,ภาคเหนือ,แชร์ข้อมูล,hourly_rain,True,True,True,True,True
MOU016,ที่ทำการอุทยานแห่งชาติดอยผ้าห่มปก,19.968637,99.15381,โขงเหนือ,น้ำแม่ฝาง,โป่งน้ำร้อน,ฝาง,เชียงใหม่,น้ำฝน,ภาคเหนือ,แชร์ข้อมูล,hourly_rain,True,True,True,True,True
MOU017,หน่วยจัดการต้นน้ำแม่เผอะ (อ่างขาง),19.895344,99.04919,โขงเหนือ,น้ำแม่ฝาง,แม่งอน,ฝาง,เชียงใหม่,น้ำฝน,ภาคเหนือ,แชร์ข้อมูล,hourly_rain,True,True,True,True,True
MOU018,โครงการพัฒนาราษฎรชาวไทยภูเขา ฯ บ้านปางคอง,19.772844,98.04208,สาละวิน,น้ำของ,นาปู่ป้อม,ปางมะผ้า,แม่ฮ่องสอน,น้ำฝน,ภาคเหนือ,แชร์ข้อมูล,hourly_rain,True,True,True,True,True
MOU019,หน่วยจัดการต้นน้ำดอยถ้วย,19.692398,98.80149,ปิง,แม่น้ำแม่แตง,เมืองนะ,เชียงดาว,เชียงใหม่,น้ำฝน,ภาคเหนือ,แชร์ข้อมูล,hourly_rain,True,True,True,True,True
MOU020,หน่วยจัดการต้นน้ำแม่ทะลบหลวง,19.68675,99.22051,โขงเหนือ,น้ำแม่ฝาง,แม่ทะลบ,ไชยปราการ,เชียงใหม่,น้ำฝน,ภาคเหนือ,แชร์ข้อมูล,hourly_rain,True,True,True,True,True
MOU021,สถานีพัฒนาการเกษตรที่สูง ฯ ภูพยัคฆ์,19.504732,101.213745,น่าน,แม่น้ำน่านตอนบน,ขุนน่าน,เฉลิมพระเกียรติ,น่าน,น้ำฝน,ภาคเหนือ,แชร์ข้อมูล,hourly_rain,True,True,True,True,True
MOU022,หน่วยจัดการต้นน้ำแม่พริก (หน่วยย่อย ปางหลวง),19.48251,99.586685,โขงเหนือ,น้ำแม่ลาวส่วนที่ 1,ท่าก๊อ,แม่สรวย,เชียงราย,น้ำฝน,ภาคเหนือ,แชร์ข้อมูล,hourly_rain,True,True,True,True,True
MOU023,หน่วยจัดการต้นน้ำขุนน้ำพริก,19.457697,100.65635,น่าน,ห้วยน้ำยาว (1),ชนแดน,สองแคว,น่าน,น้ำฝน,ภาคเหนือ,แชร์ข้อมูล,hourly_rain,True,True,True,True,True
MOU024,หน่วยศึกษาการพัฒนาการอนุรักษ์ต้นน้ำน้ำม่าว,19.14955,100.23981,ยม,แม่น้ำยมตอนบนส่วนที่ 2,ปง,ปง,พะเยา,น้ำฝน,ภาคเหนือ,แชร์ข้อมูล,hourly_rain,True,True,True,True,True
MOU025,สะพานแม่น้ำน่าน บ้านเปียงก่อ,19.43208,101.152725,น่าน,แม่น้ำน่านตอนบน,ขุนน่าน,เฉลิมพระเกียรติ,น่าน,ระดับน้ำ,ภาคเหนือ,แชร์ข้อมูล,hourly_rain,True,True,True,True,True
MOU026,ที่ทำการอุทยานแห่งชาติถ้ำสะเกิน,19.383793,100.53891,ยม,แม่น้ำยมตอนบนส่วนที่ 1,ยอด,สองแคว,น่าน,น้ำฝน,ภาคเหนือ,แชร์ข้อมูล,hourly_rain,True,True,True,True,True
MOU027,สะพานน้ำยาว บ้านสองแคว,19.35672,100.70647,น่าน,ห้วยน้ำยาว (1),นาไร่หลวง,สองแคว,น่าน,ระดับน้ำ,ภาคเหนือ,แชร์ข้อมูล,hourly_rain,True,True,True,True,True
MOU028,หน่วยจัดการต้นน้ำขุนน่าน,19.348192,101.1751,น่าน,แม่น้ำน่านตอนบน,บ่อเกลือเหนือ,บ่อเกลือ,น่าน,น้ำฝน,ภาคเหนือ,แชร์ข้อมูล,hourly_rain,True,True,True,True,True
MOU029,หน่วยพิทักษ์อุทยานแห่งชาติที่ ศล.๕ (แม่ระงอง),19.32973,99.13403,ปิง,น้ำแม่งัด,น้ำแพร่,พร้าว,เชียงใหม่,น้ำฝน,ภาคเหนือ,แชร์ข้อมูล,hourly_rain,True,True,True,True,True
MOU030,หน่วยจัดการต้นน้ำน้ำกอนฝั่งซ้าย,19.310799,101.01174,น่าน,แม่น้ำน่านตอนบน,พญาแก้ว,เชียงกลาง,น่าน,น้ำฝน,ภาคเหนือ,แชร์ข้อมูล,hourly_rain,True,True,True,True,True
MOU031,ที่ทำการเขตรักษาพันธุ์สัตว์ป่าดอยผาช้าง,19.30203,100.40965,ยม,แม่น้ำยมตอนบนส่วนที่ 1,งิม,ปง,พะเยา,น้ำฝน,ภาคเหนือ,แชร์ข้อมูล,hourly_rain,True,True,True,True,True
MOU032,สะพานน้ำกอน บ้านพญาแก้ว,19.286186,100.901245,น่าน,แม่น้ำน่านตอนบน,พญาแก้ว,เชียงกลาง,น่าน,ระดับน้ำ,ภาคเหนือ,แชร์ข้อมูล,hourly_rain,True,True,True,True,True
MOU033,สะพานแม่น้ำว้า บ้านบ่อหยวก,19.270342,101.17807,น่าน,น้ำว้า,บ่อเกลือเหนือ,บ่อเกลือ,น่าน,ระดับน้ำ,ภาคเหนือ,แชร์ข้อมูล,hourly_rain,True,True,True,True,True
MOU034,หน่วยจัดการต้นน้ำขุนว้า,19.236814,101.18389,น่าน,น้ำว้า,ดงพญา,บ่อเกลือ,น่าน,น้ำฝน,ภาคเหนือ,แชร์ข้อมูล,hourly_rain,True,True,True,True,True
MOU035,สะพานน้ำขว้าง บ้านร้องแง,19.175928,100.92984,น่าน,แม่น้ำน่านตอนบน,วรนคร,ปัว,น่าน,ระดับน้ำ,ภาคเหนือ,แชร์ข้อมูล,hourly_rain,True,True,True,True,True
MOU036,สถาบันนวัตกรรมด้านป่าไม้ จังหวัดแพร่,18.13955,100.13376,ยม,แม่น้ำยมตอนกลางส่วนที่ 2,ในเวียง,เมืองแพร่,แพร่,น้ำฝน,ภาคเหนือ,แชร์ข้อมูล,hourly_rain,True,True,True,True,True
MOU037,หน่วยศึกษาการพัฒนาการอนุรักษ์ต้นน้ำน้ำคาง (ดอยวาว),19.138962,100.640915,ยม,แม่น้ำควน,ศรีภูมิ,ท่าวังผา,น่าน,น้ำฝน,ภาคเหนือ,แชร์ข้อมูล,hourly_rain,True,True,True,True,True
MOU038,สะพานห้วยน้ำสาย,19.026342,100.73505,น่าน,แม่น้ำน่านส่วนที่ 2/1,ตาลชุม,ท่าวังผา,น่าน,ระดับน้ำ,ภาคเหนือ,แชร์ข้อมูล,hourly_rain,True,True,True,True,True
MOU039,หน่วยจัดการต้นน้ำแม่หยอด,18.831062,98.10256,ปิง,น้ำแม่แจ่มตอนบน,แม่ศึก,แม่แจ่ม,เชียงใหม่,น้ำฝน,ภาคเหนือ,แชร์ข้อมูล,hourly_rain,True,True,True,True,True
MOU040,ที่ทำการอุทยานแห่งชาติดอยภูนาง,18.856346,100.1822,ยม,แม่น้ำยมตอนบนส่วนที่ 3,บ้านมาง,เชียงม่วน,พะเยา,น้ำฝน,ภาคเหนือ,แชร์ข้อมูล,hourly_rain,True,True,True,True,True
MOU041,ที่ทำการอุทยานแห่งชาติแจ้ซ้อน,18.836437,99.47019,วัง,แม่น้ำสวย,แจ้ซ้อน,เมืองปาน,ลำปาง,น้ำฝน,ภาคเหนือ,แชร์ข้อมูล,hourly_rain,True,True,True,True,True
MOU042,หน่วยจัดการต้นน้ำแม่จริม,18.804169,101.0354,น่าน,น้ำว้า,แม่จริม,แม่จริม,น่าน,น้ำฝน,ภาคเหนือ,แชร์ข้อมูล,hourly_rain,True,True,True,True,True
MOU043,หน่วยพิทักษ์อุทยานแห่งชาติที่ มย.๖ (นาฝาย),18.776993,100.30109,ยม,แม่น้ำยมตอนบนส่วนที่ 3,สะเอียบ,สอง,แพร่,น้ำฝน,ภาคเหนือ,แชร์ข้อมูล,hourly_rain,True,True,True,True,True
MOU044,หน่วยจัดการต้นน้ำแม่ขะนิง,18.752836,100.54118,น่าน,น้ำสา,แม่ขะนิง,เวียงสา,น่าน,น้ำฝน,ภาคเหนือ,แชร์ข้อมูล,hourly_rain,True,True,True,True,True
MOU045,สะพานน้ำว้า บ้านน้ำว้า,18.643225,101.010826,น่าน,น้ำว้า,น้ำพาง,แม่จริม,น่าน,ระดับน้ำ,ภาคเหนือ,แชร์ข้อมูล,hourly_rain,True,True,True,True,True
MOU046,ที่ทำการอุทยานแห่งชาติถ้ำผาไท,18.603567,99.9006,ยม,แม่น้ำงาว,บ้านหวด,งาว,ลำปาง,น้ำฝน,ภาคเหนือ,แชร์ข้อมูล,hourly_rain,True,True,True,True,True
MOU047,หน่วยพิทักษ์อุทยานแห่งชาติที่ มร. ๑ (ห้วยเต่า),18.58667,101.06919,น่าน,น้ำว้า,น้ำพาง,แม่จริม,น่าน,น้ำฝน,ภาคเหนือ,แชร์ข้อมูล,hourly_rain,True,True,True,True,True
MOU048,สะพานห้วยแม่ถาบ้านปาหุ่ง,18.584383,100.50959,น่าน,น้ำสา,ยาบหัวนา,เวียงสา,น่าน,ระดับน้ำ,ภาคเหนือ,แชร์ข้อมูล,hourly_rain,True,True,True,True,True
MOU049,ที่ทำการเขตรักษาพันธุ์สัตว์ป่าสาละวิน,18.308104,97.852234,สาละวิน,แม่น้ำยวมตอนล่างส่วนที่ 1,บ้านกาศ,แม่สะเรียง,แม่ฮ่องสอน,น้ำฝน,ภาคเหนือ,แชร์ข้อมูล,hourly_rain,True,True,True,True,True
MOU050,หน่วยจัดการต้นน้ำแม่กลาง,18.53316,98.52241,ปิง,น้ำแม่กลาง,บ้านหลวง,จอมทอง,เชียงใหม่,น้ำฝน,ภาคเหนือ,แชร์ข้อมูล,hourly_rain,True,True,True,True,True
MOU051,หน่วยจัดการต้นน้ำแม่ถา,18.516388,100.40299,น่าน,น้ำสา,ยาบหัวนา,เวียงสา,น่าน,น้ำฝน,ภาคเหนือ,แชร์ข้อมูล,hourly_rain,True,True,True,True,True
MOU052,ที่ทำการอุทยานแห่งชาติดอยขุนตาล,18.495716,99.27012,ปิง,น้ำแม่กวง,ทาปลาดุก,แม่ทา,ลำพูน,น้ำฝน,ภาคเหนือ,แชร์ข้อมูล,hourly_rain,True,True,True,True,True
MOU053,สะพานน้ำมวบ บ้านน้ำมวบ,18.484367,100.93808,น่าน,แม่น้ำน่านส่วนที่ 3/2,น้ำมวบ,เวียงสา,น่าน,ระดับน้ำ,ภาคเหนือ,แชร์ข้อมูล,hourly_rain,True,True,True,True,True
MOU054,ที่ทำการเขตรักษาพันธุ์สัตว์ป่าดอยหลวง,18.434032,100.11428,ยม,แม่น้ำยมตอนกลางส่วนที่ 1,ห้วยหม้าย,สอง,แพร่,น้ำฝน,ภาคเหนือ,แชร์ข้อมูล,hourly_rain,True,True,True,True,True
MOU055,หน่วยจัดการต้นน้ำขุนแม่แจ่ม,19.016296,98.413284,ปิง,น้ำแม่แจ่มตอนบน,แม่แดด,กัลยาณิวัฒนา,เชียงใหม่,น้ำฝน,ภาคเหนือ,แชร์ข้อมูล,hourly_rain,True,True,True,True,True
MOU056,หน่วยจัดการต้นน้ำสวนป่าสิริกิติ์,18.36419,98.46656,ปิง,น้ำแม่กลาง,กองแขก,แม่แจ่ม,เชียงใหม่,น้ำฝน,ภาคเหนือ,แชร์ข้อมูล,hourly_rain,True,True,True,True,True
MOU057,หน่วยจัดการต้นน้ำขุนสถาน,18.260094,100.54344,น่าน,น้ำแหง,สันทะ,นาน้อย,น่าน,น้ำฝน,ภาคเหนือ,แชร์ข้อมูล,hourly_rain,True,True,True,True,True
MOU058,หน่วยศึกษาการพัฒนาการอนุรักษ์ต้นน้ำแม่ถาง,18.246656,100.35791,ยม,แม่น้ำยมตอนกลางส่วนที่ 2,น้ำเลา,ร้องกวาง,แพร่,น้ำฝน,ภาคเหนือ,แชร์ข้อมูล,hourly_rain,True,True,True,True,True
MOU059,ที่ทำการอุทยานแห่งชาติดอยผากลอง,18.15246,99.98731,ยม,น้ำแม่ต้า,ต้าผามอก,ลอง,แพร่,น้ำฝน,ภาคเหนือ,แชร์ข้อมูล,hourly_rain,True,True,True,True,True
MOU060,หน่วยพิทักษ์อุทยานฯ ที่ ผก.๒ (ถ้ำเอราวัณ-แก่งหลวง),18.036478,99.94223,ยม,แม่น้ำยมตอนกลางส่วนที่ 2,บ้านปิน,ลอง,แพร่,น้ำฝน,ภาคเหนือ,แชร์ข้อมูล,hourly_rain,True,True,True,True,True
MOU061,หน่วยพิทักษ์อุทยานแห่งชาติ ที่ วศ.๑ (แม่แขม),18.031418,99.70316,ยม,แม่น้ำยมตอนล่างส่วนที่ 1,บ่อเหล็กลอง,ลอง,แพร่,น้ำฝน,ภาคเหนือ,แชร์ข้อมูล,hourly_rain,True,True,True,True,True
MOU062,หน่วยพิทักษ์ป่าน้ำสาว,19.044817,100.49136,ยม,แม่น้ำควน,ขุนควร,ปง,พะเยา,น้ำฝน,ภาคเหนือ,แชร์ข้อมูล,hourly_rain,True,True,True,True,True
MOU063,ที่ทำการอุทยานแห่งชาติเวียงโกศัย,17.966305,99.59616,ยม,แม่น้ำยมตอนล่างส่วนที่ 1,แม่เกิ๋ง,วังชิ้น,แพร่,น้ำฝน,ภาคเหนือ,แชร์ข้อมูล,hourly_rain,True,True,True,True,True
MOU064,หน่วยศึกษาการพัฒนาการอนุรักษ์ต้นน้ำแม่สูง,17.804287,99.82809,ยม,ห้วยแม่สิน,นาพูน,วังชิ้น,แพร่,น้ำฝน,ภาคเหนือ,แชร์ข้อมูล,hourly_rain,True,True,True,True,True
MOU065,หน่วยศึกษาการพัฒนาการอนุรักษ์ต้นน้ำผาเวียง,17.730162,99.57418,ยม,แม่น้ำยมตอนล่างส่วนที่ 2,แม่สิน,ศรีสัชนาลัย,สุโขทัย,น้ำฝน,ภาคเหนือ,แชร์ข้อมูล,hourly_rain,True,True,True,True,True
MOU066,หน่วยพิทักษ์อุทยานแห่งชาติ ที่ สก. 2 (ภูลังกา),19.393606,100.45062,ยม,แม่น้ำยมตอนบนส่วนที่ 1,ผาช้างน้อย,ปง,พะเยา,น้ำฝน,ภาคเหนือ,แชร์ข้อมูล,hourly_rain,True,True,True,True,True
MOU067,หน่วยศึกษาการพัฒนาการอนุรักษ์ต้นน้ำแม่สาน (หน่วยย่อย),17.653162,99.604034,ยม,แม่น้ำยมตอนล่างส่วนที่ 2,แม่สิน,ศรีสัชนาลัย,สุโขทัย,น้ำฝน,ภาคเหนือ,แชร์ข้อมูล,hourly_rain,True,True,True,True,True
MOU068,อุทยานแห่งชาติแม่เมย,17.483812,98.07418,สาละวิน,แม่น้ำเมยตอนล่าง,แม่สอง,ท่าสองยาง,ตาก,น้ำฝน,ภาคเหนือ,แชร์ข้อมูล,hourly_rain,True,True,True,True,True
MOU069,หน่วยพิทักษ์อุทยานแห่งชาติ มว.๔ (แม่แสลม),17.385546,99.30819,ยม,น้ำแม่มอก,เวียงมอก,เถิน,ลำปาง,น้ำฝน,ภาคเหนือ,แชร์ข้อมูล,hourly_rain,True,True,True,True,True
MOU070,หน่วยจัดการต้นน้ำดอยเปเปอร์,17.265078,98.35859,สาละวิน,แม่น้ำเมยตอนล่าง,แม่หละ,ท่าสองยาง,ตาก,น้ำฝน,ภาคเหนือ,แชร์ข้อมูล,hourly_rain,True,True,True,True,True
MOU071,ที่ทำการเขตรักษาพันธุ์สัตว์ป่าถ้ำเจ้าราม,17.243807,99.48649,ยม,น้ำแม่มอก,นาขุนไกร,ศรีสำโรง,สุโขทัย,น้ำฝน,ภาคเหนือ,แชร์ข้อมูล,hourly_rain,True,True,True,True,True
MOU072,โครงการอนุรักษ์สภาพป่าแม่ตื่น ฯ (บ้านห้วยน้ำเย็น),17.22546,98.5574,ปิง,น้ำแม่ตื่น,แม่ตื่น,แม่ระมาด,ตาก,น้ำฝน,ภาคเหนือ,แชร์ข้อมูล,hourly_rain,True,True,True,True,True
MOU073,สะพานแม่ตื่น,17.12535,98.6394,ปิง,น้ำแม่ตื่น,แม่ตื่น,แม่ระมาด,ตาก,ระดับน้ำ,ภาคเหนือ,แชร์ข้อมูล,hourly_rain,True,True,True,True,True
MOU074,คลองแม่รำพัน 1,17.050375,99.664345,ยม,น้ำแม่รำพัน,เมืองเก่า,เมืองสุโขทัย,สุโขทัย,ระดับน้ำ,ภาคเหนือ,แชร์ข้อมูล,hourly_rain,True,True,True,True,True
MOU075,หน่วยพิทักษ์อุทยานแห่งชาติที่ รค.๒ (คลองสวน),17.026962,99.62327,ยม,น้ำแม่รำพัน,บ้านด่าน,บ้านด่านลานหอย,สุโขทัย,น้ำฝน,ภาคเหนือ,แชร์ข้อมูล,hourly_rain,True,True,True,True,True
MOU076,ยอดเขาหลวง (อุทยานแห่งชาติรามคำแหง),16.8775,99.6929,ยม,แม่น้ำยมตอนล่างส่วนที่ 4,ศรีคีรีมาศ,คีรีมาศ,สุโขทัย,น้ำฝน,ภาคเหนือ,แชร์ข้อมูล,hourly_rain,True,True,True,True,True
MOU077,หน่วยพิทักษ์อุทยานแห่งชาติที่ ตม.๓ (ปูแป้),16.852455,98.770515,สาละวิน,ห้วยแม่ละเมา,พะวอ,แม่สอด,ตาก,น้ำฝน,ภาคเหนือ,แชร์ข้อมูล,hourly_rain,True,True,True,True,True
MOU078,หน่วยพิทักษ์อุทยานแห่งชาติที่ ผท.๑ (ปากบอก),19.0587,99.7755,ยม,แม่น้ำงาว,บ้านร้อง,งาว,ลำปาง,น้ำฝน,ภาคเหนือ,แชร์ข้อมูล,hourly_rain,True,True,True,True,True
MOU079,หน่วยจัดการต้นน้ำแม่กลองน้อย-แม่กลองใหญ่,16.28706,98.99642,แม่กลอง,แม่น้ำแควใหญ่ตอนบนส่วนที่ 1,โมโกร,อุ้มผาง,ตาก,น้ำฝน,ภาคเหนือ,แชร์ข้อมูล,hourly_rain,True,True,True,True,True
MOU080,หน่วยพิทักษ์ป่าเขาปันโส,15.23958,99.40895,ท่าจีน,ห้วยกระเสียว,คอกควาย,บ้านไร่,อุทัยธานี,น้ำฝน,ภาคเหนือ,แชร์ข้อมูล,hourly_rain,True,True,True,True,True
MOU081,หน่วยจัดการต้นน้ำน้ำพาง,16.950624,101.625046,ชี,ลำน้ำพองตอนบนส่วนที่ 1,วังกวาง,น้ำหนาว,เพชรบูรณ์,น้ำฝน,ภาคเหนือ,แชร์ข้อมูล,hourly_rain,True,True,True,True,True
MOU082,หน่วยพิทักษ์อุทยานฯ ที่ นน.๖ (ถ้ำใหญ่น้ำหนาว),16.946766,101.50735,ป่าสัก,แม่น้ำป่าสักตอนบน,วังกวาง,น้ำหนาว,เพชรบูรณ์,น้ำฝน,ภาคเหนือ,แชร์ข้อมูล,hourly_rain,True,True,True,True,True
MOU083,หน่วยพิทักษ์อุทยานแห่งชาติที่ ขค.๓ (ผาซ่อนแก้ว),16.777805,101.06848,ป่าสัก,แม่น้ำป่าสักส่วนที่ 2,แคมป์สน,เขาค้อ,เพชรบูรณ์,น้ำฝน,ภาคเหนือ,แชร์ข้อมูล,hourly_rain,True,True,True,True,True
MOU084,อุทยานแห่งชาติน้ำหนาว,16.739008,101.56979,ชี,ลำน้ำเชิญส่วนที่ 1,น้ำหนาว,น้ำหนาว,เพชรบูรณ์,น้ำฝน,ภาคเหนือ,แชร์ข้อมูล,hourly_rain,True,True,True,True,True
MOU085,หน่วยพิทักษ์ป่าช้างตะลูด,16.57349,101.33624,ป่าสัก,แม่น้ำป่าสักส่วนที่ 2,ช้างตะลูด,หล่มสัก,เพชรบูรณ์,น้ำฝน,ภาคเหนือ,แชร์ข้อมูล,hourly_rain,True,True,True,True,True
MOU086,หน่วยจัดการต้นน้ำห้วยอีมาย,16.4093,101.283035,ป่าสัก,แม่น้ำป่าสักส่วนที่ 2,นาป่า,เมืองเพชรบูรณ์,เพชรบูรณ์,น้ำฝน,ภาคเหนือ,แชร์ข้อมูล,hourly_rain,True,True,True,True,True
MOU087,อุทยานแห่งชาติภูเรือ,17.503641,101.35063,โขงตะวันออกเฉียงเหนือ,แม่น้ำโขงส่วนที่ 4,หนองบัว,ภูเรือ,เลย,น้ำฝน,ภาคตะวันออกเฉียงเหนือ,แชร์ข้อมูล,hourly_rain,True,True,True,True,True
MOU088,หน่วยจัดการต้นน้ำน้ำโสม,17.928356,102.06969,โขงตะวันออกเฉียงเหนือ,ห้วยน้ำโสม,นาแค,นายูง,อุดรธานี,น้ำฝน,ภาคตะวันออกเฉียงเหนือ,แชร์ข้อมูล,hourly_rain,True,True,True,True,True
MOU089,เขตห้ามล่าสัตว์ป่าหนองหานกุมภวาปี,17.210735,103.003716,ชี,ลำปาวตอนบน,นาม่วง,ประจักษ์ศิลปาคม,อุดรธานี,น้ำฝน,ภาคตะวันออกเฉียงเหนือ,แชร์ข้อมูล,hourly_rain,True,True,True,True,True
MOU090,โครงการพัฒนาพื้นที่ภูผาหัก,17.187243,103.45411,ชี,ลำพันชาด,ผาสุก,วังสามหมอ,อุดรธานี,น้ำฝน,ภาคตะวันออกเฉียงเหนือ,แชร์ข้อมูล,hourly_rain,True,True,True,True,True
MOU091,สถานีควบคุมไฟป่าภูฝอยลม,17.158497,102.69408,ชี,ลำปาวตอนบน,ทับกุง,หนองแสง,อุดรธานี,น้ำฝน,ภาคตะวันออกเฉียงเหนือ,แชร์ข้อมูล,hourly_rain,True,True,True,True,True
MOU092,หน่วยจัดการต้นน้ำห้วยหลวง,17.078436,102.56078,โขงตะวันออกเฉียงเหนือ,ห้วยหลวงส่วนที่ 1,อูบมุง,หนองวัวซอ,อุดรธานี,น้ำฝน,ภาคตะวันออกเฉียงเหนือ,แชร์ข้อมูล,hourly_rain,True,True,True,True,True
MOU093,ศูนย์ศึกษาการพัฒนาการอนุรักษ์ต้นน้ำลุ่มน้ำชี,16.931946,102.7016,ชี,ลำน้ำพองตอนล่างส่วนที่ 1,ศรีสุขสำราญ,อุบลรัตน์,ขอนแก่น,น้ำฝน,ภาคตะวันออกเฉียงเหนือ,แชร์ข้อมูล,hourly_rain,True,True,True,True,True
MOU094,หน่วยพิทักษ์อุทยานแห่งชาติที่ ลย.๑ (วังกวาง),16.886986,101.78821,ชี,ลำน้ำพองตอนบนส่วนที่ 1,ศรีฐาน,ภูกระดึง,เลย,น้ำฝน,ภาคตะวันออกเฉียงเหนือ,แชร์ข้อมูล,hourly_rain,True,True,True,True,True
MOU095,อุทยานแห่งชาติภูผาม่าน,16.758228,101.96858,ชี,ลำน้ำเชิญส่วนที่ 1,นาหนองทุ่ม,ชุมแพ,ขอนแก่น,น้ำฝน,ภาคตะวันออกเฉียงเหนือ,แชร์ข้อมูล,hourly_rain,True,True,True,True,True
MOU096,หน่วยจัดการต้นน้ำลำพะยัง,16.682842,103.957504,ชี,ลำน้ำยัง,ภูแล่นช้าง,นาคู,กาฬสินธุ์,น้ำฝน,ภาคตะวันออกเฉียงเหนือ,แชร์ข้อมูล,hourly_rain,True,True,True,True,True
MOU097,หน่วยจัดการต้นน้ำภูเวียง,16.677929,102.354195,ชี,ลำน้ำพองตอนบนส่วนที่ 3,สงเปือย,ภูเวียง,ขอนแก่น,น้ำฝน,ภาคตะวันออกเฉียงเหนือ,แชร์ข้อมูล,hourly_rain,True,True,True,True,True
MOU098,สถานีวิจัยต้นน้ำชี,16.66195,102.22475,ชี,ลำน้ำพองตอนบนส่วนที่ 3,ในเมือง,เวียงเก่า,ขอนแก่น,น้ำฝน,ภาคตะวันออกเฉียงเหนือ,แชร์ข้อมูล,hourly_rain,True,True,True,True,True
MOU099,หน่วยจัดการต้นน้ำลำเชิญ,16.66067,101.73709,ชี,ลำน้ำเชิญส่วนที่ 1,ทุ่งพระ,คอนสาร,ชัยภูมิ,น้ำฝน,ภาคตะวันออกเฉียงเหนือ,แชร์ข้อมูล,hourly_rain,True,True,True,True,True
MOU100,อุทยานแห่งชาติภูผาเทิบ,16.433313,104.80224,โขงตะวันออกเฉียงเหนือ,ห้วยมุก,นาสีนวน,เมืองมุกดาหาร,มุกดาหาร,น้ำฝน,ภาคตะวันออกเฉียงเหนือ,แชร์ข้อมูล,hourly_rain,True,True,True,True,True
MOU101,อุทยานแห่งชาติภูแลนคา,15.997118,101.88819,ชี,ลำน้ำชีส่วนที่ 2/2,ห้วยต้อน,เมืองชัยภูมิ,ชัยภูมิ,น้ำฝน,ภาคตะวันออกเฉียงเหนือ,แชร์ข้อมูล,hourly_rain,True,True,True,True,True
MOU102,อุทยานแห่งชาติตาดโตน,15.984405,102.037865,ชี,ลำน้ำชีส่วนที่ 2/2,นาฝาย,เมืองชัยภูมิ,ชัยภูมิ,น้ำฝน,ภาคตะวันออกเฉียงเหนือ,แชร์ข้อมูล,hourly_rain,True,True,True,True,True
MOU103,สถานีควบคุมไฟป่าภูสิงห์ภูผาผึ้ง-ภูสระดอกบัว,15.885829,104.73016,มูล,ลำเซบก,หนองมะแซว,เมืองอำนาจเจริญ,อำนาจเจริญ,น้ำฝน,ภาคตะวันออกเฉียงเหนือ,แชร์ข้อมูล,hourly_rain,True,True,True,True,True
MOU104,อุทยานแห่งชาติป่าหินงาม,15.632916,101.38916,ชี,ลำคันฉู,บ้านไร่,เทพสถิต,ชัยภูมิ,น้ำฝน,ภาคตะวันออกเฉียงเหนือ,แชร์ข้อมูล,hourly_rain,True,True,True,True,True
MOU105,ผาชะนะได (อช.ผาแต้ม),15.62108,105.6168,โขงตะวันออกเฉียงเหนือ,แม่น้ำโขงตอนล่าง,นาโพธิ์กลาง,โขงเจียม,อุบลราชธานี,น้ำฝน,ภาคตะวันออกเฉียงเหนือ,แชร์ข้อมูล,hourly_rain,True,True,True,True,True
MOU106,หน่วยพิทักษ์อุทยานแห่งชาติที่ ขญ.๑๗ (กลางดง),14.549555,101.26519,ป่าสัก,ห้วยหมวกเหล็ก,พญาเย็น,ปากช่อง,นครราชสีมา,น้ำฝน,ภาคตะวันออกเฉียงเหนือ,แชร์ข้อมูล,hourly_rain,True,True,True,True,True
MOU107,ศูนย์ศึกษาการพัฒนาการอนุรักษ์ต้นน้ำลุ่มน้ำมูลตอนบน,14.467741,101.59084,มูล,ลำพระเพลิง,โป่งตาลอง,ปากช่อง,นครราชสีมา,น้ำฝน,ภาคตะวันออกเฉียงเหนือ,แชร์ข้อมูล,hourly_rain,True,True,True,True,True
MOU108,ผามออีแดง (อช.เขาพระวิหาร),14.404393,104.688,มูล,ห้วยขยุงส่วนที่ 1,เสาธงชัย,กันทรลักษ์,ศรีสะเกษ,น้ำฝน,ภาคตะวันออกเฉียงเหนือ,แชร์ข้อมูล,hourly_rain,True,True,True,True,True
MOU109,อุทยานแห่งชาติภูจองนายอย,14.4351635,105.255844,มูล,ลำโดมใหญ่,นาจะหลวย,นาจะหลวย,อุบลราชธานี,น้ำฝน,ภาคตะวันออกเฉียงเหนือ,แชร์ข้อมูล,hourly_rain,True,True,True,True,True
MOU110,หน่วยจัดการต้นน้ำห้วยสำราญ,14.431585,104.05005,มูล,ห้วยสำราญ,จรัส,บัวเชด,สุรินทร์,น้ำฝน,ภาคตะวันออกเฉียงเหนือ,แชร์ข้อมูล,hourly_rain,True,True,True,True,True
MOU111,หน่วยพิทักษ์อุทยานแห่งชาติที่ ขญ.๔ (คลองปลากั้ง),14.356429,101.72591,มูล,ลำพระเพลิง,วังหมี,วังน้ำเขียว,นครราชสีมา,น้ำฝน,ภาคตะวันออกเฉียงเหนือ,แชร์ข้อมูล,hourly_rain,True,True,True,True,True
MOU112,หน่วยพิทักษ์อุทยานแห่งชาติที่ ทล.๑๑ (ไทยสามัคคี),14.322967,101.93308,บางปะกง,แม่น้ำหนุมาน,ไทยสามัคคี,วังน้ำเขียว,นครราชสีมา,น้ำฝน,ภาคตะวันออกเฉียงเหนือ,แชร์ข้อมูล,hourly_rain,True,True,True,True,True
MOU113,หน่วยพิทักษ์อุทยานแห่งชาติที่ ตย.๕ (บาระแนะ),14.250021,102.97807,มูล,ลำปะเทีย,หนองแวง,ละหานทราย,บุรีรัมย์,น้ำฝน,ภาคตะวันออกเฉียงเหนือ,แชร์ข้อมูล,hourly_rain,True,True,True,True,True
MOU114,อุทยานแห่งชาติเขาใหญ่,14.434381,101.37257,มูล,ลำตะคอง,หินตั้ง,เมืองนครนายก,นครนายก,น้ำฝน,ภาคกลาง,แชร์ข้อมูล,hourly_rain,True,True,True,True,True
MOU115,หน่วยพิทักษ์อุทยานแห่งชาติที่ ขญ.๑๐ (ประจันตคาม),14.181131,101.59204,บางปะกง,แม่น้ำปราจีนบุรีตอนล่าง,บุฝ้าย,ประจันตคาม,ปราจีนบุรี,น้ำฝน,ภาคกลาง,แชร์ข้อมูล,hourly_rain,True,True,True,True,True
MOU116,หน่วยจัดการต้นน้ำเนินหอม,14.174955,101.43888,บางปะกง,แม่น้ำปราจีนบุรีตอนล่าง,เนินหอม,เมืองปราจีนบุรี,ปราจีนบุรี,น้ำฝน,ภาคกลาง,แชร์ข้อมูล,hourly_rain,True,True,True,True,True
MOU117,หน่วยพิทักษ์อุทยานแห่งชาติที่ ตย.๑ (ทัพไทย),14.138208,102.88575,โตนเลสาป,โตนเลสาปตอนบน (ลุ่มน้ำสาขา),ทัพไทย,ตาพระยา,สระแก้ว,น้ำฝน,ภาคกลาง,แชร์ข้อมูล,hourly_rain,True,True,True,True,True
MOU118,ศูนย์ศึกษาการพัฒนาการอนุรักษ์ต้นน้ำลุ่มน้ำบางปะกง,13.351701,101.99859,บางปะกง,คลองพระสทึง,วังทอง,วังสมบูรณ์,สระแก้ว,น้ำฝน,ภาคกลาง,แชร์ข้อมูล,hourly_rain,True,True,True,True,True
MOU119,หน่วยพิทักษ์ป่ามาบลำบิด,13.16463,101.15411,บางปะกง,ที่ราบแม่น้ำบางปะกงส่วนที่ 2,คลองกิ่ว,บ้านบึง,ชลบุรี,น้ำฝน,ภาคกลาง,แชร์ข้อมูล,hourly_rain,True,True,True,True,True
MOU120,หน่วยพิทักษ์ป่าเขาช่องลม,13.157216,101.114716,ชายฝั่งทะเลตะวันออก,คลองใหญ่,เขาคันทรง,ศรีราชา,ชลบุรี,น้ำฝน,ภาคกลาง,แชร์ข้อมูล,hourly_rain,True,True,True,True,True
MOU121,เขตห้ามล่าสัตว์ป่าเขาชีโอน,12.768084,100.97312,ชายฝั่งทะเลตะวันออก,ชายฝั่งทะเลตะวันออก (ลุ่มน้ำสาขา 1),นาจอมเทียน,สัตหีบ,ชลบุรี,น้ำฝน,ภาคกลาง,แชร์ข้อมูล,hourly_rain,True,True,True,True,True
MOU122,หน่วยพิทักษ์อุทยานแห่งชาติที่ พล.๒ (บ้านอ่าง),12.625152,102.19485,ชายฝั่งทะเลตะวันออก,แม่น้ำจันทบุรี,มะขาม,มะขาม,จันทบุรี,น้ำฝน,ภาคกลาง,แชร์ข้อมูล,hourly_rain,True,True,True,True,True
MOU123,หน่วยจัดการต้นน้ำซองกาเลีย,15.215669,98.38663,แม่กลอง,แม่น้ำแควน้อยตอนบนส่วนที่ 1,หนองลู,สังขละบุรี,กาญจนบุรี,น้ำฝน,ภาคกลาง,แชร์ข้อมูล,hourly_rain,True,True,True,True,True
MOU124,เขตห้ามล่าสัตว์ป่าเขาสมโภชน์,15.181661,101.29397,ป่าสัก,ลำสนธิ,นาโสม,ชัยบาดาล,ลพบุรี,น้ำฝน,ภาคกลาง,แชร์ข้อมูล,hourly_rain,True,True,True,True,True
MOU125,หน่วยพิทักษ์ป่าหินเรือ,10.745923,98.94684,ภาคใต้ฝั่งตะวันออกตอนบน,คลองท่าตะเภา ( ลุ่มน้ำสาขา ),รับร่อ,ท่าแซะ,ชุมพร,น้ำฝน,ภาคใต้,แชร์ข้อมูล,hourly_rain,True,True,True,True,True
MOU126,หน่วยจัดการต้นน้ำตาปี,9.162992,98.88695,ภาคใต้ฝั่งตะวันออกตอนบน,คลองพุมดวงตอนล่าง,ตะกุกใต้,วิภาวดี,สุราษฎร์ธานี,น้ำฝน,ภาคใต้,แชร์ข้อมูล,hourly_rain,True,True,True,True,True
MOU127,เขตรักษาพันธุ์สัตว์ป่าน้ำตกสองแพรก,8.612496,98.54957,ภาคใต้ฝั่งตะวันตก,ภาคใต้ฝั่งตะวันตกส่วนที่ 2,สองแพรก,เมืองพังงา,พังงา,น้ำฝน,ภาคใต้,แชร์ข้อมูล,hourly_rain,True,True,True,True,True
MOU128,สถานีวิจัยต้นน้ำตาปี,8.594121,99.55759,ภาคใต้ฝั่งตะวันออกตอนบน,แม่น้ำตาปีตอนบนส่วนที่ 1,กะทูน,พิปูน,นครศรีธรรมราช,น้ำฝน,ภาคใต้,แชร์ข้อมูล,hourly_rain,True,True,True,True,True
MOU129,สถานีวิจัยต้นน้ำคีรีวง,8.432166,99.7688,ภาคใต้ฝั่งตะวันออกตอนบน,ภาคใต้ฝั่งตะวันออกส่วนที่ 4,กำโลน,ลานสกา,นครศรีธรรมราช,น้ำฝน,ภาคใต้,แชร์ข้อมูล,hourly_rain,True,True,True,True,True
MOU130,หน่วยพิทักษ์อุทยานแห่งชาติที่ ขป.๔ (บ้านน้ำตก),7.9633784,99.76108,ภาคใต้ฝั่งตะวันออกตอนบน,ภาคใต้ฝั่งตะวันออกส่วนที่ 4,น้ำตก,ทุ่งสง,นครศรีธรรมราช,น้ำฝน,ภาคใต้,แชร์ข้อมูล,hourly_rain,True,True,True,True,True
MOU131,หน่วยพิทักษ์ป่าควนนางเหวน,7.8844504,100.06674,ทะเลสาบสงขลา,ทะเลน้อย,ขอนหาด,ชะอวด,นครศรีธรรมราช,น้ำฝน,ภาคใต้,แชร์ข้อมูล,hourly_rain,True,True,True,True,True
MOU132,หน่วยพิทักษ์อุทยานแห่งชาติที ขป.๘ (น้ำตกหนานปลิว),7.8546777,99.80874,ทะเลสาบสงขลา,ทะเลน้อย,ลานข่อย,ป่าพะยอม,พัทลุง,น้ำฝน,ภาคใต้,แชร์ข้อมูล,hourly_rain,True,True,True,True,True
MOU133,สถานีควบคุมไฟป่าพัทลุง,7.758506,99.817474,ทะเลสาบสงขลา,ทะเลน้อย,เกาะเต่า,ป่าพะยอม,พัทลุง,น้ำฝน,ภาคใต้,แชร์ข้อมูล,hourly_rain,True,True,True,True,True
MOU134,หน่วยพิทักษ์อุทยานแห่งชาติที่ ขป.๙  (น้ำตกเขาคราม),7.515903,99.878586,ทะเลสาบสงขลา,ทะเลหลวง,บ้านนา,ศรีนครินทร์,พัทลุง,น้ำฝน,ภาคใต้,แชร์ข้อมูล,hourly_rain,True,True,True,True,True
MOU135,หน่วยพิทักษ์ป่าอ่าวท่ายาง,7.420253,100.33268,ทะเลสาบสงขลา,ทะเลหลวง,เกาะหมาก,ปากพะยูน,พัทลุง,น้ำฝน,ภาคใต้,แชร์ข้อมูล,hourly_rain,True,True,True,True,True
MOU136,หน่วยจัดการต้นน้ำคลองป่าพรุพ้อ,7.1621695,100.08449,ทะเลสาบสงขลา,ทะเลหลวง,ทุ่งนารี,ป่าบอน,พัทลุง,น้ำฝน,ภาคใต้,แชร์ข้อมูล,hourly_rain,True,True,True,True,True
MOU137,ที่ทำการอุทยานแห่งชาติทะเลบัน,6.708994,100.16906,ภาคใต้ฝั่งตะวันตก,คลองบำบัง,วังประจัน,ควนโดน,สตูล,น้ำฝน,ภาคใต้,แชร์ข้อมูล,hourly_rain,True,True,True,True,True
MOU138,ที่ทำการอุทยานแห่งชาติเขาน้ำค้าง,6.600056,100.58906,ทะเลสาบสงขลา,คลองนาทวี,คลองกวาง,นาทวี,สงขลา,น้ำฝน,ภาคใต้,แชร์ข้อมูล,hourly_rain,True,True,True,True,True
MOU139,หน่วยพิทักษ์อุทยานฯ ที่ บล.๒ (น้ำตกฮาลาซะห์),6.0583444,101.40899,ภาคใต้ฝั่งตะวันออกตอนล่าง,แม่น้ำปัตตานีตอนบน,แม่หวาด,ธารโต,ยะลา,น้ำฝน,ภาคใต้,แชร์ข้อมูล,hourly_rain,True,True,True,True,True
MOU140,หน่วยพิทักษ์อุทยานฯ ที่ บล.๔ (น้ำตกละอองรุ้ง),5.9976163,101.186714,ภาคใต้ฝั่งตะวันออกตอนล่าง,แม่น้ำปัตตานีตอนบน,แม่หวาด,ธารโต,ยะลา,น้ำฝน,ภาคใต้,แชร์ข้อมูล,hourly_rain,True,True,True,True,True
MOU141,ที่ทำการอุทยานแห่งชาติน้ำตกซีโป,6.2716146,101.64063,ภาคใต้ฝั่งตะวันออกตอนล่าง,แม่น้ำบางนรา,เฉลิม,ระแงะ,นราธิวาส,น้ำฝน,ภาคใต้,แชร์ข้อมูล,hourly_rain,True,True,True,True,True
MOU142,เขตรักษาพันธุ์สัตว์ป่าฮาลา-บาลา,5.8074923,101.845184,ภาคใต้ฝั่งตะวันออกตอนล่าง,แม่น้ำโกลก,โละจูด,แว้ง,นราธิวาส,น้ำฝน,ภาคใต้,แชร์ข้อมูล,hourly_rain,True,True,True,True,True
MOU171,สะพานแม่น้ำงาว,20.030525,100.48953,โขงเหนือ,แม่น้ำโขงส่วนที่ 2,ท่าข้าม,เวียงแก่น,เชียงราย,ระดับน้ำ,ภาคเหนือ,แชร์ข้อมูล,hourly_rain,True,True,True,True,True
MOU174,หน่วยจัดการต้นน้ำดอยผาหม่น,19.470375,100.48699,โขงเหนือ,แม่ลาว,ร่มเย็น,เชียงคำ,พะเยา,น้ำฝน,ภาคเหนือ,แชร์ข้อมูล,hourly_rain,True,True,True,True,True
MOU175,หน่วยจัดการต้นน้ำภูซาง,19.66635,100.37705,โขงเหนือ,แม่ลาว,ภูซาง,ภูซาง,พะเยา,น้ำฝน,ภาคเหนือ,แชร์ข้อมูล,hourly_rain,True,True,True,True,True
MOU176,หน่วยจัดการต้นน้ำหงาว-งาว,19.85607,100.45244,โขงเหนือ,แม่น้ำโขงส่วนที่ 2,ปอ,เวียงแก่น,เชียงราย,น้ำฝน,ภาคเหนือ,แชร์ข้อมูล,hourly_rain,True,True,True,True,True
MOU180,หน่วยจัดการต้นน้ำดอยปางหนุน,20.36006,99.49888,โขงเหนือ,น้ำแม่จัน,เทอดไทย,แม่ฟ้าหลวง,เชียงราย,น้ำฝน,ภาคเหนือ,แชร์ข้อมูล,hourly_rain,True,True,True,True,True
MOU189,ที่ทำการอุทยานแห่งชาติถ้ำหลวง - ขุนน้ำนางนอน,20.38133,99.86719,โขงเหนือ,แม่น้ำโขงตอนบนส่วนที่ 1,โป่งผา,แม่สาย,เชียงราย,น้ำฝน,ภาคเหนือ,แชร์ข้อมูล,hourly_rain,True,True,True,True,True
MOU190,หน่วยพิทักษ์อุทยานแห่งชาติที่ มป. ๓ (ห้วยหลวง),19.51145,99.9326,โขงเหนือ,แม่น้ำอิงตอนกลางส่วนที่ 1,โรงช้าง,ป่าแดด,เชียงราย,น้ำฝน,ภาคเหนือ,แชร์ข้อมูล,hourly_rain,True,True,True,True,True
MOU191,หน่วยพิทักษ์อุทยานแห่งชาติที่ มป. ๒ (ห้วยพญาเก๊า),19.803038,99.87328,โขงเหนือ,น้ำแม่กกตอนล่างส่วนที่ 3,ห้วยสัก,เมืองเชียงราย,เชียงราย,น้ำฝน,ภาคเหนือ,แชร์ข้อมูล,hourly_rain,True,True,True,True,True
MOU192,ที่ทำการอุทยานแห่งชาติแม่ปืม,19.351439,99.86931,โขงเหนือ,แม่น้ำอิงตอนบน,แม่ปืม,เมืองพะเยา,พะเยา,น้ำฝน,ภาคเหนือ,แชร์ข้อมูล,hourly_rain,True,True,True,True,True
MOU195,หน่วยพิทักษ์อุทยานแห่งชาติที่ ดล.6 (จำปาทอง),19.217377,99.73813,โขงเหนือ,แม่น้ำอิงตอนบน,บ้านต๊ำ,เมืองพะเยา,พะเยา,น้ำฝน,ภาคเหนือ,แชร์ข้อมูล,hourly_rain,True,True,True,True,True
MOU196,หน่วยพิทักษ์อุทยานแห่งชาติที่ ดล. ๔ (สันกลาง),19.63342,99.65183,โขงเหนือ,แม่น้ำพุง,สันกลาง,พาน,เชียงราย,น้ำฝน,ภาคเหนือ,แชร์ข้อมูล,hourly_rain,True,True,True,True,True
MOU198,ที่ทำการอุทยานแห่งชาติดอยหลวง,19.44382,99.70315,โขงเหนือ,แม่น้ำพุง,แม่เย็น,พาน,เชียงราย,น้ำฝน,ภาคเหนือ,แชร์ข้อมูล,hourly_rain,True,True,True,True,True
MOU199,ศูนย์ส่งเสริมการควบคุมไฟป่าเชียงราย,20.241655,100.170746,โขงเหนือ,แม่น้ำอิงตอนล่าง,บ้านแซว,เชียงแสน,เชียงราย,น้ำฝน,ภาคเหนือ,แชร์ข้อมูล,hourly_rain,True,True,True,True,True
MOU202,ที่ทำการเขตห้ามล่าสัตว์ป่าหนองบงคาย,20.261322,100.046104,โขงเหนือ,น้ำแม่กกตอนล่างส่วนที่ 3,โยนก,เชียงแสน,เชียงราย,น้ำฝน,ภาคเหนือ,แชร์ข้อมูล,hourly_rain,True,True,True,True,True
MOU204,หน่วยจัดการต้นน้ำน้ำก่ำ,16.8692,104.528,โขงตะวันออกเฉียงเหนือ,ห้วยน้ำก่ำ,พิมาน,นาแก,นครพนม,น้ำฝน,ภาคตะวันออกเฉียงเหนือ,แชร์ข้อมูล,hourly_rain,True,True,True,True,True
MOU211,หน่วยจัดการต้นน้ำห้วยหินสอ,17.3048,101.4,โขงตะวันออกเฉียงเหนือ,น้ำสาน,ปลาบ่า,ภูเรือ,เลย,น้ำฝน,ภาคตะวันออกเฉียงเหนือ,แชร์ข้อมูล,hourly_rain,True,True,True,True,True
MOU212,ที่ทำการอุทยานแห่งชาติภูสวยทราย,17.503416,100.93903,โขงตะวันออกเฉียงเหนือ,แม่น้ำโขงส่วนที่ 3,แสงภา,นาแห้ว,เลย,น้ำฝน,ภาคตะวันออกเฉียงเหนือ,แชร์ข้อมูล,hourly_rain,True,True,True,True,True
MOU219,หน่วยพิทักษ์อุทยานแห่งชาติที่ ขป. ๗ (น้ำตกควนประ),7.67767,99.77244,ภาคใต้ฝั่งตะวันตก,แม่น้ำตรัง,ปากแจ่ม,ห้วยยอด,ตรัง,น้ำฝน,ภาคใต้,แชร์ข้อมูล,hourly_rain,True,True,True,True,True
MOU231,หน่วยจัดการต้นน้ำลำชี,16.8463,103.779,ชี,ลำปาวตอนล่าง,มหาไชย,สมเด็จ,กาฬสินธุ์,น้ำฝน,ภาคตะวันออกเฉียงเหนือ,แชร์ข้อมูล,hourly_rain,True,True,True,True,True
MOU232,หน่วยจัดการต้นน้ำหลังสัน,15.9385,101.521,ชี,ลำกระจวน,วังตะเฆ่,หนองบัวระเหว,ชัยภูมิ,น้ำฝน,ภาคตะวันออกเฉียงเหนือ,แชร์ข้อมูล,hourly_rain,True,True,True,True,True
MOU233,หน่วยจัดการต้นน้ำทุ่งลุยลาย,16.4997,101.673,ชี,น้ำพรหม,ทุ่งลุยลาย,คอนสาร,ชัยภูมิ,น้ำฝน,ภาคตะวันออกเฉียงเหนือ,แชร์ข้อมูล,hourly_rain,True,True,True,True,True
MOU244,สะพานน้ำห้วยสำราญ,15.10227,104.28878,มูล,ห้วยสำราญ,ไพรพัฒนา,ภูสิงห์,ศรีสะเกษ,ระดับน้ำ,ภาคตะวันออกเฉียงเหนือ,แชร์ข้อมูล,hourly_rain,True,True,True,True,True
MOU251,สถานีควบคุมไฟป่าห้วยศาลา,14.5013,104.276,มูล,ห้วยทา,กันทรอม,ขุนหาญ,ศรีสะเกษ,น้ำฝน,ภาคตะวันออกเฉียงเหนือ,แชร์ข้อมูล,hourly_rain,True,True,True,True,True
MOU252,หน่วยจัดการต้นน้ำห้วยเสียดจะเอิง,14.4554,103.915,มูล,ห้วยสำราญ,อาโพน,บัวเชด,สุรินทร์,น้ำฝน,ภาคตะวันออกเฉียงเหนือ,แชร์ข้อมูล,hourly_rain,True,True,True,True,True
MOU256,หน่วยพิทักษ์อุทยานแห่งชาติที่ ทล. ๓ (ลำแปรง),14.2047,102.211,มูล,ลำแซะ,ลำเพียก,ครบุรี,นครราชสีมา,น้ำฝน,ภาคตะวันออกเฉียงเหนือ,แชร์ข้อมูล,hourly_rain,True,True,True,True,True
MOU267,หน่วยศึกษาการพัฒนาการอนุรักษ์ต้นน้ำน้ำเงิน,19.36386,100.37124,ยม,แม่น้ำยมตอนบนส่วนที่ 1,ผาช้างน้อย,ปง,พะเยา,น้ำฝน,ภาคเหนือ,แชร์ข้อมูล,hourly_rain,True,True,True,True,True
MOU277,หน่วยจัดการต้นน้ำแม่แตะ,17.7042,98.8346,ปิง,แม่น้ำปิงส่วนที่ 3/3,แม่ลาน,ลี้,ลำพูน,น้ำฝน,ภาคเหนือ,แชร์ข้อมูล,hourly_rain,True,True,True,True,True
MOU278,หน่วยจัดการต้นน้ำแม่ตื่น,17.564566,98.50196,ปิง,น้ำแม่ตื่น,ม่อนจอง,อมก๋อย,เชียงใหม่,น้ำฝน,ภาคเหนือ,แชร์ข้อมูล,hourly_rain,True,True,True,True,True
MOU280,หน่วยจัดการต้นน้ำแม่ต๋อม,17.9289,98.3142,ปิง,น้ำแม่ตื่น,อมก๋อย,อมก๋อย,เชียงใหม่,น้ำฝน,ภาคเหนือ,แชร์ข้อมูล,hourly_rain,True,True,True,True,True
MOU288,หน่วยศึกษาการพัฒนาการอนุรักษ์ต้นน้ำน้ำพี้,18.9413,100.45989,ยม,น้ำปี้,บ้านพี้,บ้านหลวง,น่าน,น้ำฝน,ภาคเหนือ,แชร์ข้อมูล,hourly_rain,True,True,True,True,True
MOU295,ที่ทำการอุทยานแห่งชาติลานสาง,16.7827,99.016,ปิง,ห้วยแม่ท้อ,แม่ท้อ,เมืองตาก,ตาก,น้ำฝน,ภาคเหนือ,แชร์ข้อมูล,hourly_rain,True,True,True,True,True
MOU296,ที่ทำการอุทยานแห่งชาติดอยสอยมาลัย-ไม้กลายเป็นหิน,17.0679,99.0857,ปิง,แม่น้ำปิงส่วนที่ 4/2,ตากออก,บ้านตาก,ตาก,น้ำฝน,ภาคเหนือ,แชร์ข้อมูล,hourly_rain,True,True,True,True,True
MOU298,สะพานน้ำแม่ต๋อม,17.7999,98.364,ปิง,น้ำแม่ตื่น,อมก๋อย,อมก๋อย,เชียงใหม่,ระดับน้ำ,ภาคเหนือ,แชร์ข้อมูล,hourly_rain,True,True,True,True,True
MOU299,สะพานน้ำแม่แจ่ม,18.2321,98.4397,ปิง,น้ำแม่แจ่มตอนล่าง,บ้านแปะ,จอมทอง,เชียงใหม่,ระดับน้ำ,ภาคเหนือ,แชร์ข้อมูล,hourly_rain,True,True,True,True,True
MOU304,ที่ทำการอุทยานแห่งชาติแม่วงก์,16.0392,99.2334,ปิง,แม่น้ำปิงตอนล่าง,ปางตาไว,ปางศิลาทอง,กำแพงเพชร,น้ำฝน,ภาคเหนือ,แชร์ข้อมูล,hourly_rain,True,True,True,True,True
MOU305,ที่ทำการอุทยานแห่งชาติตากสินมหาราช,16.7759,98.9282,สาละวิน,ห้วยแม่ละเมา,แม่ท้อ,เมืองตาก,ตาก,น้ำฝน,ภาคเหนือ,แชร์ข้อมูล,hourly_rain,True,True,True,True,True
MOU320,ที่ทำการเขตห้ามล่าสัตว์ป่าดอยพระบาท,18.6103,99.5049,วัง,น้ำแม่ตุ๋ย,ทุ่งกว๋าว,เมืองปาน,ลำปาง,น้ำฝน,ภาคเหนือ,แชร์ข้อมูล,hourly_rain,True,True,True,True,True
MOU321,สถานีวิจัยต้นน้ำวัง,17.7567,99.1794,วัง,แม่น้ำวังตอนล่างส่วนที่ 2,แม่ถอด,เถิน,ลำปาง,น้ำฝน,ภาคเหนือ,แชร์ข้อมูล,hourly_rain,True,True,True,True,True
MOU323,สะพานน้ำวัง,19.232454,99.63247,วัง,แม่น้ำวังตอนบน,ทุ่งฮั้ว,วังเหนือ,ลำปาง,ระดับน้ำ,ภาคเหนือ,แชร์ข้อมูล,hourly_rain,True,True,True,True,True
MOU327,หน่วยจัดการต้นน้ำขุนสอย,18.997137,99.51786,วัง,แม่น้ำสวย,หัวเมือง,เมืองปาน,ลำปาง,น้ำฝน,ภาคเหนือ,แชร์ข้อมูล,hourly_rain,True,True,True,True,True
MOU329,หน่วยจัดการต้นน้ำแม่จาง,18.3817,99.8242,วัง,น้ำแม่จาง,นาสัก,แม่เมาะ,ลำปาง,น้ำฝน,ภาคเหนือ,แชร์ข้อมูล,hourly_rain,True,True,True,True,True
MOU330,หน่วยจัดการต้นน้ำแม่แจ้ฟ้า,18.8129,99.7737,วัง,แม่น้ำวังตอนบน,ปงดอน,แจ้ห่ม,ลำปาง,น้ำฝน,ภาคเหนือ,แชร์ข้อมูล,hourly_rain,True,True,True,True,True
MOU338,ศูนย์เรียนรู้ด้านสัตว์ป่า เขตรักษาพันธุ์สัตว์ป่าลำน้ำน่านฝั่งขวา,18.0662,100.2229,ยม,แม่น้ำยมตอนกลางส่วนที่ 2,ช่อแฮ,เมืองแพร่,แพร่,น้ำฝน,ภาคเหนือ,แชร์ข้อมูล,hourly_rain,True,True,True,True,True
MOU339,หน่วยจัดการต้นน้ำแม่ก๋อน-แม่สาย,17.9958,100.2656,ยม,แม่น้ำยมตอนกลางส่วนที่ 2,ช่อแฮ,เมืองแพร่,แพร่,น้ำฝน,ภาคเหนือ,แชร์ข้อมูล,hourly_rain,True,True,True,True,True
MOU340,หน่วยจัดการต้นน้ำแม่พวก,17.9085,100.111,ยม,แม่น้ำยมตอนกลางส่วนที่ 2,ห้วยไร่,เด่นชัย,แพร่,น้ำฝน,ภาคเหนือ,แชร์ข้อมูล,hourly_rain,True,True,True,True,True
MOU341,สะพานน้ำแม่ถาง,18.2166,100.3885,ยม,แม่น้ำยมตอนกลางส่วนที่ 2,บ้านเวียง,ร้องกวาง,แพร่,ระดับน้ำ,ภาคเหนือ,แชร์ข้อมูล,hourly_rain,True,True,True,True,True
MOU343,สวนรุกขชาติห้วยโรง,18.44196,100.45031,ยม,น้ำแม่คำมี,ห้วยโรง,ร้องกวาง,แพร่,น้ำฝน,ภาคเหนือ,แชร์ข้อมูล,hourly_rain,True,True,True,True,True
MOU344,วนอุทยานแพะเมืองผี,18.1841,100.21,ยม,แม่น้ำยมตอนกลางส่วนที่ 2,น้ำชำ,เมืองแพร่,แพร่,น้ำฝน,ภาคเหนือ,แชร์ข้อมูล,hourly_rain,True,True,True,True,True
MOU347,ที่ทำการอุทยานแห่งชาติแม่ยม,18.6259,100.1636,ยม,แม่น้ำยมตอนบนส่วนที่ 3,สะเอียบ,สอง,แพร่,น้ำฝน,ภาคเหนือ,แชร์ข้อมูล,hourly_rain,True,True,True,True,True
MOU349,หน่วยศึกษาการพัฒนาการอนุรักษ์ต้นน้ำแม่สรอย,17.8275,99.4638,ยม,แม่น้ำยมตอนล่างส่วนที่ 1,ป่าสัก,วังชิ้น,แพร่,น้ำฝน,ภาคเหนือ,แชร์ข้อมูล,hourly_rain,True,True,True,True,True
MOU350,สถานีวิจัยต้นน้ำยม,18.2346,100.3548,ยม,แม่น้ำยมตอนกลางส่วนที่ 2,บ้านเวียง,ร้องกวาง,แพร่,น้ำฝน,ภาคเหนือ,แชร์ข้อมูล,hourly_rain,True,True,True,True,True
MOU351,สะพานผาอิง,18.7548,100.2227,ยม,แม่น้ำยมตอนบนส่วนที่ 3,สะเอียบ,สอง,แพร่,ระดับน้ำ,ภาคเหนือ,แชร์ข้อมูล,hourly_rain,True,True,True,True,True
MOU352,สะพานน้ำงิม,19.321688,100.45613,ยม,แม่น้ำยมตอนบนส่วนที่ 1,ผาช้างน้อย,ปง,พะเยา,ระดับน้ำ,ภาคเหนือ,แชร์ข้อมูล,hourly_rain,True,True,True,True,True
MOU353,สะพานน้ำเงิน,19.228954,100.32621,ยม,แม่น้ำยมตอนบนส่วนที่ 1,ออย,ปง,พะเยา,ระดับน้ำ,ภาคเหนือ,แชร์ข้อมูล,hourly_rain,True,True,True,True,True
MOU357,หน่วยศึกษาการพัฒนาการอนุรักษ์ต้นนํ้าแม่จั๊วะ,19.01259,100.17051,ยม,แม่น้ำยมตอนบนส่วนที่ 2,สระ,เชียงม่วน,พะเยา,น้ำฝน,ภาคเหนือ,แชร์ข้อมูล,hourly_rain,True,True,True,True,True
MOU366,หน่วยพิทักษ์อุทยานแห่งชาติดอยภูนาง ภน.5 (ห้วยฮุง),19.04659,100.08667,โขงเหนือ,แม่น้ำอิงตอนกลางส่วนที่ 1,หนองหล่ม,ดอกคำใต้,พะเยา,น้ำฝน,ภาคเหนือ,แชร์ข้อมูล,hourly_rain,True,True,True,True,True
MOU369,หน่วยศึกษาการพัฒนาการอนุรักษ์ต้นน้ำดอยผาจิ,19.0905,100.4088,ยม,แม่น้ำควน,ขุนควร,ปง,พะเยา,น้ำฝน,ภาคเหนือ,แชร์ข้อมูล,hourly_rain,True,True,True,True,True
MOU371,สะพานบ้านขุนควร บ้านสบขาม,19.150358,100.38981,ยม,แม่น้ำควน,ขุนควร,ปง,พะเยา,ระดับน้ำ,ภาคเหนือ,แชร์ข้อมูล,hourly_rain,True,True,True,True,True
MOU372,หน่วยศึกษาการพัฒนาการอนุรักษ์ต้นน้ำน้ำคาง (ดอยกาด),19.1549,100.6244,ยม,แม่น้ำควน,ผาช้างน้อย,ปง,พะเยา,น้ำฝน,ภาคเหนือ,แชร์ข้อมูล,hourly_rain,True,True,True,True,True
MOU383,สะพานคลองตรอน,17.4635,100.237,น่าน,คลองตรอน,น้ำอ่าง,ตรอน,อุตรดิตถ์,ระดับน้ำ,ภาคเหนือ,แชร์ข้อมูล,hourly_rain,True,True,True,True,True
MOU385,สะพานคลองท่าสะแก,17.253136,100.62823,น่าน,น้ำภาค,ท่าสะแก,ชาติตระการ,พิษณุโลก,ระดับน้ำ,ภาคเหนือ,แชร์ข้อมูล,hourly_rain,True,True,True,True,True
MOU387,หน่วยจัดการต้นน้ำห้วยผึ้ง,17.7877,100.66,น่าน,น้ำปาด,แสนตอ,น้ำปาด,อุตรดิตถ์,น้ำฝน,ภาคเหนือ,แชร์ข้อมูล,hourly_rain,True,True,True,True,True
MOU388,หน่วยป้องกันรักษาป่าที่ พล. ๑๑ (น้ำเลา),17.2065,101.02,น่าน,แม่น้ำแควน้อยส่วนที่ 1,บ่อโพธิ์,นครไทย,พิษณุโลก,น้ำฝน,ภาคเหนือ,แชร์ข้อมูล,hourly_rain,True,True,True,True,True
MOU390,หน่วยจัดการต้นน้ำขุนน้ำปาด,18.079514,101.14364,น่าน,น้ำปาด,ม่วงเจ็ดต้น,บ้านโคก,อุตรดิตถ์,น้ำฝน,ภาคเหนือ,แชร์ข้อมูล,hourly_rain,True,True,True,True,True
MOU394,ที่ทำการอุทยานแห่งชาติภูสอยดาว,17.6966,100.947,น่าน,น้ำภาค,บ่อภาค,ชาติตระการ,พิษณุโลก,น้ำฝน,ภาคเหนือ,แชร์ข้อมูล,hourly_rain,True,True,True,True,True
MOU395,ที่ทำการอุทยานแห่งชาติแก่งเจ็ดแคว,17.1766,100.396,น่าน,แม่น้ำแควน้อยส่วนที่ 2,บ้านยาง,วัดโบสถ์,พิษณุโลก,น้ำฝน,ภาคเหนือ,แชร์ข้อมูล,hourly_rain,True,True,True,True,True
MOU396,ที่ทำการอุทยานแห่งชาติน้ำตกชาติตระการ,17.299622,100.679306,น่าน,น้ำภาค,ชาติตระการ,ชาติตระการ,พิษณุโลก,น้ำฝน,ภาคเหนือ,แชร์ข้อมูล,hourly_rain,True,True,True,True,True
MOU397,ที่ทำการอุทยานแห่งชาติภูหินร่องกล้า,17.0036,100.994,น่าน,แม่น้ำแควน้อยส่วนที่ 1,เนินเพิ่ม,นครไทย,พิษณุโลก,น้ำฝน,ภาคเหนือ,แชร์ข้อมูล,hourly_rain,True,True,True,True,True
MOU409,สถานีเพาะชำกล้าไม้อุตรดิตถ์,17.7619,100.16187,น่าน,แม่น้ำน่านส่วนที่ 4/1,บ้านด่านนาขาม,เมืองอุตรดิตถ์,อุตรดิตถ์,น้ำฝน,ภาคเหนือ,แชร์ข้อมูล,hourly_rain,True,True,True,True,True
MOU413,หน่วยพิทักษ์อุทยานแห่งชาติที่ ขป. ๒  (น้ำตกปากแจ่ม),7.730779,99.68234,ภาคใต้ฝั่งตะวันตก,แม่น้ำตรัง,ปากแจ่ม,ห้วยยอด,ตรัง,น้ำฝน,ภาคใต้,แชร์ข้อมูล,hourly_rain,True,True,True,True,True
MOU415,หน่วยจัดการต้นน้ำสะแกกรัง,15.502365,99.461914,สะแกกรัง,ห้วยทับเสลา,ระบำ,ลานสัก,อุทัยธานี,น้ำฝน,ภาคเหนือ,แชร์ข้อมูล,hourly_rain,True,True,True,True,True
MOU416,หน่วยจัดการต้นน้ำขุนน้ำเย็น,15.8948,99.3084,สะแกกรัง,น้ำแม่วง,แม่เล่ย์,แม่วงก์,นครสวรรค์,น้ำฝน,ภาคเหนือ,แชร์ข้อมูล,hourly_rain,True,True,True,True,True
MOU423,หน่วยจัดการต้นน้ำห้วยตลาด,16.0672,101.319,ป่าสัก,แม่น้ำป่าสักส่วนที่ 3/1,ท่าด้วง,หนองไผ่,เพชรบูรณ์,น้ำฝน,ภาคเหนือ,แชร์ข้อมูล,hourly_rain,True,True,True,True,True
MOU426,หน่วยอนุรักษ์และจัดการต้นน้ำลำห้วยสัก,17.249895,101.38313,โขงตะวันออกเฉียงเหนือ,น้ำสาน,วังยาว,ด่านซ้าย,เลย,น้ำฝน,ภาคตะวันออกเฉียงเหนือ,แชร์ข้อมูล,hourly_rain,True,True,True,True,True
MOU428,หน่วยศึกษาการพัฒนาการอนุรักษ์ต้นน้ำห้วยโล่ง,18.82737,99.83016,ยม,แม่น้ำงาว,นาแก,งาว,ลำปาง,น้ำฝน,ภาคเหนือ,แชร์ข้อมูล,hourly_rain,True,True,True,True,True
MOU431,สะพานแม่น้ำแควใหญ่,16.04942,98.84473,แม่กลอง,แม่น้ำแควใหญ่ตอนบนส่วนที่ 1,แม่กลอง,อุ้มผาง,ตาก,ระดับน้ำ,ภาคเหนือ,แชร์ข้อมูล,hourly_rain,True,True,True,True,True
MOU435,สวนไม้ดอกเมืองหนาวเบตง (หมู่บ้านปิยะมิตร ๒),5.884526,101.02208,ภาคใต้ฝั่งตะวันออกตอนล่าง,แม่น้ำปัตตานีตอนบน,ตาเนาะแมเราะ,เบตง,ยะลา,น้ำฝน,ภาคใต้,แชร์ข้อมูล,hourly_rain,True,True,True,True,True
MOU441,อุโมงค์ปิยะมิตร (บ้านปิยะมิตร ๑),5.889398,101.04708,ภาคใต้ฝั่งตะวันออกตอนล่าง,แม่น้ำปัตตานีตอนบน,ตาเนาะแมเราะ,เบตง,ยะลา,น้ำฝน,ภาคใต้,แชร์ข้อมูล,hourly_rain,True,True,True,True,True
MOU454,คลองเบตง (ชุมชนกุนุงจนอง),5.785542,101.05586,ภาคใต้ฝั่งตะวันออกตอนล่าง,แม่น้ำปัตตานีตอนบน,เบตง,เบตง,ยะลา,ระดับน้ำ,ภาคใต้,แชร์ข้อมูล,hourly_rain,True,True,True,True,True
MOU464,หน่วยพิทักษ์ป่าคลองพอก,13.0987,102.196,บางปะกง,คลองพระสทึง,ทับช้าง,สอยดาว,จันทบุรี,น้ำฝน,ภาคกลาง,แชร์ข้อมูล,hourly_rain,True,True,True,True,True
MOU467,หน่วยจัดการต้นน้ำภูไท,13.417791,101.883026,บางปะกง,คลองท่าลาด,คลองตะเกรา,ท่าตะเกียบ,ฉะเชิงเทรา,น้ำฝน,ภาคกลาง,แชร์ข้อมูล,hourly_rain,True,True,True,True,True
MOU468,หน่วยพิทักษ์ป่าอ่างช้างน้ำ,13.2743,101.082,บางปะกง,ที่ราบแม่น้ำบางปะกงส่วนที่ 2,บ้านบึง,บ้านบึง,ชลบุรี,น้ำฝน,ภาคกลาง,แชร์ข้อมูล,hourly_rain,True,True,True,True,True
MOU471,สะพานคลองจันทเขลม,13.003284,102.04864,ชายฝั่งทะเลตะวันออก,แม่น้ำจันทบุรี,จันทเขลม,เขาคิชฌกูฏ,จันทบุรี,ระดับน้ำ,ภาคกลาง,แชร์ข้อมูล,hourly_rain,True,True,True,True,True
MOU472,สะพานคลองวังโตนด,13.1195,101.9543,ชายฝั่งทะเลตะวันออก,คลองโตนด,ขุนซ่อง,แก่งหางแมว,จันทบุรี,ระดับน้ำ,ภาคกลาง,แชร์ข้อมูล,hourly_rain,True,True,True,True,True
MOU473,สะพานคลองสะตอ,12.7065,102.415,ชายฝั่งทะเลตะวันออก,แม่น้ำเมืองตราด,หนองบอน,บ่อไร่,ตราด,ระดับน้ำ,ภาคกลาง,แชร์ข้อมูล,hourly_rain,True,True,True,True,True
MOU474,หน่วยจัดการต้นน้ำน้ำหนาว,16.7712,101.6569,ชี,ลำน้ำเชิญส่วนที่ 1,น้ำหนาว,น้ำหนาว,เพชรบูรณ์,น้ำฝน,ภาคเหนือ,แชร์ข้อมูล,hourly_rain,True,True,True,True,True
MOU475,หน่วยพิทักษ์อุทยานแห่งชาติที่ คก. ๓ (เขาพลู),12.4193,102.744,ชายฝั่งทะเลตะวันออก,แม่น้ำเมืองตราด,ด่านชุมพล,บ่อไร่,ตราด,น้ำฝน,ภาคกลาง,แชร์ข้อมูล,hourly_rain,True,True,True,True,True
MOU476,หน่วยจัดการต้นน้ำคลองสะตอ,12.5973,102.608,ชายฝั่งทะเลตะวันออก,แม่น้ำเมืองตราด,นนทรีย์,บ่อไร่,ตราด,น้ำฝน,ภาคกลาง,แชร์ข้อมูล,hourly_rain,True,True,True,True,True
MOU477,ศูนย์ศึกษาการพัฒนาการอนุรักษ์ต้นน้ำลุ่มน้ำป่าสัก,17.0821,101.4554,ป่าสัก,แม่น้ำป่าสักตอนบน,ศิลา,หล่มเก่า,เพชรบูรณ์,น้ำฝน,ภาคเหนือ,แชร์ข้อมูล,hourly_rain,True,True,True,True,True
MOU478,ที่ทำการอุทยานแห่งชาติเขาสิบห้าชั้น,13.1779,102.004,ชายฝั่งทะเลตะวันออก,คลองโตนด,ขุนซ่อง,แก่งหางแมว,จันทบุรี,น้ำฝน,ภาคกลาง,แชร์ข้อมูล,hourly_rain,True,True,True,True,True
MOU479,ที่ทำการอุทยานแห่งชาติเขาชะเมา-เขาวง,12.912333,101.72454,ชายฝั่งทะเลตะวันออก,แม่น้ำประแส,น้ำเป็น,เขาชะเมา,ระยอง,น้ำฝน,ภาคกลาง,แชร์ข้อมูล,hourly_rain,True,True,True,True,True
MOU480,หน่วยจัดการต้นน้ำคลองครก,13.1851,101.801,ชายฝั่งทะเลตะวันออก,คลองโตนด,พวา,แก่งหางแมว,จันทบุรี,น้ำฝน,ภาคกลาง,แชร์ข้อมูล,hourly_rain,True,True,True,True,True
MOU481,หน่วยศึกษาการพัฒนาการอนุรักษ์ต้นน้ำบ้านหลวง,18.77419,100.42191,ยม,น้ำปี้,บ้านฟ้า,บ้านหลวง,น่าน,น้ำฝน,ภาคเหนือ,แชร์ข้อมูล,hourly_rain,True,True,True,True,True
MOU483,ศูนย์ศึกษาและพัฒนาป่าไม้อ่าวคุ้งกระเบน,12.68629,101.89493,ชายฝั่งทะเลตะวันออก,ชายฝั่งทะเลตะวันออก (ลุ่มน้ำสาขา 3),คลองขุด,ท่าใหม่,จันทบุรี,น้ำฝน,ภาคกลาง,แชร์ข้อมูล,hourly_rain,True,True,True,True,True
MOU484,ที่ทำการอุทยานแห่งชาติเกาะช้าง,12.12467,102.26831,ชายฝั่งทะเลตะวันออก,ชายฝั่งทะเลตะวันออก (เกาะ),เกาะช้าง,เกาะช้าง,ตราด,น้ำฝน,ภาคกลาง,แชร์ข้อมูล,hourly_rain,True,True,True,True,True
MOU485,ที่ทำการอุทยานแห่งชาติกุยบุรี,12.05236,99.6244,เพชรบุรี-ประจวบคีรีขันธ์,คลองกุย,หาดขาม,กุยบุรี,ประจวบคีรีขันธ์,น้ำฝน,ภาคกลาง,แชร์ข้อมูล,hourly_rain,True,True,True,True,True
MOU486,หน่วยพิทักษ์อุทยานแห่งชาติที่ สย. ๓ (โรงเจ ),12.228,99.9312,เพชรบุรี-ประจวบคีรีขันธ์,คลองเขาแดง,ไร่เก่า,สามร้อยยอด,ประจวบคีรีขันธ์,น้ำฝน,ภาคกลาง,แชร์ข้อมูล,hourly_rain,True,True,True,True,True
MOU487,หน่วยจัดการต้นน้ำปราณบุรี,12.612043,99.546844,เพชรบุรี-ประจวบคีรีขันธ์,แม่น้ำปราณบุรี ( ลุ่มน้ำสาขา ),ป่าเด็ง,แก่งกระจาน,เพชรบุรี,น้ำฝน,ภาคกลาง,แชร์ข้อมูล,hourly_rain,True,True,True,True,True
MOU488,หน่วยจัดการต้นน้ำปากพนัง,8.2542,99.803406,ภาคใต้ฝั่งตะวันออกตอนบน,ภาคใต้ฝั่งตะวันออกส่วนที่ 4,หินตก,ร่อนพิบูลย์,นครศรีธรรมราช,น้ำฝน,ภาคใต้,แชร์ข้อมูล,hourly_rain,True,True,True,True,True
MOU489,หน่วยพิทักษ์อุทยานแห่งชาติ ตย. ๔ (เขาทง),8.33562,99.70955,ภาคใต้ฝั่งตะวันออกตอนบน,ภาคใต้ฝั่งตะวันออกส่วนที่ 4,เขาแก้ว,ลานสกา,นครศรีธรรมราช,น้ำฝน,ภาคใต้,แชร์ข้อมูล,hourly_rain,True,True,True,True,True
MOU490,ศูนย์ศึกษาและพัฒนาป่าไม้ห้วยทราย,12.669511,99.91219,เพชรบุรี-ประจวบคีรีขันธ์,แม่น้ำเพชรบุรีตอนบน,สามพระยา,ชะอำ,เพชรบุรี,น้ำฝน,ภาคกลาง,แชร์ข้อมูล,hourly_rain,True,True,True,True,True
MOU491,ที่ทำการอุทยานแห่งชาติน้ำตกห้วยยาง,11.62575,99.61433,เพชรบุรี-ประจวบคีรีขันธ์,ชายฝั่งทะเลประจวบคีรีขันธ์ส่วนที่ 1,ห้วยยาง,ทับสะแก,ประจวบคีรีขันธ์,น้ำฝน,ภาคกลาง,แชร์ข้อมูล,hourly_rain,True,True,True,True,True
MOU492,หน่วยพิทักษ์อุทยานแห่งชาติที่ หย. ๒ (น้ำตกขาอ่อน),11.4481,99.41958,เพชรบุรี-ประจวบคีรีขันธ์,ชายฝั่งทะเลประจวบคีรีขันธ์ส่วนที่ 1,ชัยเกษม,บางสะพาน,ประจวบคีรีขันธ์,น้ำฝน,ภาคกลาง,แชร์ข้อมูล,hourly_rain,True,True,True,True,True
MOU493,สะพานคลองปง (คีรีวง),8.4339,99.7833,ภาคใต้ฝั่งตะวันออกตอนบน,ภาคใต้ฝั่งตะวันออกส่วนที่ 4,กำโลน,ลานสกา,นครศรีธรรมราช,ระดับน้ำ,ภาคใต้,แชร์ข้อมูล,hourly_rain,True,True,True,True,True
MOU494,สะพานบ้านคีรีวง คลองท่าดี,8.43295,99.7826,ภาคใต้ฝั่งตะวันออกตอนบน,ภาคใต้ฝั่งตะวันออกส่วนที่ 4,กำโลน,ลานสกา,นครศรีธรรมราช,ระดับน้ำ,ภาคใต้,แชร์ข้อมูล,hourly_rain,True,True,True,True,True
MOU495,หน่วยพิทักษ์ป่าบางพัน,8.509999,98.91024,ภาคใต้ฝั่งตะวันออกตอนบน,คลองอิปัน,ปลายพระยา,ปลายพระยา,กระบี่,น้ำฝน,ภาคใต้,แชร์ข้อมูล,hourly_rain,True,True,True,True,True
MOU496,ที่ทำการอุทยานแห่งชาติใต้ร่มเย็น,8.87205,99.47696,ภาคใต้ฝั่งตะวันออกตอนบน,แม่น้ำตาปีตอนล่างส่วนที่ 2,ลำพูน,บ้านนาสาร,สุราษฎร์ธานี,น้ำฝน,ภาคใต้,แชร์ข้อมูล,hourly_rain,True,True,True,True,True
MOU497,หน่วยพิทักษ์ป่าเขาชาลี,9.227045,98.52561,ภาคใต้ฝั่งตะวันออกตอนบน,คลองพระแสง,เขาพัง,บ้านตาขุน,สุราษฎร์ธานี,น้ำฝน,ภาคใต้,แชร์ข้อมูล,hourly_rain,True,True,True,True,True
MOU499,ศูนย์ศึกษาการพัฒนาการอนุรักษ์ต้นน้ำลุ่มน้ำภาตใต้ฝั่งตะวันออกตอนบน,9.75176,98.64635,ภาคใต้ฝั่งตะวันออกตอนบน,คลองหลังสวน,ปากทรง,พะโต๊ะ,ชุมพร,น้ำฝน,ภาคใต้,แชร์ข้อมูล,hourly_rain,True,True,True,True,True
MOU500,เขตรักษาพันธุ์สัตว์ป่า อุทยาน เสด็จในกรม กรมหลวงชุมพร ด้านทิศเหนือ (ตอนล่าง),10.90971,99.12433,ภาคใต้ฝั่งตะวันออกตอนบน,คลองท่าตะเภา ( ลุ่มน้ำสาขา ),สลุย,ท่าแซะ,ชุมพร,น้ำฝน,ภาคใต้,แชร์ข้อมูล,hourly_rain,True,True,True,True,True
MOU501,หน่วยป้องกันรักษาป่า ที่ สฎ. ๑๖ (เกาะสมุย),9.47909,99.9874,ภาคใต้ฝั่งตะวันออกตอนบน,ภาคใต้ฝั่งตะวันออกตอนบน (เกาะ),หน้าเมือง,เกาะสมุย,สุราษฎร์ธานี,น้ำฝน,ภาคใต้,แชร์ข้อมูล,hourly_rain,True,True,True,True,True
MOU502,ที่ทำการเขตรักษาพันธุ์สัตว์ป่าโตนงาช้าง,6.9435725,100.25049,ทะเลสาบสงขลา,ทะเลสาบสงขลา ( ลุ่มน้ำสาขา ),ฉลุง,หาดใหญ่,สงขลา,น้ำฝน,ภาคใต้,แชร์ข้อมูล,hourly_rain,True,True,True,True,True
MOU505,หน่วยพิทักษ์อุทยานแห่งชาติที่ ขป. ๕ (บ้านในเตา),7.8944,99.70658,ภาคใต้ฝั่งตะวันตก,แม่น้ำตรัง,หนองปรือ,รัษฎา,ตรัง,น้ำฝน,ภาคใต้,แชร์ข้อมูล,hourly_rain,True,True,True,True,True
MOU506,หน่วยพิทักษ์ป่าเขาประ (แผ่นดินเสมอ),7.99341,99.26644,ภาคใต้ฝั่งตะวันตก,คลองท่อม,พรุดินนา,คลองท่อม,กระบี่,น้ำฝน,ภาคใต้,แชร์ข้อมูล,hourly_rain,True,True,True,True,True
MOU507,ที่ทำการอุทยานแห่งชาติ.เขาพนมเบญจา,8.24044,98.91483,ภาคใต้ฝั่งตะวันตก,ภาคใต้ฝั่งตะวันตกส่วนที่ 2,ทับปริก,เมืองกระบี่,กระบี่,น้ำฝน,ภาคใต้,แชร์ข้อมูล,hourly_rain,True,True,True,True,True
MOU509,เขตรักษาพันธุ์สัตว์ป่า อุทยาน เสด็จในกรม กรมหลวงชุมพร ด้านทิศใต้,10.5135,98.91106,ภาคใต้ฝั่งตะวันตก,แม่น้ำกระบุรี ( ลุ่มน้ำสาขา ),จ.ป.ร.,กระบุรี,ระนอง,น้ำฝน,ภาคใต้,แชร์ข้อมูล,hourly_rain,True,True,True,True,True
MOU510,น้ำตกโตนแพรทอง,7.48415,99.8918,ทะเลสาบสงขลา,ทะเลหลวง,ลำสินธุ์,ศรีนครินทร์,พัทลุง,ระดับน้ำ,ภาคใต้,แชร์ข้อมูล,hourly_rain,True,True,True,True,True
MPBR,ทต.ปราณบุรี,12.37835,99.89329,เพชรบุรี-ประจวบคีรีขันธ์,แม่น้ำปราณบุรี ( ลุ่มน้ำสาขา ),หนองตาแต้ม,ปราณบุรี,ประจวบคีรีขันธ์,น้ำฝน,ภาคกลาง,แชร์ข้อมูล,hourly_rain,True,True,True,True,True
MRMT,อบต.แม่ระมาด,16.989882,98.51828,สาละวิน,แม่น้ำเมยตอนล่าง,แม่ระมาด,แม่ระมาด,ตาก,น้ำฝน,ภาคเหนือ,แชร์ข้อมูล,hourly_rain,True,True,True,True,True
MSRM,อบต.แม่คง,18.160877,97.91761,สาละวิน,แม่น้ำยวมตอนล่างส่วนที่ 1,แม่คง,แม่สะเรียง,แม่ฮ่องสอน,น้ำฝน,ภาคเหนือ,แชร์ข้อมูล,hourly_rain,True,True,True,True,True
MUN002,เฉลิมพระเกียรติ,14.968018,102.23782,มูล,ลำน้ำมูลตอนบนส่วนที่ 3,หนองยาง,เฉลิมพระเกียรติ,นครราชสีมา,ระดับน้ำ,ภาคตะวันออกเฉียงเหนือ,แชร์ข้อมูล,hourly_rain,True,True,True,True,True
MUN003,ชุมพวง,15.286645,102.68465,มูล,ลำปลายมาศ,ท่าลาด,ชุมพวง,นครราชสีมา,ระดับน้ำ,ภาคตะวันออกเฉียงเหนือ,แชร์ข้อมูล,hourly_rain,True,True,True,True,True
MUN005,ราษีไศล,15.339514,104.15235,มูล,ลำน้ำมูลส่วนที่ 3/1,เมืองคง,ราษีไศล,ศรีสะเกษ,ระดับน้ำ,ภาคตะวันออกเฉียงเหนือ,แชร์ข้อมูล,hourly_rain,True,True,True,True,True
MUN009,เมืองสุรินทร์,14.875548,103.37887,มูล,ลำชี,ตระแสง,เมืองสุรินทร์,สุรินทร์,ระดับน้ำ,ภาคตะวันออกเฉียงเหนือ,แชร์ข้อมูล,hourly_rain,True,True,True,True,True
MUN010,เมืองศรีสะเกษ,15.118101,104.318596,มูล,ห้วยสำราญ,เมืองเหนือ,เมืองศรีสะเกษ,ศรีสะเกษ,ระดับน้ำ,ภาคตะวันออกเฉียงเหนือ,แชร์ข้อมูล,hourly_rain,True,True,True,True,True
MUN011,พิบูลมังสาหาร,15.249662,105.2393,มูล,ลำน้ำมูลตอนล่างส่วนที่ 1,โพธิ์ศรี,พิบูลมังสาหาร,อุบลราชธานี,ระดับน้ำ,ภาคตะวันออกเฉียงเหนือ,แชร์ข้อมูล,hourly_rain,True,True,True,True,True
MUN012,ประโคนชัย,14.633083,103.23043,มูล,ลำชี,ไพศาล,ประโคนชัย,บุรีรัมย์,ระดับน้ำ,ภาคตะวันออกเฉียงเหนือ,แชร์ข้อมูล,hourly_rain,True,True,True,True,True
MUN014,สตึก,15.299861,103.29233,มูล,ลำน้ำมูลส่วนที่ 2/4,นิคม,สตึก,บุรีรัมย์,ระดับน้ำ,ภาคตะวันออกเฉียงเหนือ,แชร์ข้อมูล,hourly_rain,True,True,True,True,True
MUNG,อบต.มะนังดาลำ,6.673368,101.60927,ภาคใต้ฝั่งตะวันออกตอนล่าง,แม่น้ำสายบุรี,มะนังดาลำ,สายบุรี,ปัตตานี,น้ำฝน,ภาคใต้,แชร์ข้อมูล,hourly_rain,True,True,True,True,True
MWOG,อบต.แม่วงก์,15.78103,99.54591,สะแกกรัง,แม่น้ำสะแกกรังตอนล่างส่วนที่ 1,แม่วงก์,แม่วงก์,นครสวรรค์,น้ำฝน,ภาคเหนือ,แชร์ข้อมูล,hourly_rain,True,True,True,True,True
MYA004,สะพานมิตรภาพแม่น้ำสายแห่งที่ 1,20.44451,99.8804,nan,nan,แม่สาย,แม่สาย,เชียงราย,ระดับน้ำ,ภาคเหนือ,แชร์ข้อมูล,hourly_rain,True,True,True,True,True
NAKU,อบต.นาคู,16.797806,104.04481,ชี,ลำน้ำยัง,นาคู,นาคู,กาฬสินธุ์,น้ำฝน,ภาคตะวันออกเฉียงเหนือ,แชร์ข้อมูล,hourly_rain,True,True,True,True,True
NAMN,สนามกีฬา ทต.บ่อแก้ว,18.210493,100.66241,น่าน,น้ำแหง,บ่อแก้ว,นาหมื่น,น่าน,น้ำฝน,ภาคเหนือ,แชร์ข้อมูล,hourly_rain,True,True,True,True,True
NAN001,ท่าวังผา,19.096132,100.80259,น่าน,แม่น้ำน่านส่วนที่ 2/1,ท่าวังผา,ท่าวังผา,น่าน,ระดับน้ำ,ภาคเหนือ,แชร์ข้อมูล,hourly_rain,True,True,True,True,True
NAN002,ภูเพียง,18.859726,100.817116,น่าน,แม่น้ำน่านส่วนที่ 2/2,เมืองจัง,ภูเพียง,น่าน,ระดับน้ำ,ภาคเหนือ,แชร์ข้อมูล,hourly_rain,True,True,True,True,True
NAN003,เมืองน่าน,18.737991,100.75609,น่าน,แม่น้ำน่านส่วนที่ 2/3,ท่าน้าว,ภูเพียง,น่าน,ระดับน้ำ,ภาคเหนือ,แชร์ข้อมูล,hourly_rain,True,True,True,True,True
NAN004,พิชัย,17.2944,100.082825,น่าน,แม่น้ำน่านส่วนที่ 4/2,ในเมือง,พิชัย,อุตรดิตถ์,ระดับน้ำ,ภาคเหนือ,แชร์ข้อมูล,hourly_rain,True,True,True,True,True
NAN005,แม่น้ำเข็ก (ว้งทอง),16.855032,100.6668,น่าน,แม่น้ำวังทอง,วังนกแอ่น,วังทอง,พิษณุโลก,ระดับน้ำ,ภาคเหนือ,แชร์ข้อมูล,hourly_rain,True,True,True,True,True
NAN006,บางกระทุ่ม,16.580505,100.238594,น่าน,แม่น้ำน่านตอนล่างส่วนที่ 1,โคกสลุด,บางกระทุ่ม,พิษณุโลก,ระดับน้ำ,ภาคเหนือ,แชร์ข้อมูล,hourly_rain,True,True,True,True,True
NAN007,ตะพานหิน,16.27037,100.41397,น่าน,แม่น้ำน่านตอนล่างส่วนที่ 2,งิ้วราย,ตะพานหิน,พิจิตร,ระดับน้ำ,ภาคเหนือ,แชร์ข้อมูล,hourly_rain,True,True,True,True,True
NAN008,ชุมแสง,15.86922,100.26483,น่าน,แม่น้ำน่านตอนล่างส่วนที่ 2,เกยไชย,ชุมแสง,นครสวรรค์,ระดับน้ำ,ภาคเหนือ,แชร์ข้อมูล,hourly_rain,True,True,True,True,True
NAN009,เวียงสา,18.54995,100.76153,น่าน,แม่น้ำน่านส่วนที่ 3/1,ส้าน,เวียงสา,น่าน,ระดับน้ำ,ภาคเหนือ,แชร์ข้อมูล,hourly_rain,True,True,True,True,True
NAN010,น้ำปาด,17.790916,100.74901,น่าน,น้ำปาด,บ้านฝาย,น้ำปาด,อุตรดิตถ์,ระดับน้ำ,ภาคเหนือ,แชร์ข้อมูล,hourly_rain,True,True,True,True,True
NAN011,เมืองอุตรดิตถ์,17.610167,100.099396,น่าน,แม่น้ำน่านส่วนที่ 4/1,ป่าเซ่า,เมืองอุตรดิตถ์,อุตรดิตถ์,ระดับน้ำ,ภาคเหนือ,แชร์ข้อมูล,hourly_rain,True,True,True,True,True
NAN012,เมืองพิษณุโลก,16.864717,100.24477,น่าน,แม่น้ำน่านตอนล่างส่วนที่ 1,ปากโทก,เมืองพิษณุโลก,พิษณุโลก,ระดับน้ำ,ภาคเหนือ,แชร์ข้อมูล,hourly_rain,True,True,True,True,True
NAN013,วังทอง,16.822176,100.43156,น่าน,แม่น้ำวังทอง,วังทอง,วังทอง,พิษณุโลก,ระดับน้ำ,ภาคเหนือ,แชร์ข้อมูล,hourly_rain,True,True,True,True,True
NAN014,ตรอน,17.418427,100.130745,น่าน,แม่น้ำน่านส่วนที่ 4/2,หาดสองแคว,ตรอน,อุตรดิตถ์,ระดับน้ำ,ภาคเหนือ,แชร์ข้อมูล,hourly_rain,True,True,True,True,True
NAN015,แม่น้ำสา,18.571743,100.74265,น่าน,น้ำสา,กลางเวียง,เวียงสา,น่าน,ระดับน้ำ,ภาคเหนือ,แชร์ข้อมูล,hourly_rain,True,True,True,True,True
NAN016,น้ำสา,18.58397,100.60019,น่าน,น้ำสา,ปงสนุก,เวียงสา,น่าน,ระดับน้ำ,ภาคเหนือ,แชร์ข้อมูล,hourly_rain,True,True,True,True,True
NANG,อบต.คลองหิน,8.284204,98.79712,ภาคใต้ฝั่งตะวันตก,ภาคใต้ฝั่งตะวันตกส่วนที่ 2,คลองหิน,อ่าวลึก,กระบี่,น้ำฝน,ภาคใต้,แชร์ข้อมูล,hourly_rain,True,True,True,True,True
NANI,อบต.นาน้อย,18.328138,100.70871,น่าน,น้ำแหง,นาน้อย,นาน้อย,น่าน,น้ำฝน,ภาคเหนือ,แชร์ข้อมูล,hourly_rain,True,True,True,True,True
NANP,ทต.นาหนองไผ่,15.350509,103.47608,มูล,ลำน้ำมูลส่วนที่ 2/4,นาหนองไผ่,ชุมพลบุรี,สุรินทร์,น้ำฝน,ภาคตะวันออกเฉียงเหนือ,แชร์ข้อมูล,hourly_rain,True,True,True,True,True
NANT,อบจ.น่าน,18.798994,100.73324,น่าน,น้ำสมุน,ในเวียง,เมืองน่าน,น่าน,น้ำฝน,ภาคเหนือ,แชร์ข้อมูล,hourly_rain,True,True,True,True,True
NAPJ,อบต.ทุ่งกระบ่ำ,14.588813,99.63503,ท่าจีน,ที่ราบแม่น้ำท่าจีน,ทุ่งกระบ่ำ,เลาขวัญ,กาญจนบุรี,น้ำฝน,ภาคกลาง,แชร์ข้อมูล,hourly_rain,True,True,True,True,True
NAPK,อบต.นาโพธิ์กลาง,15.560492,105.50172,โขงตะวันออกเฉียงเหนือ,แม่น้ำโขงตอนล่าง,นาโพธิ์กลาง,โขงเจียม,อุบลราชธานี,น้ำฝน,ภาคตะวันออกเฉียงเหนือ,แชร์ข้อมูล,hourly_rain,True,True,True,True,True
NASG,ทต.นาส่วง,15.011457,104.9482,มูล,ลำโดมใหญ่,นาส่วง,เดชอุดม,อุบลราชธานี,น้ำฝน,ภาคตะวันออกเฉียงเหนือ,แชร์ข้อมูล,hourly_rain,True,True,True,True,True
NASW,อบต.นาซ่าว,17.824257,101.66916,โขงตะวันออกเฉียงเหนือ,แม่น้ำโขงส่วนที่ 5,นาซ่าว,เชียงคาน,เลย,น้ำฝน,ภาคตะวันออกเฉียงเหนือ,แชร์ข้อมูล,hourly_rain,True,True,True,True,True
NBLK,อบต.หนองบัวละคร,15.254277,101.8664,มูล,ลำเชิงไกร,หนองบัวละคร,ด่านขุนทด,นครราชสีมา,น้ำฝน,ภาคตะวันออกเฉียงเหนือ,แชร์ข้อมูล,hourly_rain,True,True,True,True,True
NBON,ทต.หนองบอน,12.677052,102.45956,ชายฝั่งทะเลตะวันออก,แม่น้ำเมืองตราด,หนองบอน,บ่อไร่,ตราด,น้ำฝน,ภาคกลาง,แชร์ข้อมูล,hourly_rain,True,True,True,True,True
NEAK,รร. บ้านหนองแอก,17.889479,103.21055,โขงตะวันออกเฉียงเหนือ,ห้วยหลวงส่วนที่ 2,บ้านผือ,โพนพิสัย,หนองคาย,น้ำฝน,ภาคตะวันออกเฉียงเหนือ,แชร์ข้อมูล,hourly_rain,True,True,True,True,True
NGBA,ทต.หนองบัว,15.87072,100.59732,เจ้าพระยา,บึงบรเพ็ด,หนองบัว,หนองบัว,นครสวรรค์,น้ำฝน,ภาคเหนือ,แชร์ข้อมูล,hourly_rain,True,True,True,True,True
NGCG,ทต.หนองฉาง,15.38897,99.84503,สะแกกรัง,แม่น้ำสะแกกรังตอนล่างส่วนที่ 3,หนองฉาง,หนองฉาง,อุทัยธานี,น้ำฝน,ภาคเหนือ,แชร์ข้อมูล,hourly_rain,True,True,True,True,True
NGCH,อบต.โบสถ์,15.2784605,102.63903,มูล,ลำปลายมาศ,โบสถ์,พิมาย,นครราชสีมา,น้ำฝน,ภาคตะวันออกเฉียงเหนือ,แชร์ข้อมูล,hourly_rain,True,True,True,True,True
NGNG,อบต.หนองแหน,13.683365,101.32511,บางปะกง,คลองท่าลาด,หนองแหน,พนมสารคาม,ฉะเชิงเทรา,น้ำฝน,ภาคกลาง,แชร์ข้อมูล,hourly_rain,True,True,True,True,True
NGPH,ทต.หนองผือ,15.977661,105.03393,โขงตะวันออกเฉียงเหนือ,แม่น้ำโขงตอนล่าง,หนองผือ,เขมราฐ,อุบลราชธานี,น้ำฝน,ภาคตะวันออกเฉียงเหนือ,แชร์ข้อมูล,hourly_rain,True,True,True,True,True
NGPI,อบต.หนองไผ่,15.981635,101.07372,ป่าสัก,แม่น้ำป่าสักส่วนที่ 3/1,หนองไผ่,หนองไผ่,เพชรบูรณ์,น้ำฝน,ภาคเหนือ,แชร์ข้อมูล,hourly_rain,True,True,True,True,True
NGSC,อบต.บ่อทอง,13.241681,101.48823,บางปะกง,คลองหลวง,บ่อทอง,บ่อทอง,ชลบุรี,น้ำฝน,ภาคกลาง,แชร์ข้อมูล,hourly_rain,True,True,True,True,True
NIKS,อบต.นิคมกระเสียว,14.85735,99.57509,ท่าจีน,ห้วยกระเสียว,นิคมกระเสียว,ด่านช้าง,สุพรรณบุรี,น้ำฝน,ภาคกลาง,แชร์ข้อมูล,hourly_rain,True,True,True,True,True
NKMT,อบต.บ่อแฮ้ว,18.319452,99.4466,วัง,น้ำแม่ตุ๋ย,บ่อแฮ้ว,เมืองลำปาง,ลำปาง,น้ำฝน,ภาคเหนือ,แชร์ข้อมูล,hourly_rain,True,True,True,True,True
NKNN,อบต.นิคมน้ำอูน,17.204111,103.687035,โขงตะวันออกเฉียงเหนือ,ห้วยน้ำอูน,นิคมน้ำอูน,นิคมน้ำอูน,สกลนคร,น้ำฝน,ภาคตะวันออกเฉียงเหนือ,แชร์ข้อมูล,hourly_rain,True,True,True,True,True
NKO001,ทุ่งสง,8.174951,99.67889,ภาคใต้ฝั่งตะวันตก,แม่น้ำตรัง,ปากแพรก,ทุ่งสง,นครศรีธรรมราช,ระดับน้ำ,ภาคใต้,แชร์ข้อมูล,hourly_rain,True,True,True,True,True
NKO002,เชียรใหญ่,8.089507,100.12789,ภาคใต้ฝั่งตะวันออกตอนบน,ภาคใต้ฝั่งตะวันออกส่วนที่ 4,การะเกด,เชียรใหญ่,นครศรีธรรมราช,ระดับน้ำ,ภาคใต้,แชร์ข้อมูล,hourly_rain,True,True,True,True,True
NKO003,ถ้ำพรรณรา,8.391203,99.3952,ภาคใต้ฝั่งตะวันออกตอนบน,แม่น้ำตาปีตอนบนส่วนที่ 2,ถ้ำพรรณรา,ถ้ำพรรณรา,นครศรีธรรมราช,ระดับน้ำ,ภาคใต้,แชร์ข้อมูล,hourly_rain,True,True,True,True,True
NKO004,ทุ่งใหญ่,8.414556,99.24981,ภาคใต้ฝั่งตะวันออกตอนบน,คลองสินปุน,บางรูป,ทุ่งใหญ่,นครศรีธรรมราช,ระดับน้ำ,ภาคใต้,แชร์ข้อมูล,hourly_rain,True,True,True,True,True
NKOK,อบต.คลองตะเกรา,13.419939,101.64109,บางปะกง,คลองท่าลาด,คลองตะเกรา,ท่าตะเกียบ,ฉะเชิงเทรา,น้ำฝน,ภาคกลาง,แชร์ข้อมูล,hourly_rain,True,True,True,True,True
NKSG,อบต.ด่านจาก,15.165593,102.087746,มูล,ลำเชิงไกร,ด่านจาก,โนนไทย,นครราชสีมา,น้ำฝน,ภาคตะวันออกเฉียงเหนือ,แชร์ข้อมูล,hourly_rain,True,True,True,True,True
NKTI,ทต.นครไทย,17.101046,100.82921,น่าน,แม่น้ำแควน้อยส่วนที่ 1,นครไทย,นครไทย,พิษณุโลก,น้ำฝน,ภาคเหนือ,แชร์ข้อมูล,hourly_rain,True,True,True,True,True
NKTP,ทต.บะยาว,17.080946,103.39906,ชี,ลำปาวตอนบน,บะยาว,วังสามหมอ,อุดรธานี,น้ำฝน,ภาคตะวันออกเฉียงเหนือ,แชร์ข้อมูล,hourly_rain,True,True,True,True,True
NKYG,ทต.หนองขาหย่าง,15.36227,99.93851,สะแกกรัง,แม่น้ำสะแกกรังตอนล่างส่วนที่ 3,หนองขาหย่าง,หนองขาหย่าง,อุทัยธานี,น้ำฝน,ภาคเหนือ,แชร์ข้อมูล,hourly_rain,True,True,True,True,True
NMKH,อบต.หนองมะค่า,15.432151,100.924484,ป่าสัก,ห้วยเกาะแก้ว,หนองมะค่า,โคกเจริญ,ลพบุรี,น้ำฝน,ภาคกลาง,แชร์ข้อมูล,hourly_rain,True,True,True,True,True
NMKI,ทต.หนองม่วงไข่,18.264294,100.20008,ยม,แม่น้ำยมตอนกลางส่วนที่ 1,หนองม่วงไข่,หนองม่วงไข่,แพร่,น้ำฝน,ภาคเหนือ,แชร์ข้อมูล,hourly_rain,True,True,True,True,True
NMKO,อบต.หนองไม้กอง,16.43569,99.94511,ยม,แม่น้ำยมตอนล่างส่วนที่ 5,หนองไม้กอง,ไทรงาม,กำแพงเพชร,น้ำฝน,ภาคเหนือ,แชร์ข้อมูล,hourly_rain,True,True,True,True,True
NMNO,อบต.น้ำหนาว,16.770231,101.669945,ชี,ลำน้ำเชิญส่วนที่ 1,น้ำหนาว,น้ำหนาว,เพชรบูรณ์,น้ำฝน,ภาคเหนือ,แชร์ข้อมูล,hourly_rain,True,True,True,True,True
NMPR,ทต.เนินมะปราง,16.570732,100.64936,น่าน,แม่น้ำน่านตอนล่างส่วนที่ 2,เนินมะปราง,เนินมะปราง,พิษณุโลก,น้ำฝน,ภาคเหนือ,แชร์ข้อมูล,hourly_rain,True,True,True,True,True
NMPT,ทต.น้ำปาด,17.725319,100.681404,น่าน,น้ำปาด,แสนตอ,น้ำปาด,อุตรดิตถ์,น้ำฝน,ภาคเหนือ,แชร์ข้อมูล,hourly_rain,True,True,True,True,True
NMUB,อบต.น้ำมวบ,18.484186,100.930756,น่าน,แม่น้ำน่านส่วนที่ 3/2,น้ำมวบ,เวียงสา,น่าน,น้ำฝน,ภาคเหนือ,แชร์ข้อมูล,hourly_rain,True,True,True,True,True
NNDG,อบต.โนนแดง,15.891125,103.078186,มูล,ลำพังชู,โนนแดง,บรบือ,มหาสารคาม,น้ำฝน,ภาคตะวันออกเฉียงเหนือ,แชร์ข้อมูล,hourly_rain,True,True,True,True,True
NNKO,อบต.โนนกอก,16.199198,101.93238,ชี,น้ำพรหม,โนนกอก,เกษตรสมบูรณ์,ชัยภูมิ,น้ำฝน,ภาคตะวันออกเฉียงเหนือ,แชร์ข้อมูล,hourly_rain,True,True,True,True,True
NNPT,อบต.วังทอง,17.320726,102.0248,ชี,ลำพะเนียง,วังทอง,นาวัง,หนองบัวลำภู,น้ำฝน,ภาคตะวันออกเฉียงเหนือ,แชร์ข้อมูล,hourly_rain,True,True,True,True,True
NOKG,อบต.หนองโพธิ์,15.774314,103.102806,มูล,ลำพังชู,หนองโพธิ์,นาเชือก,มหาสารคาม,น้ำฝน,ภาคตะวันออกเฉียงเหนือ,แชร์ข้อมูล,hourly_rain,True,True,True,True,True
NOKK,อบต.หนองขนาก,14.51421,100.73521,เจ้าพระยา,ที่ราบแม่น้ำเจ้าพระยา,หนองขนาก,ท่าเรือ,พระนครศรีอยุธยา,น้ำฝน,ภาคกลาง,แชร์ข้อมูล,hourly_rain,True,True,True,True,True
NOKW,อบต.หนองพันทา,18.10733,103.41312,โขงตะวันออกเฉียงเหนือ,แม่น้ำสงครามตอนบน,หนองพันทา,โซ่พิสัย,บึงกาฬ,น้ำฝน,ภาคตะวันออกเฉียงเหนือ,แชร์ข้อมูล,hourly_rain,True,True,True,True,True
NONA,อบต.หนองนาง,17.695118,102.6153,โขงตะวันออกเฉียงเหนือ,แม่น้ำโขงส่วนที่ 6/2,หนองนาง,ท่าบ่อ,หนองคาย,น้ำฝน,ภาคตะวันออกเฉียงเหนือ,แชร์ข้อมูล,hourly_rain,True,True,True,True,True
NOPU,อบต.สุขสวัสดิ์,14.864202,104.350685,มูล,ห้วยสำราญ,สุขสวัสดิ์,ไพรบึง,ศรีสะเกษ,น้ำฝน,ภาคตะวันออกเฉียงเหนือ,แชร์ข้อมูล,hourly_rain,True,True,True,True,True
NPCT,อบต.พิจิตร,6.988308,100.571526,ทะเลสาบสงขลา,ทะเลสาบสงขลา ( ลุ่มน้ำสาขา ),พิจิตร,นาหม่อม,สงขลา,น้ำฝน,ภาคใต้,แชร์ข้อมูล,hourly_rain,True,True,True,True,True
NPI001,ท่าศาลา,8.786922,99.91124,ภาคใต้ฝั่งตะวันออกตอนบน,คลองกลาย,สระแก้ว,ท่าศาลา,นครศรีธรรมราช,ระดับน้ำ,ภาคใต้,แชร์ข้อมูล,hourly_rain,True,True,True,True,True
NPI002,นบพิตำ,8.720036,99.79616,ภาคใต้ฝั่งตะวันออกตอนบน,คลองกลาย,สระแก้ว,ท่าศาลา,นครศรีธรรมราช,ระดับน้ำ,ภาคใต้,แชร์ข้อมูล,hourly_rain,True,True,True,True,True
NPNK,อบต.หนองผักนาก,14.76446,100.01942,ท่าจีน,ที่ราบแม่น้ำท่าจีน,หนองผักนาก,สามชุก,สุพรรณบุรี,น้ำฝน,ภาคกลาง,แชร์ข้อมูล,hourly_rain,True,True,True,True,True
NPSD,อบต.ท่าแยก,13.907658,102.093994,บางปะกง,แม่น้ำพระปรงส่วนที่ 1,ท่าแยก,เมืองสระแก้ว,สระแก้ว,น้ำฝน,ภาคกลาง,แชร์ข้อมูล,hourly_rain,True,True,True,True,True
NSNO,อบต.หนองโสน,16.39647,100.05528,ยม,แม่น้ำยมตอนล่างส่วนที่ 5,หนองโสน,สามง่าม,พิจิตร,น้ำฝน,ภาคเหนือ,แชร์ข้อมูล,hourly_rain,True,True,True,True,True
NSRS,โรงปรับปรุงคุณภาพน้ำฯ ทน.นครสวรรค์,15.69863,100.13689,เจ้าพระยา,ที่ราบแม่น้ำเจ้าพระยา,ปากน้ำโพ,เมืองนครสวรรค์,นครสวรรค์,น้ำฝน,ภาคเหนือ,แชร์ข้อมูล,hourly_rain,True,True,True,True,True
NTAN,อบต.นาตาล,15.901687,105.278755,โขงตะวันออกเฉียงเหนือ,แม่น้ำโขงตอนล่าง,นาตาล,นาตาล,อุบลราชธานี,น้ำฝน,ภาคตะวันออกเฉียงเหนือ,แชร์ข้อมูล,hourly_rain,True,True,True,True,True
NTNG,รพสต.บ้านหนองไคร้,18.601257,98.93967,ปิง,แม่น้ำปิงส่วนที่ 2/2,หนองตอง,หางดง,เชียงใหม่,น้ำฝน,ภาคเหนือ,แชร์ข้อมูล,hourly_rain,True,True,True,True,True
NTST,อบต.ท่าเสา,14.21602,99.08134,แม่กลอง,แม่น้ำแควน้อยตอนล่างส่วนที่ 2,ท่าเสา,ไทรโยค,กาญจนบุรี,น้ำฝน,ภาคกลาง,แชร์ข้อมูล,hourly_rain,True,True,True,True,True
NTTI,อบต.หนองหมื่นถ่าน,15.754068,103.917465,ชี,ลำน้ำชีตอนล่าง,หนองหมื่นถ่าน,อาจสามารถ,ร้อยเอ็ด,น้ำฝน,ภาคตะวันออกเฉียงเหนือ,แชร์ข้อมูล,hourly_rain,True,True,True,True,True
NWSO,วัดศรีหมากหญ้า,17.250784,102.60559,โขงตะวันออกเฉียงเหนือ,ห้วยหลวงส่วนที่ 1,หมากหญ้า,หนองวัวซอ,อุดรธานี,น้ำฝน,ภาคตะวันออกเฉียงเหนือ,แชร์ข้อมูล,hourly_rain,True,True,True,True,True
NYK000,องครักษ์,14.113654,101.01959,บางปะกง,แม่น้ำนครนายก,องครักษ์,องครักษ์,นครนายก,ระดับน้ำ,ภาคกลาง,แชร์ข้อมูล,hourly_rain,True,True,True,True,True
NYK001,สะพานวังแก่ง,14.364806,101.09028,บางปะกง,แม่น้ำนครนายก,เขาเพิ่ม,บ้านนา,นครนายก,ระดับน้ำ,ภาคกลาง,แชร์ข้อมูล,hourly_rain,True,True,True,True,True
NYK008,สะพานเขานางบวช,14.245718,101.27481,บางปะกง,แม่น้ำนครนายก,ศรีนาวา,เมืองนครนายก,นครนายก,ระดับน้ำ,ภาคกลาง,แชร์ข้อมูล,hourly_rain,True,True,True,True,True
NYK014,สะพานโยธกา,13.974966,101.14307,บางปะกง,แม่น้ำนครนายก,บางเตย,บ้านสร้าง,ปราจีนบุรี,ระดับน้ำ,ภาคกลาง,แชร์ข้อมูล,hourly_rain,True,True,True,True,True
NYUN,ทต.น้ำยืน,14.499624,104.99805,มูล,ลำโดมใหญ่,สีวิเชียร,น้ำยืน,อุบลราชธานี,น้ำฝน,ภาคตะวันออกเฉียงเหนือ,แชร์ข้อมูล,hourly_rain,True,True,True,True,True
OMKI,อบต.อมก๋อย,17.797976,98.34149,ปิง,น้ำแม่ตื่น,อมก๋อย,อมก๋อย,เชียงใหม่,น้ำฝน,ภาคเหนือ,แชร์ข้อมูล,hourly_rain,True,True,True,True,True
ONE001,สะพานท่าน้ำ,8.109218,98.90551,ภาคใต้ฝั่งตะวันตก,ภาคใต้ฝั่งตะวันตกส่วนที่ 2,ปากน้ำ,เมืองกระบี่,กระบี่,ระดับน้ำ,ภาคใต้,แชร์ข้อมูล,hourly_rain,True,True,True,True,True
ONE002,สะพานข้ามคลองกระบี่ใหญ่ 1,8.187534,98.87913,ภาคใต้ฝั่งตะวันตก,ภาคใต้ฝั่งตะวันตกส่วนที่ 2,ทับปริก,เมืองกระบี่,กระบี่,ระดับน้ำ,ภาคใต้,แชร์ข้อมูล,hourly_rain,True,True,True,True,True
ONE003,สะพานคลองอิปัน,8.525788,98.881874,ภาคใต้ฝั่งตะวันออกตอนบน,คลองอิปัน,ปลายพระยา,ปลายพระยา,กระบี่,ระดับน้ำ,ภาคใต้,แชร์ข้อมูล,hourly_rain,True,True,True,True,True
ONE004,สะพานข้ามคลองตะโก,10.077671,98.98699,ภาคใต้ฝั่งตะวันออกตอนบน,ภาคใต้ฝั่งตะวันออกตอนบนส่วนที่ 2,ตะโก,ทุ่งตะโก,ชุมพร,ระดับน้ำ,ภาคใต้,แชร์ข้อมูล,hourly_rain,True,True,True,True,True
ONE005,สะพานหนองจิก-วังปลา,10.112908,99.07552,ภาคใต้ฝั่งตะวันออกตอนบน,ภาคใต้ฝั่งตะวันออกตอนบนส่วนที่ 2,ช่องไม้แก้ว,ทุ่งตะโก,ชุมพร,ระดับน้ำ,ภาคใต้,แชร์ข้อมูล,hourly_rain,True,True,True,True,True
ONE006,ปตร.ธรณิศนฤมิต-เหนือน้ำ,16.92319,104.7161,โขงตะวันออกเฉียงเหนือ,ห้วยน้ำก่ำ,น้ำก่ำ,ธาตุพนม,นครพนม,ระดับน้ำ,ภาคตะวันออกเฉียงเหนือ,แชร์ข้อมูล,hourly_rain,True,True,True,True,True
ONE007,ปตร.ธรณิศนฤมิต-ท้ายน้ำ,16.922228,104.71621,โขงตะวันออกเฉียงเหนือ,ห้วยน้ำก่ำ,น้ำก่ำ,ธาตุพนม,นครพนม,ระดับน้ำ,ภาคตะวันออกเฉียงเหนือ,แชร์ข้อมูล,hourly_rain,True,True,True,True,True
ONE008,ปตร. ห้วยแคน-เหนือน้ำ,16.928389,104.720314,โขงตะวันออกเฉียงเหนือ,ห้วยน้ำก่ำ,ธาตุพนม,ธาตุพนม,นครพนม,ระดับน้ำ,ภาคตะวันออกเฉียงเหนือ,แชร์ข้อมูล,hourly_rain,True,True,True,True,True
ONE009,ปตร. ห้วยแคน-ท้ายน้ำ,16.927946,104.72031,โขงตะวันออกเฉียงเหนือ,ห้วยน้ำก่ำ,ธาตุพนม,ธาตุพนม,นครพนม,ระดับน้ำ,ภาคตะวันออกเฉียงเหนือ,แชร์ข้อมูล,hourly_rain,True,True,True,True,True
ONE010,สะพานบ้านแก่งโพธิ์,16.929127,104.70069,โขงตะวันออกเฉียงเหนือ,ห้วยน้ำก่ำ,น้ำก่ำ,ธาตุพนม,นครพนม,ระดับน้ำ,ภาคตะวันออกเฉียงเหนือ,แชร์ข้อมูล,hourly_rain,True,True,True,True,True
ONE011,ปตร.บ้านนาคู่-เหนือน้ำ,16.96218,104.52514,โขงตะวันออกเฉียงเหนือ,ห้วยน้ำก่ำ,นาคู่,นาแก,นครพนม,ระดับน้ำ,ภาคตะวันออกเฉียงเหนือ,แชร์ข้อมูล,hourly_rain,True,True,True,True,True
ONE012,ปตร. บ้านนาคู่-ท้ายน้ำ,16.96175,104.52583,โขงตะวันออกเฉียงเหนือ,ห้วยน้ำก่ำ,นาคู่,นาแก,นครพนม,ระดับน้ำ,ภาคตะวันออกเฉียงเหนือ,แชร์ข้อมูล,hourly_rain,True,True,True,True,True
ONE013,สะพานมิตรภาพท่าลาดปากบัง,16.993048,104.59141,โขงตะวันออกเฉียงเหนือ,ห้วยน้ำก่ำ,ท่าลาด,เรณูนคร,นครพนม,ระดับน้ำ,ภาคตะวันออกเฉียงเหนือ,แชร์ข้อมูล,hourly_rain,True,True,True,True,True
ONE014,ปตร. บ้านนาขาม-เหนือน้ำ,17.001423,104.42569,โขงตะวันออกเฉียงเหนือ,ห้วยน้ำก่ำ,วังยาง,วังยาง,นครพนม,ระดับน้ำ,ภาคตะวันออกเฉียงเหนือ,แชร์ข้อมูล,hourly_rain,True,True,True,True,True
ONE015,ปตร. บ้านนาขาม-ท้ายน้ำ,17.00039,104.42528,โขงตะวันออกเฉียงเหนือ,ห้วยน้ำก่ำ,หนองสังข์,นาแก,นครพนม,ระดับน้ำ,ภาคตะวันออกเฉียงเหนือ,แชร์ข้อมูล,hourly_rain,True,True,True,True,True
ONE016,สะพานน้ำก่ำ บ้านหนองแคน,17.057098,104.363556,โขงตะวันออกเฉียงเหนือ,ห้วยน้ำก่ำ,ยอดชาด,วังยาง,นครพนม,ระดับน้ำ,ภาคตะวันออกเฉียงเหนือ,แชร์ข้อมูล,hourly_rain,True,True,True,True,True
ONE017,ปตร.บ้านนาบัว-เหนือน้ำ,17.065418,104.579025,โขงตะวันออกเฉียงเหนือ,ห้วยน้ำก่ำ,โคกหินแฮ่,เรณูนคร,นครพนม,ระดับน้ำ,ภาคตะวันออกเฉียงเหนือ,แชร์ข้อมูล,hourly_rain,True,True,True,True,True
ONE018,ปตร. บ้านนาบัว-ท้ายน้ำ,17.064844,104.57885,โขงตะวันออกเฉียงเหนือ,ห้วยน้ำก่ำ,โคกหินแฮ่,เรณูนคร,นครพนม,ระดับน้ำ,ภาคตะวันออกเฉียงเหนือ,แชร์ข้อมูล,hourly_rain,True,True,True,True,True
ONE019,ปตร.บ้านตับเต่า-เหนือน้ำ,17.115343,104.53788,โขงตะวันออกเฉียงเหนือ,ห้วยน้ำก่ำ,หนองเทาใหญ่,ปลาปาก,นครพนม,ระดับน้ำ,ภาคตะวันออกเฉียงเหนือ,แชร์ข้อมูล,hourly_rain,True,True,True,True,True
ONE020,ปตร. บ้านตับเต่า-ท้ายน้ำ,17.114717,104.53841,โขงตะวันออกเฉียงเหนือ,ห้วยน้ำก่ำ,หนองเทาใหญ่,ปลาปาก,นครพนม,ระดับน้ำ,ภาคตะวันออกเฉียงเหนือ,แชร์ข้อมูล,hourly_rain,True,True,True,True,True
ONE021,คลองเชียงไกร บ้านดอน,15.240674,101.786194,มูล,ลำเชิงไกร,ด่านขุนทด,ด่านขุนทด,นครราชสีมา,ระดับน้ำ,ภาคตะวันออกเฉียงเหนือ,แชร์ข้อมูล,hourly_rain,True,True,True,True,True
ONE022,คลองสามบาท บ้านกุดพิมาน,15.310615,101.743996,มูล,ลำเชิงไกร,กุดพิมาน,ด่านขุนทด,นครราชสีมา,ระดับน้ำ,ภาคตะวันออกเฉียงเหนือ,แชร์ข้อมูล,hourly_rain,True,True,True,True,True
ONE023,สะพานข้ามคลองท่าแพ,8.166443,99.70425,ภาคใต้ฝั่งตะวันตก,แม่น้ำตรัง,ปากแพรก,ทุ่งสง,นครศรีธรรมราช,ระดับน้ำ,ภาคใต้,แชร์ข้อมูล,hourly_rain,True,True,True,True,True
ONE024,สะพานข้ามคลองบางม่วง,7.3652806,100.27959,ทะเลสาบสงขลา,ทะเลหลวง,ฝาละมี,ปากพะยูน,พัทลุง,ระดับน้ำ,ภาคใต้,แชร์ข้อมูล,hourly_rain,True,True,True,True,True
ONE025,สะพานข้ามคลองลำปำ,7.6228175,100.14691,ทะเลสาบสงขลา,ทะเลหลวง,ลำปำ,เมืองพัทลุง,พัทลุง,ระดับน้ำ,ภาคใต้,แชร์ข้อมูล,hourly_rain,True,True,True,True,True
ONE026,สะพานข้ามแม่น้ำยมสายเก่า-บ้านวังน้ำบ่อ,17.012897,100.06047,ยม,คลองบางแก้ว,วังวน,พรหมพิราม,พิษณุโลก,ระดับน้ำ,ภาคเหนือ,แชร์ข้อมูล,hourly_rain,True,True,True,True,True
ONE027,สะพานข้ามคลองกะเปอร์,9.590069,98.63293,ภาคใต้ฝั่งตะวันตก,ภาคใต้ฝั่งตะวันตกตอนบน,กะเปอร์,กะเปอร์,ระนอง,ระดับน้ำ,ภาคใต้,แชร์ข้อมูล,hourly_rain,True,True,True,True,True
ONE028,ปตร. บ้านหนองบึง-เหนือน้ำ,17.081032,104.36085,โขงตะวันออกเฉียงเหนือ,ห้วยน้ำก่ำ,ด่านม่วงคำ,โคกศรีสุพรรณ,สกลนคร,ระดับน้ำ,ภาคตะวันออกเฉียงเหนือ,แชร์ข้อมูล,hourly_rain,True,True,True,True,True
ONE029,ปตร. บ้านหนองบึง-ท้ายน้ำ,17.080105,104.36071,โขงตะวันออกเฉียงเหนือ,ห้วยน้ำก่ำ,ด่านม่วงคำ,โคกศรีสุพรรณ,สกลนคร,ระดับน้ำ,ภาคตะวันออกเฉียงเหนือ,แชร์ข้อมูล,hourly_rain,True,True,True,True,True
ONE030,สะพานขามคลองเตียก,17.126007,104.14093,โขงตะวันออกเฉียงเหนือ,น้ำพุง,ดงมะไฟ,เมืองสกลนคร,สกลนคร,ระดับน้ำ,ภาคตะวันออกเฉียงเหนือ,แชร์ข้อมูล,hourly_rain,True,True,True,True,True
ONE031,ปตร. สุรัสวดี-เหนือน้ำ,17.15318,104.2829,โขงตะวันออกเฉียงเหนือ,น้ำพุง,นาตงวัฒนา,โพนนาแก้ว,สกลนคร,ระดับน้ำ,ภาคตะวันออกเฉียงเหนือ,แชร์ข้อมูล,hourly_rain,True,True,True,True,True
ONE032,ปตร. สุรัสวดี-ท้ายน้ำ,17.15333,104.28338,โขงตะวันออกเฉียงเหนือ,ห้วยน้ำก่ำ,นาตงวัฒนา,โพนนาแก้ว,สกลนคร,ระดับน้ำ,ภาคตะวันออกเฉียงเหนือ,แชร์ข้อมูล,hourly_rain,True,True,True,True,True
ONE033,สะพานข้ามคลองโมง,17.166748,104.11901,โขงตะวันออกเฉียงเหนือ,น้ำพุง,ธาตุเชิงชุม,เมืองสกลนคร,สกลนคร,ระดับน้ำ,ภาคตะวันออกเฉียงเหนือ,แชร์ข้อมูล,hourly_rain,True,True,True,True,True
ONE034,สะพานข้ามห้วยสมอ,17.208946,104.101845,โขงตะวันออกเฉียงเหนือ,น้ำพุง,ธาตุนาเวง,เมืองสกลนคร,สกลนคร,ระดับน้ำ,ภาคตะวันออกเฉียงเหนือ,แชร์ข้อมูล,hourly_rain,True,True,True,True,True
ONE035,สะพานข้ามคลองเทพา,6.534079,100.96343,ทะเลสาบสงขลา,คลองเทพา,จะแหน,สะบ้าย้อย,สงขลา,ระดับน้ำ,ภาคใต้,แชร์ข้อมูล,hourly_rain,True,True,True,True,True
ONE036,สะพานเทพาสันติสุข,6.8251314,100.972626,ทะเลสาบสงขลา,คลองเทพา,เทพา,เทพา,สงขลา,ระดับน้ำ,ภาคใต้,แชร์ข้อมูล,hourly_rain,True,True,True,True,True
ONE037,สะพานข้ามคลองอู่ตะเภา,7.134991,100.45319,ทะเลสาบสงขลา,ทะเลสาบสงขลา ( ลุ่มน้ำสาขา ),คูเต่า,หาดใหญ่,สงขลา,ระดับน้ำ,ภาคใต้,แชร์ข้อมูล,hourly_rain,True,True,True,True,True
ONE038,สะพานสวนเฉลิมพระเกียรติ 72 พรรษามหาราชินี,7.18275,100.594505,ทะเลสาบสงขลา,ทะเลสาบสงขลา ( ลุ่มน้ำสาขา ),หัวเขา,สิงหนคร,สงขลา,ระดับน้ำ,ภาคใต้,แชร์ข้อมูล,hourly_rain,True,True,True,True,True
ONE039,สะพานข้ามคลองระโนด,7.7699,100.302086,ทะเลสาบสงขลา,ทะเลหลวง,ระโนด,ระโนด,สงขลา,ระดับน้ำ,ภาคใต้,แชร์ข้อมูล,hourly_rain,True,True,True,True,True
ONE040,สะพานข้ามแม่น้ำยมสายเก่า-ตำบลไกรใน,17.074213,100.00565,ยม,คลองบางแก้ว,ไกรใน,กงไกรลาศ,สุโขทัย,ระดับน้ำ,ภาคเหนือ,แชร์ข้อมูล,hourly_rain,True,True,True,True,True
ONE041,สะพานข้ามแม่น้ำยมสายเก่า-วัดปากน้ำ,17.219513,99.889565,ยม,แม่น้ำยมตอนล่างส่วนที่ 2,ปากน้ำ,สวรรคโลก,สุโขทัย,ระดับน้ำ,ภาคเหนือ,แชร์ข้อมูล,hourly_rain,True,True,True,True,True
ONE042,สะพานคลองแม่น้ำเก่า,17.341509,99.85574,ยม,แม่น้ำยมตอนล่างส่วนที่ 2,ในเมือง,สวรรคโลก,สุโขทัย,ระดับน้ำ,ภาคเหนือ,แชร์ข้อมูล,hourly_rain,True,True,True,True,True
ONE044,สะพานข้ามคลองไชยา,9.398649,99.16831,ภาคใต้ฝั่งตะวันออกตอนบน,ภาคใต้ฝั่งตะวันออกส่วนที่ 2,เวียง,ไชยา,สุราษฎร์ธานี,ระดับน้ำ,ภาคใต้,แชร์ข้อมูล,hourly_rain,True,True,True,True,True
ONE045,สะพานข้ามคลองปากหมาก,9.492355,98.91993,ภาคใต้ฝั่งตะวันออกตอนบน,ภาคใต้ฝั่งตะวันออกส่วนที่ 2,ปากหมาก,ไชยา,สุราษฎร์ธานี,ระดับน้ำ,ภาคใต้,แชร์ข้อมูล,hourly_rain,True,True,True,True,True
ONE046,สะพานข้ามคลองท่าชนะ,9.576608,99.12956,ภาคใต้ฝั่งตะวันออกตอนบน,ภาคใต้ฝั่งตะวันออกส่วนที่ 2,คลองพา,ท่าชนะ,สุราษฎร์ธานี,ระดับน้ำ,ภาคใต้,แชร์ข้อมูล,hourly_rain,True,True,True,True,True
ONE047,สะพานถนนสายเอเซีย 4265,9.59868,98.94901,ภาคใต้ฝั่งตะวันออกตอนบน,ภาคใต้ฝั่งตะวันออกส่วนที่ 2,ประสงค์,ท่าชนะ,สุราษฎร์ธานี,ระดับน้ำ,ภาคใต้,แชร์ข้อมูล,hourly_rain,True,True,True,True,True
ONE048,สะพานผันน้ำยม-น่าน2,17.321053,100.01187,ยม,คลองบางแก้ว,คอรุม,พิชัย,อุตรดิตถ์,ระดับน้ำ,ภาคเหนือ,แชร์ข้อมูล,hourly_rain,True,True,True,True,True
ONE049,อ่างเก็บน้ำบางกำปรัด,8.222012,99.197815,ภาคใต้ฝั่งตะวันออกตอนบน,คลองสินปุน,สินปุน,เขาพนม,กระบี่,น้ำฝน,ภาคใต้,แชร์ข้อมูล,hourly_rain,True,True,True,True,True
ONE050,โรงเรียนบ้านห้วยแดง,16.548172,104.20809,ชี,ลำน้ำยัง,กุดหว้า,กุฉินารายณ์,กาฬสินธุ์,น้ำฝน,ภาคตะวันออกเฉียงเหนือ,แชร์ข้อมูล,hourly_rain,True,True,True,True,True
ONE051,โรงเรียนบ้านคำพิมูล,16.923668,103.59711,ชี,ลำปาวตอนล่าง,ทุ่งคลอง,คำม่วง,กาฬสินธุ์,น้ำฝน,ภาคตะวันออกเฉียงเหนือ,แชร์ข้อมูล,hourly_rain,True,True,True,True,True
ONE052,รพ.สต. คำเหมือดแก้ว,16.533354,103.205505,ชี,ลำปาวตอนล่าง,คำเหมือดแก้ว,ห้วยเม็ก,กาฬสินธุ์,น้ำฝน,ภาคตะวันออกเฉียงเหนือ,แชร์ข้อมูล,hourly_rain,True,True,True,True,True
ONE053,รพ.สต.บ้านหนองโบสถ์,14.418626,102.22095,มูล,ลำแซะ,บ้านใหม่,ครบุรี,นครราชสีมา,น้ำฝน,ภาคตะวันออกเฉียงเหนือ,แชร์ข้อมูล,hourly_rain,True,True,True,True,True
ONE054,โรงเรียนบ้านโนนเต็ง,15.486866,102.24146,มูล,ลำสะแทดส่วนที่ 1,โนนเต็ง,คง,นครราชสีมา,น้ำฝน,ภาคตะวันออกเฉียงเหนือ,แชร์ข้อมูล,hourly_rain,True,True,True,True,True
ONE055,โรงเรียนบ้านหนองปรือโป่ง,15.603773,102.21791,ชี,ลำน้ำชีส่วนที่ 2/2,โคกกระเบื้อง,บ้านเหลื่อม,นครราชสีมา,น้ำฝน,ภาคตะวันออกเฉียงเหนือ,แชร์ข้อมูล,hourly_rain,True,True,True,True,True
ONE056,โรงเรียนชินวงศ์อุปถัมภ์,14.772733,101.71567,มูล,ลำตะคอง,มะเกลือใหม่,สูงเนิน,นครราชสีมา,น้ำฝน,ภาคตะวันออกเฉียงเหนือ,แชร์ข้อมูล,hourly_rain,True,True,True,True,True
ONE057,ทต.ตะขบ,14.635942,101.844666,มูล,ลำพระเพลิง,ตะขบ,ปักธงชัย,นครราชสีมา,น้ำฝน,ภาคตะวันออกเฉียงเหนือ,แชร์ข้อมูล,hourly_rain,True,True,True,True,True
ONE058,โรงเรียนบ้านคลองครก,13.133251,101.816765,ชายฝั่งทะเลตะวันออก,คลองโตนด,พวา,แก่งหางแมว,จันทบุรี,น้ำฝน,ภาคกลาง,แชร์ข้อมูล,hourly_rain,True,True,True,True,True
ONE059,วัดโคกตะพง (แกลง),12.781715,102.17328,ชายฝั่งทะเลตะวันออก,แม่น้ำจันทบุรี,วังแซ้ม,มะขาม,จันทบุรี,น้ำฝน,ภาคกลาง,แชร์ข้อมูล,hourly_rain,True,True,True,True,True
ONE060,วัดสันติธรรมคีรี (วัดเขาหินโค่ง),12.971485,101.99657,ชายฝั่งทะเลตะวันออก,แม่น้ำจันทบุรี,คลองพลู,เขาคิชฌกูฏ,จันทบุรี,น้ำฝน,ภาคกลาง,แชร์ข้อมูล,hourly_rain,True,True,True,True,True
ONE061,โรงเรียนบ้านตลาดเนินหิน,13.298748,101.36007,บางปะกง,คลองหลวง,ธาตุทอง,บ่อทอง,ชลบุรี,น้ำฝน,ภาคกลาง,แชร์ข้อมูล,hourly_rain,True,True,True,True,True
ONE062,โรงเรียนวัดบ้านโป่ง,12.934864,100.9912,ชายฝั่งทะเลตะวันออก,ชายฝั่งทะเลตะวันออก (ลุ่มน้ำสาขา 1),โป่ง,บางละมุง,ชลบุรี,น้ำฝน,ภาคกลาง,แชร์ข้อมูล,hourly_rain,True,True,True,True,True
ONE063,โรงเรียนวัดหนองน้ำเขียว,13.234718,101.11683,บางปะกง,ที่ราบแม่น้ำบางปะกงส่วนที่ 2,คลองกิ่ว,บ้านบึง,ชลบุรี,น้ำฝน,ภาคกลาง,แชร์ข้อมูล,hourly_rain,True,True,True,True,True
ONE064,สำนักสงฆ์โสธรรมนิมิตร,13.168436,101.03034,ชายฝั่งทะเลตะวันออก,ชายฝั่งทะเลตะวันออก (ลุ่มน้ำสาขา 1),บางพระ,ศรีราชา,ชลบุรี,น้ำฝน,ภาคกลาง,แชร์ข้อมูล,hourly_rain,True,True,True,True,True
ONE065,โรงเรียนบ้านฉนวน,16.30008,102.26176,ชี,ลำน้ำเชิญส่วนที่ 2,บ้านดอน,ภูเขียว,ชัยภูมิ,น้ำฝน,ภาคตะวันออกเฉียงเหนือ,แชร์ข้อมูล,hourly_rain,True,True,True,True,True
ONE066,วัดทุ่งตอง,12.515779,102.59024,ชายฝั่งทะเลตะวันออก,แม่น้ำเมืองตราด,นนทรีย์,บ่อไร่,ตราด,น้ำฝน,ภาคกลาง,แชร์ข้อมูล,hourly_rain,True,True,True,True,True
ONE067,รพ.สต.บ้านคลองขวาง,12.344471,102.641685,ชายฝั่งทะเลตะวันออก,ชายฝั่งทะเลตะวันออก (ลุ่มน้ำสาขา 5),ท่ากุ่ม,เมืองตราด,ตราด,น้ำฝน,ภาคกลาง,แชร์ข้อมูล,hourly_rain,True,True,True,True,True
ONE068,วัดถ้ำเขาช้าง,16.870367,104.552444,โขงตะวันออกเฉียงเหนือ,ห้วยน้ำก่ำ,พิมาน,นาแก,นครพนม,น้ำฝน,ภาคตะวันออกเฉียงเหนือ,แชร์ข้อมูล,hourly_rain,True,True,True,True,True
ONE069,โรงเรียนบ้านนาดอกไม้,17.177198,104.608246,โขงตะวันออกเฉียงเหนือ,แม่น้ำโขงส่วนที่ 8,กุตาไก้,ปลาปาก,นครพนม,น้ำฝน,ภาคตะวันออกเฉียงเหนือ,แชร์ข้อมูล,hourly_rain,True,True,True,True,True
ONE070,ที่พักสงฆ์ถ้ำตาชาย,16.923141,104.39272,โขงตะวันออกเฉียงเหนือ,ห้วยน้ำก่ำ,ก้านเหลือง,นาแก,นครพนม,น้ำฝน,ภาคตะวันออกเฉียงเหนือ,แชร์ข้อมูล,hourly_rain,True,True,True,True,True
ONE071,โรงเรียนบ้านหินเทิน,14.064862,102.01053,บางปะกง,แม่น้ำหนุมาน,แก่งดินสอ,นาดี,ปราจีนบุรี,น้ำฝน,ภาคกลาง,แชร์ข้อมูล,hourly_rain,True,True,True,True,True
ONE072,รพ.สต.ราษฎร์รักแดน,14.2470045,102.93663,มูล,ลำปะเทีย,หนองแวง,ละหานทราย,บุรีรัมย์,น้ำฝน,ภาคตะวันออกเฉียงเหนือ,แชร์ข้อมูล,hourly_rain,True,True,True,True,True
ONE073,โรงเรียนบ้านสายโท ๔ ใต้,14.370019,103.14557,มูล,ลำชี,จันทบเพชร,บ้านกรวด,บุรีรัมย์,น้ำฝน,ภาคตะวันออกเฉียงเหนือ,แชร์ข้อมูล,hourly_rain,True,True,True,True,True
ONE074,วัดนิคมประชาสรรค์ (วัดวังไทรดิ่ง),11.935995,99.710754,เพชรบุรี-ประจวบคีรีขันธ์,ชายฝั่งทะเลประจวบคีรีขันธ์ส่วนที่ 1,อ่าวน้อย,เมืองประจวบคีรีขันธ์,ประจวบคีรีขันธ์,น้ำฝน,ภาคกลาง,แชร์ข้อมูล,hourly_rain,True,True,True,True,True
ONE075,อ่างเก็บน้ำคลองช่องลม,11.565033,99.52905,เพชรบุรี-ประจวบคีรีขันธ์,ชายฝั่งทะเลประจวบคีรีขันธ์ส่วนที่ 1,เขาล้าน,ทับสะแก,ประจวบคีรีขันธ์,น้ำฝน,ภาคกลาง,แชร์ข้อมูล,hourly_rain,True,True,True,True,True
ONE076,วัดห้วยเกษียร,14.181174,101.413635,บางปะกง,แม่น้ำปราจีนบุรีตอนล่าง,เนินหอม,เมืองปราจีนบุรี,ปราจีนบุรี,น้ำฝน,ภาคกลาง,แชร์ข้อมูล,hourly_rain,True,True,True,True,True
ONE077,วัดบ้านห้วยชัน,13.98661,102.43689,บางปะกง,แม่น้ำพระปรงส่วนที่ 1,ช่องกุ่ม,วัฒนานคร,สระแก้ว,น้ำฝน,ภาคกลาง,แชร์ข้อมูล,hourly_rain,True,True,True,True,True
ONE078,วัดวังปลาช่อน,13.241895,99.65333,เพชรบุรี-ประจวบคีรีขันธ์,ห้วยแม่ประจัน,ยางหัก,ปากท่อ,ราชบุรี,น้ำฝน,ภาคกลาง,แชร์ข้อมูล,hourly_rain,True,True,True,True,True
ONE079,โรงเรียนบ้านห้วยไผ่,12.759101,99.61466,เพชรบุรี-ประจวบคีรีขันธ์,แม่น้ำเพชรบุรีตอนบน,กลัดหลวง,ท่ายาง,เพชรบุรี,น้ำฝน,ภาคกลาง,แชร์ข้อมูล,hourly_rain,True,True,True,True,True
ONE080,โรงเรียนบ้านเขาอ่างแก้ว,12.668873,99.65607,เพชรบุรี-ประจวบคีรีขันธ์,แม่น้ำเพชรบุรีตอนบน,เขากระปุก,ท่ายาง,เพชรบุรี,น้ำฝน,ภาคกลาง,แชร์ข้อมูล,hourly_rain,True,True,True,True,True
ONE081,เขื่อนบางวาด,7.8906183,98.33839,ภาคใต้ฝั่งตะวันตก,เกาะภูเก็ต,กะทู้,กะทู้,ภูเก็ต,น้ำฝน,ภาคใต้,แชร์ข้อมูล,hourly_rain,True,True,True,True,True
ONE082,อ่างเก็บน้ำบางเหนียวดำ,7.9690895,98.33395,ภาคใต้ฝั่งตะวันตก,เกาะภูเก็ต,ศรีสุนทร,ถลาง,ภูเก็ต,น้ำฝน,ภาคใต้,แชร์ข้อมูล,hourly_rain,True,True,True,True,True
ONE083,โรงเรียนบำรุงพงศ์อุปถัมป์,16.341164,104.52088,โขงตะวันออกเฉียงเหนือ,ห้วยบังอี้,โชคชัย,นิคมคำสร้อย,มุกดาหาร,น้ำฝน,ภาคตะวันออกเฉียงเหนือ,แชร์ข้อมูล,hourly_rain,True,True,True,True,True
ONE084,โรงเรียนบ้านหนองเม็ก,16.226318,104.775986,โขงตะวันออกเฉียงเหนือ,แม่น้ำโขงตอนล่าง,ป่าไร่,ดอนตาล,มุกดาหาร,น้ำฝน,ภาคตะวันออกเฉียงเหนือ,แชร์ข้อมูล,hourly_rain,True,True,True,True,True
ONE085,โรงเรียนบ้านวังนอง,16.461332,104.260345,ชี,ลำน้ำยัง,โนนยาง,หนองสูง,มุกดาหาร,น้ำฝน,ภาคตะวันออกเฉียงเหนือ,แชร์ข้อมูล,hourly_rain,True,True,True,True,True
ONE086,โรงเรียนบ้านโสก,16.798046,104.51644,โขงตะวันออกเฉียงเหนือ,แม่น้ำโขงส่วนที่ 9,ดงหลวง,ดงหลวง,มุกดาหาร,น้ำฝน,ภาคตะวันออกเฉียงเหนือ,แชร์ข้อมูล,hourly_rain,True,True,True,True,True
ONE087,ที่พักสงฆ์ดานหินแตก,16.12564,104.750725,โขงตะวันออกเฉียงเหนือ,แม่น้ำโขงตอนล่าง,บุ่งค้า,เลิงนกทา,ยโสธร,น้ำฝน,ภาคตะวันออกเฉียงเหนือ,แชร์ข้อมูล,hourly_rain,True,True,True,True,True
ONE088,โรงเรียนบ้านเหมืองแร่,12.880674,101.78457,ชายฝั่งทะเลตะวันออก,แม่น้ำประแส,น้ำเป็น,เขาชะเมา,ระยอง,น้ำฝน,ภาคกลาง,แชร์ข้อมูล,hourly_rain,True,True,True,True,True
ONE089,โรงเรียนบ้านสีระมัน,13.038723,101.66168,ชายฝั่งทะเลตะวันออก,แม่น้ำประแส,ห้วยทับมอญ,เขาชะเมา,ระยอง,น้ำฝน,ภาคกลาง,แชร์ข้อมูล,hourly_rain,True,True,True,True,True
ONE090,รพ.สต.บ้านชากหมาก,12.796791,101.02768,ชายฝั่งทะเลตะวันออก,ชายฝั่งทะเลตะวันออก (ลุ่มน้ำสาขา 1),สำนักท้อน,บ้านฉาง,ระยอง,น้ำฝน,ภาคกลาง,แชร์ข้อมูล,hourly_rain,True,True,True,True,True
ONE091,อบต.ปลวกแดง,12.9701185,101.20457,ชายฝั่งทะเลตะวันออก,คลองใหญ่,ปลวกแดง,ปลวกแดง,ระยอง,น้ำฝน,ภาคกลาง,แชร์ข้อมูล,hourly_rain,True,True,True,True,True
ONE092,ที่พักสงฆ์ถ้ำบังบด,16.683016,104.15919,ชี,ลำน้ำยัง,คุ้มเก่า,เขาวง,กาฬสินธุ์,น้ำฝน,ภาคตะวันออกเฉียงเหนือ,แชร์ข้อมูล,hourly_rain,True,True,True,True,True
ONE093,รพ.สต.ทับทิมสยาม 07,14.486936,104.45376,มูล,ห้วยทา,บักดอง,ขุนหาญ,ศรีสะเกษ,น้ำฝน,ภาคตะวันออกเฉียงเหนือ,แชร์ข้อมูล,hourly_rain,True,True,True,True,True
ONE094,โรงเรียนบ้านหลุบเลา,16.871344,103.992195,โขงตะวันออกเฉียงเหนือ,น้ำพุง,หลุบเลา,ภูพาน,สกลนคร,น้ำฝน,ภาคตะวันออกเฉียงเหนือ,แชร์ข้อมูล,hourly_rain,True,True,True,True,True
ONE095,โรงเรียนบ้านกวนบุ่น,16.90026,104.18291,โขงตะวันออกเฉียงเหนือ,ห้วยบางทราย,จันทร์เพ็ญ,เต่างอย,สกลนคร,น้ำฝน,ภาคตะวันออกเฉียงเหนือ,แชร์ข้อมูล,hourly_rain,True,True,True,True,True
ONE096,โรงเรียนบ้านนาคำวิทยาคาร,17.120447,104.05049,โขงตะวันออกเฉียงเหนือ,น้ำพุง,ห้วยยาง,เมืองสกลนคร,สกลนคร,น้ำฝน,ภาคตะวันออกเฉียงเหนือ,แชร์ข้อมูล,hourly_rain,True,True,True,True,True
ONE097,โรงเรียนบ้านภูเพ็ก,17.214973,103.95327,โขงตะวันออกเฉียงเหนือ,ห้วยน้ำอูน,นาหัวบ่อ,พรรณานิคม,สกลนคร,น้ำฝน,ภาคตะวันออกเฉียงเหนือ,แชร์ข้อมูล,hourly_rain,True,True,True,True,True
ONE098,เทศบาลตำบลท่าพระยา,6.62463,100.94688,ทะเลสาบสงขลา,คลองเทพา,สะบ้าย้อย,สะบ้าย้อย,สงขลา,น้ำฝน,ภาคใต้,แชร์ข้อมูล,hourly_rain,True,True,True,True,True
ONE099,โรงเรียนบ้านคลองยายอินทร์,13.383333,102.12729,บางปะกง,คลองพระสทึง,วังทอง,วังสมบูรณ์,สระแก้ว,น้ำฝน,ภาคกลาง,แชร์ข้อมูล,hourly_rain,True,True,True,True,True
ONE100,วัดคลองคันโท,13.94595,102.28505,บางปะกง,แม่น้ำพระปรงส่วนที่ 1,หนองตะเคียนบอน,วัฒนานคร,สระแก้ว,น้ำฝน,ภาคกลาง,แชร์ข้อมูล,hourly_rain,True,True,True,True,True
ONE101,รพ.สต.จรัส,14.431426,103.96209,มูล,ห้วยสำราญ,จรัส,บัวเชด,สุรินทร์,น้ำฝน,ภาคตะวันออกเฉียงเหนือ,แชร์ข้อมูล,hourly_rain,True,True,True,True,True
ONE102,วัดบ้านเขื่อนแก้ว,14.4672365,103.61535,มูล,ห้วยทับทัน,กาบเชิง,กาบเชิง,สุรินทร์,น้ำฝน,ภาคตะวันออกเฉียงเหนือ,แชร์ข้อมูล,hourly_rain,True,True,True,True,True
ONE103,โรงเรียนบ้านโนนหนามแท่ง,15.927208,104.62791,มูล,ลำเซบายส่วนที่ 2,โนนหนามแท่ง,เมืองอำนาจเจริญ,อำนาจเจริญ,น้ำฝน,ภาคตะวันออกเฉียงเหนือ,แชร์ข้อมูล,hourly_rain,True,True,True,True,True
ONE104,โรงเรียนบ้านภูเขาขาม,15.939874,104.78428,โขงตะวันออกเฉียงเหนือ,แม่น้ำโขงตอนล่าง,คึมใหญ่,เมืองอำนาจเจริญ,อำนาจเจริญ,น้ำฝน,ภาคตะวันออกเฉียงเหนือ,แชร์ข้อมูล,hourly_rain,True,True,True,True,True
ONE105,โรงเรียนบ้านหนองอ้อน้อย,17.356894,102.60081,โขงตะวันออกเฉียงเหนือ,ห้วยหลวงส่วนที่ 1,หนองบัวบาน,หนองวัวซอ,อุดรธานี,น้ำฝน,ภาคตะวันออกเฉียงเหนือ,แชร์ข้อมูล,hourly_rain,True,True,True,True,True
ONE106,โรงเรียนหนองแวงจุมพล,17.041063,102.62487,โขงตะวันออกเฉียงเหนือ,ห้วยหลวงส่วนที่ 1,กุดหมากไฟ,หนองวัวซอ,อุดรธานี,น้ำฝน,ภาคตะวันออกเฉียงเหนือ,แชร์ข้อมูล,hourly_rain,True,True,True,True,True
ONE107,อบต.โดมประดิษฐ์,14.420161,105.179794,มูล,ลำโดมใหญ่,โดมประดิษฐ์,น้ำยืน,อุบลราชธานี,น้ำฝน,ภาคตะวันออกเฉียงเหนือ,แชร์ข้อมูล,hourly_rain,True,True,True,True,True
ONE108,ศูนย์การเรียนตำรวจตระเวนชายแดนบ้านคะเนจือทะ,17.3685,98.2632,สาละวิน,แม่น้ำเมยตอนล่าง,ท่าสองยาง,ท่าสองยาง,ตาก,น้ำฝน,ภาคเหนือ,แชร์ข้อมูล,hourly_rain,True,True,True,True,True
ONE109,สถานบริการสาธารณสุขชุมชนบ้านทีโบ๊ะคี,17.5003,98.2624,สาละวิน,แม่น้ำเมยตอนล่าง,แม่สอง,ท่าสองยาง,ตาก,น้ำฝน,ภาคเหนือ,แชร์ข้อมูล,hourly_rain,True,True,True,True,True
ONE110,โรงพยาบาลส่งเสริมสุขภาพตำบล บ้านแม่เหว่ย,17.695904,97.88761,สาละวิน,แม่น้ำเมยตอนล่าง,แม่วะหลวง,ท่าสองยาง,ตาก,น้ำฝน,ภาคเหนือ,แชร์ข้อมูล,hourly_rain,True,True,True,True,True
ONWR01,บ้านโกรกอีดก,14.4416,101.1728,บางปะกง,แม่น้ำนครนายก,ชะอม,แก่งคอย,สระบุรี,น้ำฝน,ภาคกลาง,แชร์ข้อมูล,hourly_rain,True,True,True,True,True
ONWR02,ป่าต้นน้ำคลองมะเดื่อ อช.เขาใหญ่ (นางรอง),14.3693,101.2712,บางปะกง,แม่น้ำนครนายก,สาริกา,เมืองนครนายก,นครนายก,น้ำฝน,ภาคกลาง,แชร์ข้อมูล,hourly_rain,True,True,True,True,True
PADT,ทต.ป่าแดด,19.495993,99.995285,โขงเหนือ,แม่น้ำพุง,ป่าแดด,ป่าแดด,เชียงราย,น้ำฝน,ภาคเหนือ,แชร์ข้อมูล,hourly_rain,True,True,True,True,True
PAI001,เมืองแม่ฮ่องสอน,19.367018,97.96668,สาละวิน,น้ำแม่ปายตอนล่างส่วนที่ 2,ปางหมู,เมืองแม่ฮ่องสอน,แม่ฮ่องสอน,ระดับน้ำ,ภาคเหนือ,แชร์ข้อมูล,hourly_rain,True,True,True,True,True
PAI002,ปาย,19.373863,98.43969,สาละวิน,น้ำแม่ปายตอนบน,เวียงเหนือ,ปาย,แม่ฮ่องสอน,ระดับน้ำ,ภาคเหนือ,แชร์ข้อมูล,hourly_rain,True,True,True,True,True
PAII,บ้านสันติชล,19.370138,98.39306,สาละวิน,น้ำแม่ปายตอนบน,เวียงใต้,ปาย,แม่ฮ่องสอน,น้ำฝน,ภาคเหนือ,แชร์ข้อมูล,hourly_rain,True,True,True,True,True
PALU,อบต.ห้วยสัตว์ใหญ่,12.52942,99.54379,เพชรบุรี-ประจวบคีรีขันธ์,แม่น้ำปราณบุรี ( ลุ่มน้ำสาขา ),ห้วยสัตว์ใหญ่,หัวหิน,ประจวบคีรีขันธ์,น้ำฝน,ภาคกลาง,แชร์ข้อมูล,hourly_rain,True,True,True,True,True
PANC,สุสานคริสเตียน,19.561462,99.74114,โขงเหนือ,แม่น้ำพุง,เมืองพาน,พาน,เชียงราย,น้ำฝน,ภาคเหนือ,แชร์ข้อมูล,hourly_rain,True,True,True,True,True
PANG,อบต.ปากพนังฝั่งตะวันออก,8.388187,100.23183,ภาคใต้ฝั่งตะวันออกตอนบน,ภาคใต้ฝั่งตะวันออกส่วนที่ 4,ปากพนังฝั่งตะวันออก,ปากพนัง,นครศรีธรรมราช,น้ำฝน,ภาคใต้,แชร์ข้อมูล,hourly_rain,True,True,True,True,True
PAS001,หล่มสัก,16.78148,101.24671,ป่าสัก,แม่น้ำป่าสักตอนบน,หล่มสัก,หล่มสัก,เพชรบูรณ์,ระดับน้ำ,ภาคเหนือ,แชร์ข้อมูล,hourly_rain,True,True,True,True,True
PAS002,เมืองเพชรบูรณ์,16.447924,101.170166,ป่าสัก,แม่น้ำป่าสักส่วนที่ 2,สะเดียง,เมืองเพชรบูรณ์,เพชรบูรณ์,ระดับน้ำ,ภาคเหนือ,แชร์ข้อมูล,hourly_rain,True,True,True,True,True
PAS003,หนองไผ่,16.11498,101.09708,ป่าสัก,แม่น้ำป่าสักส่วนที่ 3/1,นาเฉลียง,หนองไผ่,เพชรบูรณ์,ระดับน้ำ,ภาคเหนือ,แชร์ข้อมูล,hourly_rain,True,True,True,True,True
PAS008,ท่าเรือ,14.56018,100.7199,ป่าสัก,แม่น้ำป่าสักตอนล่างส่วนที่ 2,ท่าเรือ,ท่าเรือ,พระนครศรีอยุธยา,ระดับน้ำ,ภาคกลาง,แชร์ข้อมูล,hourly_rain,True,True,True,True,True
PAS009,นครหลวง,14.40269,100.58636,ป่าสัก,แม่น้ำป่าสักตอนล่างส่วนที่ 2,บ่อโพง,นครหลวง,พระนครศรีอยุธยา,ระดับน้ำ,ภาคกลาง,แชร์ข้อมูล,hourly_rain,True,True,True,True,True
PAS010,สะพานเตาปูน-ตาลเดี่ยว,14.58018,100.96614,ป่าสัก,แม่น้ำป่าสักตอนล่างส่วนที่ 2,ตาลเดี่ยว,แก่งคอย,สระบุรี,ระดับน้ำ,ภาคกลาง,แชร์ข้อมูล,hourly_rain,True,True,True,True,True
PASG,ทต.ป่าซาง,18.518118,98.93949,ปิง,น้ำแม่กวง,ป่าซาง,ป่าซาง,ลำพูน,น้ำฝน,ภาคเหนือ,แชร์ข้อมูล,hourly_rain,True,True,True,True,True
PAT001,บันนังสตา,6.2616444,101.26789,ภาคใต้ฝั่งตะวันออกตอนล่าง,แม่น้ำปัตตานีตอนล่าง,บันนังสตา,บันนังสตา,ยะลา,ระดับน้ำ,ภาคใต้,แชร์ข้อมูล,hourly_rain,True,True,True,True,True
PAT002,เมืองยะลา,6.6752524,101.28636,ภาคใต้ฝั่งตะวันออกตอนล่าง,แม่น้ำปัตตานีตอนล่าง,ตาเซะ,เมืองยะลา,ยะลา,ระดับน้ำ,ภาคใต้,แชร์ข้อมูล,hourly_rain,True,True,True,True,True
PATO01,สะพานบ้านตรังพัฒนา,9.85489,98.84009,ภาคใต้ฝั่งตะวันออกตอนบน,คลองหลังสวน,พะโต๊ะ,พะโต๊ะ,ชุมพร,ระดับน้ำ,ภาคใต้,แชร์ข้อมูล,hourly_rain,True,True,True,True,True
PCH001,เมืองเพชรบุรี,13.08563,99.94397,เพชรบุรี-ประจวบคีรีขันธ์,แม่น้ำเพชรบุรีตอนล่าง,ต้นมะม่วง,เมืองเพชรบุรี,เพชรบุรี,ระดับน้ำ,ภาคกลาง,แชร์ข้อมูล,hourly_rain,True,True,True,True,True
PCH002,แก่งกระจาน,12.92217,99.81754,เพชรบุรี-ประจวบคีรีขันธ์,ห้วยแม่ประจัน,วังจันทร์,แก่งกระจาน,เพชรบุรี,ระดับน้ำ,ภาคกลาง,แชร์ข้อมูล,hourly_rain,True,True,True,True,True
PCH003,ท่ายาง,12.81334,99.79429,เพชรบุรี-ประจวบคีรีขันธ์,แม่น้ำเพชรบุรีตอนบน,กลัดหลวง,ท่ายาง,เพชรบุรี,ระดับน้ำ,ภาคกลาง,แชร์ข้อมูล,hourly_rain,True,True,True,True,True
PCHI,อบต.โพธิ์ชัย,14.99717,100.42361,เจ้าพระยา,ที่ราบแม่น้ำเจ้าพระยา,โพธิ์ชัย,อินทร์บุรี,สิงห์บุรี,น้ำฝน,ภาคกลาง,แชร์ข้อมูล,hourly_rain,True,True,True,True,True
PDAM,ทต.ท่ายาง,12.96337,99.89842,เพชรบุรี-ประจวบคีรีขันธ์,แม่น้ำเพชรบุรีตอนล่าง,ท่ายาง,ท่ายาง,เพชรบุรี,น้ำฝน,ภาคกลาง,แชร์ข้อมูล,hourly_rain,True,True,True,True,True
PGKH,ทต.พังโคน,17.398815,103.71349,โขงตะวันออกเฉียงเหนือ,ห้วยน้ำอูน,พังโคน,พังโคน,สกลนคร,น้ำฝน,ภาคตะวันออกเฉียงเหนือ,แชร์ข้อมูล,hourly_rain,True,True,True,True,True
PHKD,อบต.ศรีฐาน,16.877161,101.861404,ชี,ลำน้ำพองตอนบนส่วนที่ 1,ศรีฐาน,ภูกระดึง,เลย,น้ำฝน,ภาคตะวันออกเฉียงเหนือ,แชร์ข้อมูล,hourly_rain,True,True,True,True,True
PHON,อบต.โนนข่า,15.781359,102.596535,มูล,ห้วยเอก,โนนข่า,พล,ขอนแก่น,น้ำฝน,ภาคตะวันออกเฉียงเหนือ,แชร์ข้อมูล,hourly_rain,True,True,True,True,True
PHPS,อบต.จุมพล,18.059086,103.08175,โขงตะวันออกเฉียงเหนือ,แม่น้ำโขงส่วนที่ 7/2,จุมพล,โพนพิสัย,หนองคาย,น้ำฝน,ภาคตะวันออกเฉียงเหนือ,แชร์ข้อมูล,hourly_rain,True,True,True,True,True
PICI,อบต.ในเมือง,17.295988,100.10073,น่าน,แม่น้ำน่านส่วนที่ 4/2,ในเมือง,พิชัย,อุตรดิตถ์,น้ำฝน,ภาคเหนือ,แชร์ข้อมูล,hourly_rain,True,True,True,True,True
PIN001,บ้านตาก,17.040663,99.06628,ปิง,แม่น้ำปิงส่วนที่ 4/2,ตากตก,บ้านตาก,ตาก,ระดับน้ำ,ภาคเหนือ,แชร์ข้อมูล,hourly_rain,True,True,True,True,True
PIN002,เมืองตาก,16.78656,99.18403,ปิง,แม่น้ำปิงส่วนที่ 4/3,ประดาง,วังเจ้า,ตาก,ระดับน้ำ,ภาคเหนือ,แชร์ข้อมูล,hourly_rain,True,True,True,True,True
PIN003,สะพานลานดอกไม้,16.62822,99.43256,ปิง,แม่น้ำปิงส่วนที่ 4/5,ลานดอกไม้,เมืองกำแพงเพชร,กำแพงเพชร,ระดับน้ำ,ภาคเหนือ,แชร์ข้อมูล,hourly_rain,True,True,True,True,True
PIN004,ขาณุวรลักษบุรี,16.06475,99.8603,ปิง,แม่น้ำปิงตอนล่าง,ป่าพุทรา,ขาณุวรลักษบุรี,กำแพงเพชร,ระดับน้ำ,ภาคเหนือ,แชร์ข้อมูล,hourly_rain,True,True,True,True,True
PIN005,เก้าเลี้ยว,15.85055,100.05208,ปิง,แม่น้ำปิงตอนล่าง,หัวดง,เก้าเลี้ยว,นครสวรรค์,ระดับน้ำ,ภาคเหนือ,แชร์ข้อมูล,hourly_rain,True,True,True,True,True
PIN006,เมืองกำแพงเพชร (P7A),16.47812,99.5186,ปิง,แม่น้ำปิงตอนล่าง,นครชุม,เมืองกำแพงเพชร,กำแพงเพชร,ระดับน้ำ,ภาคเหนือ,แชร์ข้อมูล,hourly_rain,True,True,True,True,True
PIN007,สะพานแม่น้ำทา,18.546898,99.25004,ปิง,น้ำแม่กวง,ทาปลาดุก,แม่ทา,ลำพูน,ระดับน้ำ,ภาคเหนือ,แชร์ข้อมูล,hourly_rain,True,True,True,True,True
PIN008,แม่น้ำทา,18.471647,98.955154,ปิง,น้ำแม่กวง,ท่าตุ้ม,ป่าซาง,ลำพูน,ระดับน้ำ,ภาคเหนือ,แชร์ข้อมูล,hourly_rain,True,True,True,True,True
PIN009,แม่น้ำลี้ บ้านโฮ่ง,18.310818,98.82351,ปิง,น้ำแม่ลี้,บ้านโฮ่ง,บ้านโฮ่ง,ลำพูน,ระดับน้ำ,ภาคเหนือ,แชร์ข้อมูล,hourly_rain,True,True,True,True,True
PIN010,ห้วยแม่ลี้,17.805313,98.95325,ปิง,น้ำแม่ลี้,ลี้,ลี้,ลำพูน,ระดับน้ำ,ภาคเหนือ,แชร์ข้อมูล,hourly_rain,True,True,True,True,True
PIN011,น้ำก้อ,17.636444,98.77951,ปิง,แม่น้ำปิงส่วนที่ 3/4,ก้อ,ลี้,ลำพูน,ระดับน้ำ,ภาคเหนือ,แชร์ข้อมูล,hourly_rain,True,True,True,True,True
PKH1,ที่ทำการกำนันตำบลลาดชิด,14.44144,100.35566,เจ้าพระยา,ที่ราบแม่น้ำเจ้าพระยา,ลาดชิด,ผักไห่,พระนครศรีอยุธยา,น้ำฝน,ภาคกลาง,แชร์ข้อมูล,hourly_rain,True,True,True,True,True
PKTG,อบต.บ้านบึง,13.33639,99.45019,แม่กลอง,ลำภาชี,บ้านบึง,บ้านคา,ราชบุรี,น้ำฝน,ภาคกลาง,แชร์ข้อมูล,hourly_rain,True,True,True,True,True
PKTI,ทต.พรานกระต่าย,16.65371,99.57578,ยม,แม่น้ำยมตอนล่างส่วนที่ 4,พรานกระต่าย,พรานกระต่าย,กำแพงเพชร,น้ำฝน,ภาคเหนือ,แชร์ข้อมูล,hourly_rain,True,True,True,True,True
PLG001,สะพานข้ามคลองบ้านท่าวัง,7.37656,100.1004,ทะเลสาบสงขลา,ทะเลหลวง,เขาชัยสน,เขาชัยสน,พัทลุง,ระดับน้ำ,ภาคใต้,แชร์ข้อมูล,hourly_rain,True,True,True,True,True
PLTL,อบต.พลูตาหลวง,12.698613,100.97624,ชายฝั่งทะเลตะวันออก,ชายฝั่งทะเลตะวันออก (ลุ่มน้ำสาขา 1),พลูตาหลวง,สัตหีบ,ชลบุรี,น้ำฝน,ภาคกลาง,แชร์ข้อมูล,hourly_rain,True,True,True,True,True
PMPA,อบต.ปางมะผ้า,19.590637,98.215034,สาละวิน,น้ำแม่ปายตอนล่างส่วนที่ 1,ปางมะผ้า,ปางมะผ้า,แม่ฮ่องสอน,น้ำฝน,ภาคเหนือ,แชร์ข้อมูล,hourly_rain,True,True,True,True,True
PMPN,ศูนย์ดูแลผู้สูงอายุ ทต.สามเงา,17.224915,99.051125,ปิง,แม่น้ำปิงส่วนที่ 4/1,สามเงา,สามเงา,ตาก,น้ำฝน,ภาคเหนือ,แชร์ข้อมูล,hourly_rain,True,True,True,True,True
PNCR,อบต.ป่าแฝก,18.063122,103.73638,โขงตะวันออกเฉียงเหนือ,ห้วยฮี้,ป่าแฝก,พรเจริญ,บึงกาฬ,น้ำฝน,ภาคตะวันออกเฉียงเหนือ,แชร์ข้อมูล,hourly_rain,True,True,True,True,True
PNRN,ทต.โป่งน้ำร้อน,12.905145,102.26649,โตนเลสาป,โตนเลสาปตอนล่าง,โป่งน้ำร้อน,โป่งน้ำร้อน,จันทบุรี,น้ำฝน,ภาคกลาง,แชร์ข้อมูล,hourly_rain,True,True,True,True,True
POCE,อบต.กกสะทอน,17.089527,101.11005,โขงตะวันออกเฉียงเหนือ,น้ำหมัน,กกสะทอน,ด่านซ้าย,เลย,น้ำฝน,ภาคตะวันออกเฉียงเหนือ,แชร์ข้อมูล,hourly_rain,True,True,True,True,True
POCG,ทต.เขาโจด,14.662413,99.34225,แม่กลอง,ห้วยตะเพิน,เขาโจด,ศรีสวัสดิ์,กาญจนบุรี,น้ำฝน,ภาคกลาง,แชร์ข้อมูล,hourly_rain,True,True,True,True,True
PONG,ทต.ปง,19.149967,100.26554,ยม,แม่น้ำยมตอนบนส่วนที่ 2,ปง,ปง,พะเยา,น้ำฝน,ภาคเหนือ,แชร์ข้อมูล,hourly_rain,True,True,True,True,True
PPAN,ทต.โคกภู,17.006287,103.91594,โขงตะวันออกเฉียงเหนือ,ห้วยน้ำอูน,โคกภู,ภูพาน,สกลนคร,น้ำฝน,ภาคตะวันออกเฉียงเหนือ,แชร์ข้อมูล,hourly_rain,True,True,True,True,True
PPCH,อบต.แหลมฟ้าผ่า,13.54701,100.53758,เจ้าพระยา,ที่ราบแม่น้ำเจ้าพระยา,แหลมฟ้าผ่า,พระสมุทรเจดีย์,สมุทรปราการ,น้ำฝน,ภาคกลาง,แชร์ข้อมูล,hourly_rain,True,True,True,True,True
PPCT,อบต.พบพระ,16.416422,98.68708,สาละวิน,แม่น้ำเมยตอนบน,พบพระ,พบพระ,ตาก,น้ำฝน,ภาคเหนือ,แชร์ข้อมูล,hourly_rain,True,True,True,True,True
PPPG,อบต.ปลายโพงพาง,13.38494,99.92694,เพชรบุรี-ประจวบคีรีขันธ์,แม่น้ำเพชรบุรีตอนล่าง,ปลายโพงพาง,อัมพวา,สมุทรสงคราม,น้ำฝน,ภาคกลาง,แชร์ข้อมูล,hourly_rain,True,True,True,True,True
PPRM,อบต.พรหมพิราม,17.021606,100.19213,น่าน,แม่น้ำน่านส่วนที่ 4/2,พรหมพิราม,พรหมพิราม,พิษณุโลก,น้ำฝน,ภาคเหนือ,แชร์ข้อมูล,hourly_rain,True,True,True,True,True
PPTC,อบต.โพธิ์ประทับช้าง,16.31065,100.29537,ยม,แม่น้ำยมตอนล่างส่วนที่ 5,โพธิ์ประทับช้าง,โพธิ์ประทับช้าง,พิจิตร,น้ำฝน,ภาคเหนือ,แชร์ข้อมูล,hourly_rain,True,True,True,True,True
PRC001,กบินทร์บุรี,13.986654,101.70547,บางปะกง,แม่น้ำปราจีนบุรีตอนล่าง,กบินทร์,กบินทร์บุรี,ปราจีนบุรี,ระดับน้ำ,ภาคกลาง,แชร์ข้อมูล,hourly_rain,True,True,True,True,True
PRC002,เมืองปราจีนบุรี,14.053461,101.38684,บางปะกง,แม่น้ำปราจีนบุรีตอนล่าง,หน้าเมือง,เมืองปราจีนบุรี,ปราจีนบุรี,ระดับน้ำ,ภาคกลาง,แชร์ข้อมูล,hourly_rain,True,True,True,True,True
PRC003,นาดี,14.1335745,101.72767,บางปะกง,แม่น้ำหนุมาน,สะพานหิน,นาดี,ปราจีนบุรี,ระดับน้ำ,ภาคกลาง,แชร์ข้อมูล,hourly_rain,True,True,True,True,True
PRC004,ประจันตคาม (KGT7A),14.07091,101.51891,บางปะกง,แม่น้ำปราจีนบุรีตอนล่าง,ประจันตคาม,ประจันตคาม,ปราจีนบุรี,ระดับน้ำ,ภาคกลาง,แชร์ข้อมูล,hourly_rain,True,True,True,True,True
PRC005,ศรีมหาโพธิ (KGT6),13.973438,101.51753,บางปะกง,แม่น้ำปราจีนบุรีตอนล่าง,บ้านทาม,ศรีมหาโพธิ,ปราจีนบุรี,ระดับน้ำ,ภาคกลาง,แชร์ข้อมูล,hourly_rain,True,True,True,True,True
PRGB,อบต.ปากแคว,17.01401,99.81419,ยม,น้ำแม่รำพัน,ปากแคว,เมืองสุโขทัย,สุโขทัย,น้ำฝน,ภาคเหนือ,แชร์ข้อมูล,hourly_rain,True,True,True,True,True
PRN001,ปราณบุรี,12.38992,99.91118,เพชรบุรี-ประจวบคีรีขันธ์,แม่น้ำปราณบุรี ( ลุ่มน้ำสาขา ),วังก์พง,ปราณบุรี,ประจวบคีรีขันธ์,ระดับน้ำ,ภาคกลาง,แชร์ข้อมูล,hourly_rain,True,True,True,True,True
PRN002,หัวหิน,12.50847,99.842,เพชรบุรี-ประจวบคีรีขันธ์,แม่น้ำปราณบุรี ( ลุ่มน้ำสาขา ),ทับใต้,หัวหิน,ประจวบคีรีขันธ์,ระดับน้ำ,ภาคกลาง,แชร์ข้อมูล,hourly_rain,True,True,True,True,True
PRST,อบต.กังแอน,14.645426,103.436264,มูล,ลำชี,กังแอน,ปราสาท,สุรินทร์,น้ำฝน,ภาคตะวันออกเฉียงเหนือ,แชร์ข้อมูล,hourly_rain,True,True,True,True,True
PRUK,อบต.พระรักษ์,9.896209,98.88709,ภาคใต้ฝั่งตะวันออกตอนบน,คลองหลังสวน,พระรักษ์,พะโต๊ะ,ชุมพร,น้ำฝน,ภาคใต้,แชร์ข้อมูล,hourly_rain,True,True,True,True,True
PSLI,ทต.ไพศาลี,15.6001,100.65719,เจ้าพระยา,บึงบรเพ็ด,ไพศาลี,ไพศาลี,นครสวรรค์,น้ำฝน,ภาคเหนือ,แชร์ข้อมูล,hourly_rain,True,True,True,True,True
PSLT,อบต.โพธิ์ทอง,16.121,99.52569,ปิง,แม่น้ำปิงตอนล่าง,โพธิ์ทอง,ปางศิลาทอง,กำแพงเพชร,น้ำฝน,ภาคเหนือ,แชร์ข้อมูล,hourly_rain,True,True,True,True,True
PTLE,ทต.โพทะเล,16.09372,100.26012,ยม,แม่น้ำยมตอนล่างส่วนที่ 5,โพทะเล,โพทะเล,พิจิตร,น้ำฝน,ภาคเหนือ,แชร์ข้อมูล,hourly_rain,True,True,True,True,True
PTT001,สะพานคลองปากแตระ ชุมชนทะเลสาบสงขลา,7.77913,100.36793,nan,nan,ปากแตระ,ระโนด,สงขลา,ระดับน้ำ,ภาคใต้,แชร์ข้อมูล,hourly_rain,True,True,True,True,True
PTT002,สะพานคลองบ่อนนท์ ชุมชนบานในถุ้ง,8.66908,99.94524,nan,nan,ท่าศาลา,ท่าศาลา,นครศรีธรรมราช,ระดับน้ำ,ภาคใต้,แชร์ข้อมูล,hourly_rain,True,True,True,True,True
PTT003,สะพานนางพระยา-บางหลวง ชุมชนปากนคร,8.43813,100.03034,nan,nan,ปากนคร,เมืองนครศรีธรรมราช,นครศรีธรรมราช,ระดับน้ำ,ภาคใต้,แชร์ข้อมูล,hourly_rain,True,True,True,True,True
PTT004,สะพานคลองท่าชนะ ชุมชนบ้านหาดสมบูรณ์,9.51641,99.22594,nan,nan,วัง,ท่าชนะ,สุราษฎร์ธานี,ระดับน้ำ,ภาคใต้,แชร์ข้อมูล,hourly_rain,True,True,True,True,True
PTWY,สวนสาธารณะหนองถิ่น ทม.หนองคาย,17.877052,102.727104,โขงตะวันออกเฉียงเหนือ,แม่น้ำโขงส่วนที่ 6/2,ในเมือง,เมืองหนองคาย,หนองคาย,น้ำฝน,ภาคตะวันออกเฉียงเหนือ,แชร์ข้อมูล,hourly_rain,True,True,True,True,True
PTYS,อบต.หนองกุงธนสาร,16.638739,102.42057,ชี,ลำน้ำพองตอนบนส่วนที่ 3,หนองกุงธนสาร,ภูเวียง,ขอนแก่น,น้ำฝน,ภาคตะวันออกเฉียงเหนือ,แชร์ข้อมูล,hourly_rain,True,True,True,True,True
PUAA,อบต.ไชยวัฒนา,19.222479,100.917786,น่าน,แม่น้ำน่านตอนบน,ไชยวัฒนา,ปัว,น่าน,น้ำฝน,ภาคเหนือ,แชร์ข้อมูล,hourly_rain,True,True,True,True,True
PVEE,ทต.ปัถวี,12.74263,102.23264,ชายฝั่งทะเลตะวันออก,แม่น้ำจันทบุรี,ปัถวี,มะขาม,จันทบุรี,น้ำฝน,ภาคกลาง,แชร์ข้อมูล,hourly_rain,True,True,True,True,True
PWA004,โครงการผลิตน้ำคลองหลวงแพ่ง,13.785768,100.93847,บางปะกง,ที่ราบแม่น้ำบางปะกงส่วนที่ 2,คลองหลวงแพ่ง,เมืองฉะเชิงเทรา,ฉะเชิงเทรา,ระดับน้ำ,ภาคกลาง,แชร์ข้อมูล,hourly_rain,True,True,True,True,True
PYMR,ทต.พญาเม็งราย,19.839249,100.16924,โขงเหนือ,แม่น้ำอิงตอนล่าง,เม็งราย,พญาเม็งราย,เชียงราย,น้ำฝน,ภาคเหนือ,แชร์ข้อมูล,hourly_rain,True,True,True,True,True
PYO001,ท้ายกว๊านพะเยา,19.159805,99.91415,โขงเหนือ,แม่น้ำอิงตอนบน,เวียง,เมืองพะเยา,พะเยา,ระดับน้ำ,ภาคเหนือ,แชร์ข้อมูล,hourly_rain,True,True,True,True,True
PYO002,ฝายพับได้หนองเล็งทราย,19.350998,99.82497,โขงเหนือ,แม่น้ำอิงตอนบน,ศรีถ้อย,แม่ใจ,พะเยา,ระดับน้ำ,ภาคเหนือ,แชร์ข้อมูล,hourly_rain,True,True,True,True,True
PYO003,สะพานบ้านต๋ำ,19.2182,99.86272,โขงเหนือ,แม่น้ำอิงตอนบน,บ้านต๊ำ,เมืองพะเยา,พะเยา,ระดับน้ำ,ภาคเหนือ,แชร์ข้อมูล,hourly_rain,True,True,True,True,True
PYO004,สะพานบ้านเจดีย์งาม,19.18656,99.9439,โขงเหนือ,แม่น้ำอิงตอนกลางส่วนที่ 1,สว่างอารมณ์,ดอกคำใต้,พะเยา,ระดับน้ำ,ภาคเหนือ,แชร์ข้อมูล,hourly_rain,True,True,True,True,True
RAJ001,โพธาราม,13.63307,99.81636,แม่กลอง,ที่ราบแม่น้ำแม่กลอง,เจ็ดเสมียน,โพธาราม,ราชบุรี,ระดับน้ำ,ภาคกลาง,แชร์ข้อมูล,hourly_rain,True,True,True,True,True
RAJ002,บ้านโป่ง,13.81859,99.86503,แม่กลอง,ที่ราบแม่น้ำแม่กลอง,เบิกไพร,บ้านโป่ง,ราชบุรี,ระดับน้ำ,ภาคกลาง,แชร์ข้อมูล,hourly_rain,True,True,True,True,True
RAJ003,สวนผึ้ง,13.56011,99.36221,แม่กลอง,ลำภาชี,สวนผึ้ง,สวนผึ้ง,ราชบุรี,ระดับน้ำ,ภาคกลาง,แชร์ข้อมูล,hourly_rain,True,True,True,True,True
RAM002,สระเก็บน้ำพระราม 9(บนฝั่ง),14.041999,100.711685,เจ้าพระยา,ที่ราบแม่น้ำเจ้าพระยา,คลองห้า,คลองหลวง,ปทุมธานี,น้ำฝน,ภาคกลาง,แชร์ข้อมูล,hourly_rain,True,True,True,True,True
RAWE,อบต.ระเว,15.310045,105.279106,มูล,ลำน้ำมูลตอนล่างส่วนที่ 1,ระเว,พิบูลมังสาหาร,อุบลราชธานี,น้ำฝน,ภาคตะวันออกเฉียงเหนือ,แชร์ข้อมูล,hourly_rain,True,True,True,True,True
RAY001,เมืองแกลง,12.803011,101.65024,ชายฝั่งทะเลตะวันออก,แม่น้ำประแส,บ้านนา,แกลง,ระยอง,ระดับน้ำ,ภาคกลาง,แชร์ข้อมูล,hourly_rain,True,True,True,True,True
RAY002,หนองบัว,12.849172,101.301285,ชายฝั่งทะเลตะวันออก,คลองใหญ่,หนองบัว,บ้านค่าย,ระยอง,ระดับน้ำ,ภาคกลาง,แชร์ข้อมูล,hourly_rain,True,True,True,True,True
RAY004,บ้านค่าย,12.706833,101.30044,ชายฝั่งทะเลตะวันออก,คลองใหญ่,ตาขัน,บ้านค่าย,ระยอง,ระดับน้ำ,ภาคกลาง,แชร์ข้อมูล,hourly_rain,True,True,True,True,True
RBPI,ทต.กรอกสมบูรณ์,13.774838,101.6585,บางปะกง,คลองท่าลาด,กรอกสมบูรณ์,ศรีมหาโพธิ,ปราจีนบุรี,น้ำฝน,ภาคกลาง,แชร์ข้อมูล,hourly_rain,True,True,True,True,True
RCHM,อบต.ดอนยาง,13.01463,99.97035,เพชรบุรี-ประจวบคีรีขันธ์,แม่น้ำเพชรบุรีตอนล่าง,ดอนยาง,เมืองเพชรบุรี,เพชรบุรี,น้ำฝน,ภาคกลาง,แชร์ข้อมูล,hourly_rain,True,True,True,True,True
RFBK,ทต.ท่าข้าม,13.47853,100.99399,บางปะกง,ที่ราบแม่น้ำบางปะกงส่วนที่ 2,ท่าข้าม,บางปะกง,ฉะเชิงเทรา,น้ำฝน,ภาคกลาง,แชร์ข้อมูล,hourly_rain,True,True,True,True,True
RGKG,อบต.ร้องกวาง,18.358826,100.33391,ยม,น้ำแม่คำมี,ร้องกวาง,ร้องกวาง,แพร่,น้ำฝน,ภาคเหนือ,แชร์ข้อมูล,hourly_rain,True,True,True,True,True
RIKK,อบต.รอบเวียง,19.915014,99.87799,โขงเหนือ,น้ำแม่กกตอนล่างส่วนที่ 2,รอบเวียง,เมืองเชียงราย,เชียงราย,น้ำฝน,ภาคเหนือ,แชร์ข้อมูล,hourly_rain,True,True,True,True,True
RMMI,วัดวังตะเคียน,16.7116,98.50681,สาละวิน,แม่น้ำเมยตอนบน,ท่าสายลวด,แม่สอด,ตาก,น้ำฝน,ภาคเหนือ,แชร์ข้อมูล,hourly_rain,True,True,True,True,True
RNG001,เมืองระนอง,9.961628,98.64459,ภาคใต้ฝั่งตะวันตก,ภาคใต้ฝั่งตะวันตกตอนบน,เขานิเวศน์,เมืองระนอง,ระนอง,ระดับน้ำ,ภาคใต้,แชร์ข้อมูล,hourly_rain,True,True,True,True,True
RNGH,ทม.ระนอง,9.960368,98.63784,ภาคใต้ฝั่งตะวันตก,ภาคใต้ฝั่งตะวันตกตอนบน,เขานิเวศน์,เมืองระนอง,ระนอง,น้ำฝน,ภาคใต้,แชร์ข้อมูล,hourly_rain,True,True,True,True,True
RSK7,รร.วัดอู่ข้าว,14.1911,100.75422,เจ้าพระยา,ที่ราบแม่น้ำเจ้าพระยา,คลองเจ็ด,คลองหลวง,ปทุมธานี,น้ำฝน,ภาคกลาง,แชร์ข้อมูล,hourly_rain,True,True,True,True,True
SACS,ทต.อัคคะคำ,16.380875,103.75481,ชี,ลำปาวตอนล่าง,อัคคะคำ,โพธิ์ชัย,ร้อยเอ็ด,น้ำฝน,ภาคตะวันออกเฉียงเหนือ,แชร์ข้อมูล,hourly_rain,True,True,True,True,True
SAY001,สุคิริน,5.9392657,101.77475,ภาคใต้ฝั่งตะวันออกตอนล่าง,แม่น้ำสายบุรี,สุคิริน,สุคิริน,นราธิวาส,ระดับน้ำ,ภาคใต้,แชร์ข้อมูล,hourly_rain,True,True,True,True,True
SAY002,ศรีสาคร,6.227293,101.49695,ภาคใต้ฝั่งตะวันออกตอนล่าง,แม่น้ำสายบุรี,ศรีสาคร,ศรีสาคร,นราธิวาส,ระดับน้ำ,ภาคใต้,แชร์ข้อมูล,hourly_rain,True,True,True,True,True
SBRS,ทต.บ้านปง,18.750305,98.88969,ปิง,แม่น้ำปิงส่วนที่ 2/2,บ้านปง,หางดง,เชียงใหม่,น้ำฝน,ภาคเหนือ,แชร์ข้อมูล,hourly_rain,True,True,True,True,True
SBT1,อบต.ชอนสารเดช,15.18492,100.68127,เจ้าพระยา,ที่ราบแม่น้ำเจ้าพระยา,ชอนสารเดช,หนองม่วง,ลพบุรี,น้ำฝน,ภาคกลาง,แชร์ข้อมูล,hourly_rain,True,True,True,True,True
SDO001,เขตรักษาพันธุ์สัตว์ป่าเขาสอยดาว,13.103555,102.19196,บางปะกง,คลองพระสทึง,ทรายขาว,สอยดาว,จันทบุรี,น้ำฝน,ภาคกลาง,แชร์ข้อมูล,hourly_rain,True,True,True,True,True
SDO002,ฝายจิตรมานี,13.115526,102.203094,บางปะกง,คลองพระสทึง,ทรายขาว,สอยดาว,จันทบุรี,ระดับน้ำ,ภาคกลาง,แชร์ข้อมูล,hourly_rain,True,True,True,True,True
SDO003,ฝายน้ำล้นคลองปะตง (ทน.),13.12075,102.21829,บางปะกง,คลองพระสทึง,ปะตง,สอยดาว,จันทบุรี,ระดับน้ำ,ภาคกลาง,แชร์ข้อมูล,hourly_rain,True,True,True,True,True
SENM,ทต.เสริมงาม,18.066223,99.24954,วัง,น้ำแม่ต่ำ,ทุ่งงาม,เสริมงาม,ลำปาง,น้ำฝน,ภาคเหนือ,แชร์ข้อมูล,hourly_rain,True,True,True,True,True
SGKM,ทต.สังคม,18.0687,102.26269,โขงตะวันออกเฉียงเหนือ,แม่น้ำโขงส่วนที่ 5,สังคม,สังคม,หนองคาย,น้ำฝน,ภาคตะวันออกเฉียงเหนือ,แชร์ข้อมูล,hourly_rain,True,True,True,True,True
SGKW,อบต.นาไร่หลวง,19.367094,100.700905,น่าน,ห้วยน้ำยาว (1),นาไร่หลวง,สองแคว,น่าน,น้ำฝน,ภาคเหนือ,แชร์ข้อมูล,hourly_rain,True,True,True,True,True
SGMN,ศูนย์พัฒนาเด็กเล็ก อบต.สูงเม่น,18.062681,100.09528,ยม,แม่น้ำยมตอนกลางส่วนที่ 2,สูงเม่น,สูงเม่น,แพร่,น้ำฝน,ภาคเหนือ,แชร์ข้อมูล,hourly_rain,True,True,True,True,True
SISU,อบต.ศรีละกอ,14.947535,102.40288,มูล,ลำจักรราช,ศรีละกอ,จักราช,นครราชสีมา,น้ำฝน,ภาคตะวันออกเฉียงเหนือ,แชร์ข้อมูล,hourly_rain,True,True,True,True,True
SITP,อบต.ศรีเทพ,15.437905,101.16249,ป่าสัก,แม่น้ำป่าสักส่วนที่ 3/2,ศรีเทพ,ศรีเทพ,เพชรบูรณ์,น้ำฝน,ภาคเหนือ,แชร์ข้อมูล,hourly_rain,True,True,True,True,True
SKBI,อบต.หนองลู,15.195436,98.46125,แม่กลอง,แม่น้ำแควน้อยตอนบนส่วนที่ 1,หนองลู,สังขละบุรี,กาญจนบุรี,น้ำฝน,ภาคกลาง,แชร์ข้อมูล,hourly_rain,True,True,True,True,True
SKE001,คลองพระปรง,13.9374,101.92199,บางปะกง,แม่น้ำพระปรงส่วนที่ 1,บ้านแก้ง,เมืองสระแก้ว,สระแก้ว,ระดับน้ำ,ภาคกลาง,แชร์ข้อมูล,hourly_rain,True,True,True,True,True
SKE002,เมืองสระแก้ว,13.809581,102.05429,บางปะกง,คลองพระสทึง,สระขวัญ,เมืองสระแก้ว,สระแก้ว,ระดับน้ำ,ภาคกลาง,แชร์ข้อมูล,hourly_rain,True,True,True,True,True
SKE003,คลองพรหมโหด,13.705885,102.48168,โตนเลสาป,ห้วยพรมโหด,บ้านใหม่หนองไทร,อรัญประเทศ,สระแก้ว,ระดับน้ำ,ภาคกลาง,แชร์ข้อมูล,hourly_rain,True,True,True,True,True
SKG002,เมืองอุทัยธานี,15.37083,100.04418,สะแกกรัง,แม่น้ำสะแกกรังตอนล่างส่วนที่ 3,อุทัยใหม่,เมืองอุทัยธานี,อุทัยธานี,ระดับน้ำ,ภาคเหนือ,แชร์ข้อมูล,hourly_rain,True,True,True,True,True
SKG003,สะพานต้นน้ำ (เกาะแก้ว-ตลิ่งสูง),15.91458,99.41935,สะแกกรัง,น้ำแม่วง,ปางมะค่า,ขาณุวรลักษบุรี,กำแพงเพชร,ระดับน้ำ,ภาคเหนือ,แชร์ข้อมูล,hourly_rain,True,True,True,True,True
SKG004,สะพานแม่เล่ย์,15.84178,99.41806,สะแกกรัง,น้ำแม่วง,แม่เล่ย์,แม่วงก์,นครสวรรค์,ระดับน้ำ,ภาคเหนือ,แชร์ข้อมูล,hourly_rain,True,True,True,True,True
SKG005,สะพานแม่วงก์,15.90182,99.47045,สะแกกรัง,น้ำแม่วง,ปางมะค่า,ขาณุวรลักษบุรี,กำแพงเพชร,ระดับน้ำ,ภาคเหนือ,แชร์ข้อมูล,hourly_rain,True,True,True,True,True
SKG007,คลองกลาง,15.78322,99.65322,สะแกกรัง,แม่น้ำสะแกกรังตอนล่างส่วนที่ 1,ศาลเจ้าไก่ต่อ,ลาดยาว,นครสวรรค์,ระดับน้ำ,ภาคเหนือ,แชร์ข้อมูล,hourly_rain,True,True,True,True,True
SKG008,หน่วยพิทักษ์ อช.แม่วงก์ที่ 4 (แม่เรวา),15.91248,99.32744,สะแกกรัง,น้ำแม่วง,แม่เล่ย์,แม่วงก์,นครสวรรค์,น้ำฝน,ภาคเหนือ,แชร์ข้อมูล,hourly_rain,True,True,True,True,True
SKKG,อบต.สะแกกรัง,15.39912,100.03507,สะแกกรัง,แม่น้ำสะแกกรังตอนล่างส่วนที่ 3,สะแกกรัง,เมืองอุทัยธานี,อุทัยธานี,น้ำฝน,ภาคเหนือ,แชร์ข้อมูล,hourly_rain,True,True,True,True,True
SKM001,สะพานนาทม,17.777632,104.01503,โขงตะวันออกเฉียงเหนือ,แม่น้ำสงครามตอนล่างส่วนที่ 2,นาทม,นาทม,นครพนม,ระดับน้ำ,ภาคตะวันออกเฉียงเหนือ,แชร์ข้อมูล,hourly_rain,True,True,True,True,True
SKM003,บ้านม่วง,17.821556,103.38691,โขงตะวันออกเฉียงเหนือ,แม่น้ำสงครามตอนบน,ห้วยหลัว,บ้านม่วง,สกลนคร,ระดับน้ำ,ภาคตะวันออกเฉียงเหนือ,แชร์ข้อมูล,hourly_rain,True,True,True,True,True
SKM004,ศรีสงคราม,17.674871,104.28583,โขงตะวันออกเฉียงเหนือ,แม่น้ำสงครามตอนล่างส่วนที่ 4,ศรีสงคราม,ศรีสงคราม,นครพนม,ระดับน้ำ,ภาคตะวันออกเฉียงเหนือ,แชร์ข้อมูล,hourly_rain,True,True,True,True,True
SKM005,สว่างแดนดิน,17.594727,103.38448,โขงตะวันออกเฉียงเหนือ,แม่น้ำสงครามตอนบน,โพนสูง,สว่างแดนดิน,สกลนคร,ระดับน้ำ,ภาคตะวันออกเฉียงเหนือ,แชร์ข้อมูล,hourly_rain,True,True,True,True,True
SKN001,สะพานไอร์ปาโจ,5.8356757,101.73485,ภาคใต้ฝั่งตะวันออกตอนล่าง,แม่น้ำสายบุรี,ภูเขาทอง,สุคิริน,นราธิวาส,ระดับน้ำ,ภาคใต้,แชร์ข้อมูล,hourly_rain,True,True,True,True,True
SKN002,สะพานตาบัว บ้านยาเด๊ะ,5.8275533,101.75235,ภาคใต้ฝั่งตะวันออกตอนล่าง,แม่น้ำสายบุรี,มาโมง,สุคิริน,นราธิวาส,ระดับน้ำ,ภาคใต้,แชร์ข้อมูล,hourly_rain,True,True,True,True,True
SKN003,สะพานกะลูบี บ้านสายปารี,5.895709,101.76639,ภาคใต้ฝั่งตะวันออกตอนล่าง,แม่น้ำสายบุรี,มาโมง,สุคิริน,นราธิวาส,ระดับน้ำ,ภาคใต้,แชร์ข้อมูล,hourly_rain,True,True,True,True,True
SKPG,รร.อนุบาล ทต.สันกำแพง,18.752064,99.127594,ปิง,น้ำแม่กวง,สันกำแพง,สันกำแพง,เชียงใหม่,น้ำฝน,ภาคเหนือ,แชร์ข้อมูล,hourly_rain,True,True,True,True,True
SLA001,หาดใหญ่,6.9801416,100.46324,ทะเลสาบสงขลา,ทะเลสาบสงขลา ( ลุ่มน้ำสาขา ),คอหงส์,หาดใหญ่,สงขลา,ระดับน้ำ,ภาคใต้,แชร์ข้อมูล,hourly_rain,True,True,True,True,True
SLA002,คลองหอยโข่ง,6.9312353,100.43985,ทะเลสาบสงขลา,ทะเลสาบสงขลา ( ลุ่มน้ำสาขา ),ทุ่งลาน,คลองหอยโข่ง,สงขลา,ระดับน้ำ,ภาคใต้,แชร์ข้อมูล,hourly_rain,True,True,True,True,True
SLA003,สะเดา,6.796655,100.442406,ทะเลสาบสงขลา,ทะเลสาบสงขลา ( ลุ่มน้ำสาขา ),ท่าโพธิ์,สะเดา,สงขลา,ระดับน้ำ,ภาคใต้,แชร์ข้อมูล,hourly_rain,True,True,True,True,True
SLA007,บางกล่ำ,7.079437,100.42788,ทะเลสาบสงขลา,ทะเลสาบสงขลา ( ลุ่มน้ำสาขา ),ท่าช้าง,บางกล่ำ,สงขลา,ระดับน้ำ,ภาคใต้,แชร์ข้อมูล,hourly_rain,True,True,True,True,True
SLBC,อบต.สลกบาตร,15.979,99.82458,เจ้าพระยา,ที่ราบแม่น้ำเจ้าพระยา,สลกบาตร,ขาณุวรลักษบุรี,กำแพงเพชร,น้ำฝน,ภาคเหนือ,แชร์ข้อมูล,hourly_rain,True,True,True,True,True
SMSU,ทต.บ้านเต่า,16.355639,102.37859,ชี,ลำน้ำเชิญส่วนที่ 2,บ้านเต่า,บ้านแท่น,ชัยภูมิ,น้ำฝน,ภาคตะวันออกเฉียงเหนือ,แชร์ข้อมูล,hourly_rain,True,True,True,True,True
SNGT,อบต.บ้านกลาง,18.482,100.17754,ยม,แม่น้ำยมตอนกลางส่วนที่ 1,บ้านกลาง,สอง,แพร่,น้ำฝน,ภาคเหนือ,แชร์ข้อมูล,hourly_rain,True,True,True,True,True
SNKO,ทต.ศรีนคร,17.35507,99.99222,ยม,คลองบางแก้ว,ศรีนคร,ศรีนคร,สุโขทัย,น้ำฝน,ภาคเหนือ,แชร์ข้อมูล,hourly_rain,True,True,True,True,True
SNSI,ทต.สันนาเม็ง,18.838,99.05696,ปิง,น้ำแม่กวง,สันนาเม็ง,สันทราย,เชียงใหม่,น้ำฝน,ภาคเหนือ,แชร์ข้อมูล,hourly_rain,True,True,True,True,True
SOKL,อบต.ปางกู่,17.020002,102.59124,ชี,ลำน้ำพองตอนบนส่วนที่ 3,ปางกู่,โนนสัง,หนองบัวลำภู,น้ำฝน,ภาคตะวันออกเฉียงเหนือ,แชร์ข้อมูล,hourly_rain,True,True,True,True,True
SPMI,อบต.แม่สวด,17.963194,97.93169,สาละวิน,แม่น้ำยวมตอนล่างส่วนที่ 2,แม่สวด,สบเมย,แม่ฮ่องสอน,น้ำฝน,ภาคเหนือ,แชร์ข้อมูล,hourly_rain,True,True,True,True,True
SPPT,อบต.นายาง,17.909767,99.30976,วัง,แม่น้ำวังตอนล่างส่วนที่ 2,นายาง,สบปราบ,ลำปาง,น้ำฝน,ภาคเหนือ,แชร์ข้อมูล,hourly_rain,True,True,True,True,True
SPWA,อบต.ป่าแก่บ่อหิน,7.0564327,99.80188,ภาคใต้ฝั่งตะวันตก,ภาคใต้ฝั่งตะวันตกตอนล่าง,ป่าแก่บ่อหิน,ทุ่งหว้า,สตูล,น้ำฝน,ภาคใต้,แชร์ข้อมูล,hourly_rain,True,True,True,True,True
SRKT,อบต.ท่าแฝก,17.945648,100.63105,น่าน,แม่น้ำน่านส่วนที่ 3/2,ท่าแฝก,น้ำปาด,อุตรดิตถ์,น้ำฝน,ภาคเหนือ,แชร์ข้อมูล,hourly_rain,True,True,True,True,True
SSRG,ทต.ศรีสำโรง,17.1682,99.87268,ยม,แม่น้ำยมตอนล่างส่วนที่ 2,สามเรือน,ศรีสำโรง,สุโขทัย,น้ำฝน,ภาคเหนือ,แชร์ข้อมูล,hourly_rain,True,True,True,True,True
STH001,ทต.มายอ,6.718163,101.41407,ภาคใต้ฝั่งตะวันออกตอนล่าง,ภาคใต้ฝั่งตะวันออกตอนล่างส่วนที่ 3,มายอ,มายอ,ปัตตานี,น้ำฝน,ภาคใต้,แชร์ข้อมูล,hourly_rain,True,True,True,True,True
STH002,โครงการฟาร์มตัวอย่างฯ บ้านป่าตาเขียว,6.8430223,101.49456,ภาคใต้ฝั่งตะวันออกตอนล่าง,ภาคใต้ฝั่งตะวันออกตอนล่างส่วนที่ 3,ท่าข้าม,ปะนาเระ,ปัตตานี,น้ำฝน,ภาคใต้,แชร์ข้อมูล,hourly_rain,True,True,True,True,True
STH003,ที่ว่าการอำเภอรามัน,6.4790034,101.4241,ภาคใต้ฝั่งตะวันออกตอนล่าง,แม่น้ำสายบุรี,กายูบอเกาะ,รามัน,ยะลา,น้ำฝน,ภาคใต้,แชร์ข้อมูล,hourly_rain,True,True,True,True,True
STH004,สถานีตำรวจภูธรกะพ้อ,6.560148,101.53407,ภาคใต้ฝั่งตะวันออกตอนล่าง,แม่น้ำสายบุรี,กะรุบี,กะพ้อ,ปัตตานี,น้ำฝน,ภาคใต้,แชร์ข้อมูล,hourly_rain,True,True,True,True,True
STH005,ทต.ตันหยงมัส,6.294604,101.72371,ภาคใต้ฝั่งตะวันออกตอนล่าง,แม่น้ำบางนรา,ตันหยงมัส,ระแงะ,นราธิวาส,น้ำฝน,ภาคใต้,แชร์ข้อมูล,hourly_rain,True,True,True,True,True
STH006,อบต.บานา,6.8913145,101.264725,ภาคใต้ฝั่งตะวันออกตอนล่าง,ภาคใต้ฝั่งตะวันออกตอนล่างส่วนที่ 3,บานา,เมืองปัตตานี,ปัตตานี,น้ำฝน,ภาคใต้,แชร์ข้อมูล,hourly_rain,True,True,True,True,True
STH007,ทม.ตากใบ,6.2391353,102.08371,ภาคใต้ฝั่งตะวันออกตอนล่าง,แม่น้ำบางนรา,เจ๊ะเห,ตากใบ,นราธิวาส,น้ำฝน,ภาคใต้,แชร์ข้อมูล,hourly_rain,True,True,True,True,True
STH008,ที่ว่าการอำเภอกาบัง,6.4270754,101.0192,ทะเลสาบสงขลา,คลองเทพา,กาบัง,กาบัง,ยะลา,น้ำฝน,ภาคใต้,แชร์ข้อมูล,hourly_rain,True,True,True,True,True
STH010,ทต.สุไหงโก-ลก,6.005104,101.958084,ภาคใต้ฝั่งตะวันออกตอนล่าง,แม่น้ำโกลก,สุไหงโก-ลก,สุไหงโก-ลก,นราธิวาส,น้ำฝน,ภาคใต้,แชร์ข้อมูล,hourly_rain,True,True,True,True,True
STH011,ที่ว่าการอำเภอยี่งอ,6.40344,101.70683,ภาคใต้ฝั่งตะวันออกตอนล่าง,แม่น้ำบางนรา,ยี่งอ,ยี่งอ,นราธิวาส,น้ำฝน,ภาคใต้,แชร์ข้อมูล,hourly_rain,True,True,True,True,True
STH012,ศูนย์วิจัยข้าวปัตตานี,6.754159,101.133354,ภาคใต้ฝั่งตะวันออกตอนล่าง,ภาคใต้ฝั่งตะวันออกตอนล่างส่วนที่ 2,มะกรูด,โคกโพธิ์,ปัตตานี,น้ำฝน,ภาคใต้,แชร์ข้อมูล,hourly_rain,True,True,True,True,True
STH013,รร.ตชด.บ้านไอร์บือแต,6.048807,101.56979,ภาคใต้ฝั่งตะวันออกตอนล่าง,แม่น้ำสายบุรี,ช้างเผือก,จะแนะ,นราธิวาส,น้ำฝน,ภาคใต้,แชร์ข้อมูล,hourly_rain,True,True,True,True,True
STH014,ที่ว่าการอำเภอสุคีริน,5.9401755,101.77141,ภาคใต้ฝั่งตะวันออกตอนล่าง,แม่น้ำสายบุรี,สุคิริน,สุคิริน,นราธิวาส,น้ำฝน,ภาคใต้,แชร์ข้อมูล,hourly_rain,True,True,True,True,True
STH015,สถานีฟาร์มตัวอย่างฯ บ้านลุตง,6.657902,101.24637,ภาคใต้ฝั่งตะวันออกตอนล่าง,แม่น้ำปัตตานีตอนล่าง,ปากล่อ,โคกโพธิ์,ปัตตานี,น้ำฝน,ภาคใต้,แชร์ข้อมูล,hourly_rain,True,True,True,True,True
STH016,สถานีพัฒนาที่ดินยะลา,6.170364,101.18084,ภาคใต้ฝั่งตะวันออกตอนล่าง,แม่น้ำปัตตานีตอนล่าง,ธารโต,ธารโต,ยะลา,น้ำฝน,ภาคใต้,แชร์ข้อมูล,hourly_rain,True,True,True,True,True
STH017,โครงการชลประทานยะลา,6.5374146,101.259384,ภาคใต้ฝั่งตะวันออกตอนล่าง,แม่น้ำปัตตานีตอนล่าง,สะเตง,เมืองยะลา,ยะลา,น้ำฝน,ภาคใต้,แชร์ข้อมูล,hourly_rain,True,True,True,True,True
STH018,ที่ว่าการอำเภอกรงปินัง,6.410918,101.27359,ภาคใต้ฝั่งตะวันออกตอนล่าง,แม่น้ำปัตตานีตอนล่าง,สะเอะ,กรงปินัง,ยะลา,น้ำฝน,ภาคใต้,แชร์ข้อมูล,hourly_rain,True,True,True,True,True
STH019,หน่วยบริการประปาศรีสาคร (กปภ.สาขารือเสาะ),6.2226663,101.502304,ภาคใต้ฝั่งตะวันออกตอนล่าง,แม่น้ำสายบุรี,ศรีสาคร,ศรีสาคร,นราธิวาส,น้ำฝน,ภาคใต้,แชร์ข้อมูล,hourly_rain,True,True,True,True,True
STH020,ปตร.ตุยง,6.8360105,101.172,ภาคใต้ฝั่งตะวันออกตอนล่าง,ภาคใต้ฝั่งตะวันออกตอนล่างส่วนที่ 2,ตุยง,หนองจิก,ปัตตานี,น้ำฝน,ภาคใต้,แชร์ข้อมูล,hourly_rain,True,True,True,True,True
STH021,ทต.แว้ง,5.93331,101.882065,ภาคใต้ฝั่งตะวันออกตอนล่าง,แม่น้ำโกลก,แว้ง,แว้ง,นราธิวาส,น้ำฝน,ภาคใต้,แชร์ข้อมูล,hourly_rain,True,True,True,True,True
STH022,สวนสาธารณะ ทต.รือเสาะ,6.387944,101.51716,ภาคใต้ฝั่งตะวันออกตอนล่าง,แม่น้ำสายบุรี,รือเสาะ,รือเสาะ,นราธิวาส,น้ำฝน,ภาคใต้,แชร์ข้อมูล,hourly_rain,True,True,True,True,True
STH023,ทต.บาเจาะ,6.51914,101.65872,ภาคใต้ฝั่งตะวันออกตอนล่าง,แม่น้ำสายบุรี,บาเจาะ,บาเจาะ,นราธิวาส,น้ำฝน,ภาคใต้,แชร์ข้อมูล,hourly_rain,True,True,True,True,True
STH024,ปตร.พรุสนอ,6.86291,101.37757,ภาคใต้ฝั่งตะวันออกตอนล่าง,ภาคใต้ฝั่งตะวันออกตอนล่างส่วนที่ 3,ยามู,ยะหริ่ง,ปัตตานี,น้ำฝน,ภาคใต้,แชร์ข้อมูล,hourly_rain,True,True,True,True,True
STH025,สำนักงานเกษตรอำเภอเจาะไอร้อง,6.224212,101.81097,ภาคใต้ฝั่งตะวันออกตอนล่าง,แม่น้ำบางนรา,จวบ,เจาะไอร้อง,นราธิวาส,น้ำฝน,ภาคใต้,แชร์ข้อมูล,hourly_rain,True,True,True,True,True
STH026,ที่ว่าการอำเภอจะแนะ,6.098406,101.69395,ภาคใต้ฝั่งตะวันออกตอนล่าง,แม่น้ำบางนรา,จะแนะ,จะแนะ,นราธิวาส,น้ำฝน,ภาคใต้,แชร์ข้อมูล,hourly_rain,True,True,True,True,True
STH027,ที่ว่าการอำเภอไม้แก่น,6.6104746,101.66755,ภาคใต้ฝั่งตะวันออกตอนล่าง,แม่น้ำสายบุรี,ไทรทอง,ไม้แก่น,ปัตตานี,น้ำฝน,ภาคใต้,แชร์ข้อมูล,hourly_rain,True,True,True,True,True
STH029,สำนักงานเกษตรอำเภอทุ่งยางแดง,6.617048,101.42665,ภาคใต้ฝั่งตะวันออกตอนล่าง,แม่น้ำสายบุรี,ตะโละแมะนา,ทุ่งยางแดง,ปัตตานี,น้ำฝน,ภาคใต้,แชร์ข้อมูล,hourly_rain,True,True,True,True,True
STH030,ทต.ยะรัง,6.764132,101.3006,ภาคใต้ฝั่งตะวันออกตอนล่าง,ภาคใต้ฝั่งตะวันออกตอนล่างส่วนที่ 3,ยะรัง,ยะรัง,ปัตตานี,น้ำฝน,ภาคใต้,แชร์ข้อมูล,hourly_rain,True,True,True,True,True
STH031,รพ.สต.บ้านวังไทร,6.009283,101.268036,ภาคใต้ฝั่งตะวันออกตอนล่าง,แม่น้ำปัตตานีตอนบน,แม่หวาด,ธารโต,ยะลา,น้ำฝน,ภาคใต้,แชร์ข้อมูล,hourly_rain,True,True,True,True,True
STOR,อบต.สะตอ,12.536135,102.444595,ชายฝั่งทะเลตะวันออก,แม่น้ำเมืองตราด,สะตอ,เขาสมิง,ตราด,น้ำฝน,ภาคกลาง,แชร์ข้อมูล,hourly_rain,True,True,True,True,True
STSK,อบต.ดู่พงษ์,18.911718,100.94141,น่าน,น้ำยาว (2),ดู่พงษ์,สันติสุข,น่าน,น้ำฝน,ภาคเหนือ,แชร์ข้อมูล,hourly_rain,True,True,True,True,True
STU001,เมืองสตูล,6.7266426,100.06259,ภาคใต้ฝั่งตะวันตก,คลองบำบัง,ฉลุง,เมืองสตูล,สตูล,ระดับน้ำ,ภาคใต้,แชร์ข้อมูล,hourly_rain,True,True,True,True,True
STU002,ละงู,6.8857617,99.80429,ภาคใต้ฝั่งตะวันตก,คลองละงู,ละงู,ละงู,สตูล,ระดับน้ำ,ภาคใต้,แชร์ข้อมูล,hourly_rain,True,True,True,True,True
STU003,มะนัง,6.940753,99.87286,ภาคใต้ฝั่งตะวันตก,คลองละงู,นิคมพัฒนา,มะนัง,สตูล,ระดับน้ำ,ภาคใต้,แชร์ข้อมูล,hourly_rain,True,True,True,True,True
STU004,ควนกาหลง,6.928384,99.936,ภาคใต้ฝั่งตะวันตก,คลองละงู,อุใดเจริญ,ควนกาหลง,สตูล,ระดับน้ำ,ภาคใต้,แชร์ข้อมูล,hourly_rain,True,True,True,True,True
STWN,ทต.ทุ่งทราย,16.29507,99.80898,น่าน,แม่น้ำน่านตอนล่างส่วนที่ 2,ทุ่งทราย,ทรายทองวัฒนา,กำแพงเพชร,น้ำฝน,ภาคเหนือ,แชร์ข้อมูล,hourly_rain,True,True,True,True,True
SVI001,สวี 1,10.231191,99.098465,ภาคใต้ฝั่งตะวันออกตอนบน,ภาคใต้ฝั่งตะวันออกตอนบนส่วนที่ 2,นาโพธิ์,สวี,ชุมพร,ระดับน้ำ,ภาคใต้,แชร์ข้อมูล,hourly_rain,True,True,True,True,True
SVI002,สวี 2,10.203307,99.04359,ภาคใต้ฝั่งตะวันออกตอนบน,ภาคใต้ฝั่งตะวันออกตอนบนส่วนที่ 2,นาสัก,สวี,ชุมพร,ระดับน้ำ,ภาคใต้,แชร์ข้อมูล,hourly_rain,True,True,True,True,True
SWAR,ทต.สว่างอารมณ์,15.58525,99.86537,สะแกกรัง,แม่น้ำสะแกกรังตอนล่างส่วนที่ 1,สว่างอารมณ์,สว่างอารมณ์,อุทัยธานี,น้ำฝน,ภาคเหนือ,แชร์ข้อมูล,hourly_rain,True,True,True,True,True
SWH1,อบต.บ้านพราน,14.70215,100.2982,เจ้าพระยา,ที่ราบแม่น้ำเจ้าพระยา,บ้านพราน,แสวงหา,อ่างทอง,น้ำฝน,ภาคกลาง,แชร์ข้อมูล,hourly_rain,True,True,True,True,True
SWKL,โรงฆ่าสัตว์ ทม.สวรรคโลก,17.31679,99.82515,ยม,น้ำแม่มอก,เมืองสวรรคโลก,สวรรคโลก,สุโขทัย,น้ำฝน,ภาคเหนือ,แชร์ข้อมูล,hourly_rain,True,True,True,True,True
SWNG,รพสต.บ่อวิน,13.055024,101.097885,ชายฝั่งทะเลตะวันออก,คลองใหญ่,บ่อวิน,ศรีราชา,ชลบุรี,น้ำฝน,ภาคกลาง,แชร์ข้อมูล,hourly_rain,True,True,True,True,True
SWR001,สำนักสงฆ์เซปะหละ,15.8149185,98.878845,แม่กลอง,แม่น้ำแควใหญ่ตอนบนส่วนที่ 2,แม่ละมุ้ง,อุ้มผาง,ตาก,น้ำฝน,ภาคเหนือ,แชร์ข้อมูล,hourly_rain,True,True,True,True,True
SWR002,รพสต.แก่นมะกรูด,15.16183,99.28902,แม่กลอง,ห้วยขาแข้ง,แก่นมะกรูด,บ้านไร่,อุทัยธานี,น้ำฝน,ภาคเหนือ,แชร์ข้อมูล,hourly_rain,True,True,True,True,True
SWR003,อบต.วังยาว,14.89017,99.37753,แม่กลอง,ห้วยตะเพิน,วังยาว,ด่านช้าง,สุพรรณบุรี,น้ำฝน,ภาคกลาง,แชร์ข้อมูล,hourly_rain,True,True,True,True,True
SWR004,รพสต.บ้านทุ่งเสือโทน,14.9588,98.9089,แม่กลอง,แม่น้ำแควใหญ่ตอนล่างส่วนที่ 1,ชะแล,ทองผาภูมิ,กาญจนบุรี,น้ำฝน,ภาคกลาง,แชร์ข้อมูล,hourly_rain,True,True,True,True,True
SWR005,หน่วยพิทักษ์อุทยานแห่งชาติแก่งกระจาน 10,12.97823,99.37312,เพชรบุรี-ประจวบคีรีขันธ์,แม่น้ำเพชรบุรีตอนบน,ห้วยแม่เพรียง,แก่งกระจาน,เพชรบุรี,น้ำฝน,ภาคกลาง,แชร์ข้อมูล,hourly_rain,True,True,True,True,True
SWR006,วัดคะเมยกาญจนผลาราม,13.00169,99.58633,เพชรบุรี-ประจวบคีรีขันธ์,แม่น้ำเพชรบุรีตอนบน,แก่งกระจาน,แก่งกระจาน,เพชรบุรี,น้ำฝน,ภาคกลาง,แชร์ข้อมูล,hourly_rain,True,True,True,True,True
SWR007,อบต.พุสวรรค์,13.00645,99.73976,เพชรบุรี-ประจวบคีรีขันธ์,ห้วยแม่ประจัน,พุสวรรค์,แก่งกระจาน,เพชรบุรี,น้ำฝน,ภาคกลาง,แชร์ข้อมูล,hourly_rain,True,True,True,True,True
SWR008,รร.ตชด. นเรศวรบ้านห้วยโสก,12.66014,99.5387,เพชรบุรี-ประจวบคีรีขันธ์,แม่น้ำปราณบุรี ( ลุ่มน้ำสาขา ),ป่าเด็ง,แก่งกระจาน,เพชรบุรี,น้ำฝน,ภาคกลาง,แชร์ข้อมูล,hourly_rain,True,True,True,True,True
SWR010,ที่ว่าการอำเภอหัวหิน,12.52974,99.88111,เพชรบุรี-ประจวบคีรีขันธ์,แม่น้ำปราณบุรี ( ลุ่มน้ำสาขา ),ทับใต้,หัวหิน,ประจวบคีรีขันธ์,น้ำฝน,ภาคกลาง,แชร์ข้อมูล,hourly_rain,True,True,True,True,True
SWR011,ศาลากลางหมู่บ้านแพรกตะลุย,12.32247,99.62341,เพชรบุรี-ประจวบคีรีขันธ์,แม่น้ำปราณบุรี ( ลุ่มน้ำสาขา ),เขาจ้าว,ปราณบุรี,ประจวบคีรีขันธ์,น้ำฝน,ภาคกลาง,แชร์ข้อมูล,hourly_rain,True,True,True,True,True
SWR012,ประปาหมู่บ้านคลองเพลิน,11.32009,99.3944,เพชรบุรี-ประจวบคีรีขันธ์,คลองบางสะพานใหญ่,ร่อนทอง,บางสะพาน,ประจวบคีรีขันธ์,น้ำฝน,ภาคกลาง,แชร์ข้อมูล,hourly_rain,True,True,True,True,True
SWR013,รร.บ้านดงไม้งาม,11.3159,99.4664,เพชรบุรี-ประจวบคีรีขันธ์,คลองบางสะพานใหญ่,ชัยเกษม,บางสะพาน,ประจวบคีรีขันธ์,น้ำฝน,ภาคกลาง,แชร์ข้อมูล,hourly_rain,True,True,True,True,True
SWR014,น้ำตกไทรคู่,11.24851,99.33681,เพชรบุรี-ประจวบคีรีขันธ์,คลองบางสะพานใหญ่,ทองมงคล,บางสะพาน,ประจวบคีรีขันธ์,น้ำฝน,ภาคกลาง,แชร์ข้อมูล,hourly_rain,True,True,True,True,True
SWR015,สำนักงานเกษตรอำเภอบางสะพาน,11.24182,99.48107,เพชรบุรี-ประจวบคีรีขันธ์,คลองบางสะพานใหญ่,กำเนิดนพคุณ,บางสะพาน,ประจวบคีรีขันธ์,น้ำฝน,ภาคกลาง,แชร์ข้อมูล,hourly_rain,True,True,True,True,True
SWR016,ศาลากลางหมู่บ้านในล๊อค,11.18112,99.35562,เพชรบุรี-ประจวบคีรีขันธ์,คลองบางสะพานใหญ่,ทองมงคล,บางสะพาน,ประจวบคีรีขันธ์,น้ำฝน,ภาคกลาง,แชร์ข้อมูล,hourly_rain,True,True,True,True,True
SWR018,รร.บ้านท่าหัน,8.829147,98.49196,ภาคใต้ฝั่งตะวันตก,คลองตะกั่วป่า,รมณีย์,กะปง,พังงา,น้ำฝน,ภาคใต้,แชร์ข้อมูล,hourly_rain,True,True,True,True,True
SWR019,รร.บ้านช้างเชื่อ,8.744358,98.4895,ภาคใต้ฝั่งตะวันตก,คลองตะกั่วป่า,เหล,กะปง,พังงา,น้ำฝน,ภาคใต้,แชร์ข้อมูล,hourly_rain,True,True,True,True,True
SWR020,ศูนย์พัฒนาเด็กเล็ก อบต.ท่านา,8.678493,98.416565,ภาคใต้ฝั่งตะวันตก,คลองตะกั่วป่า,ท่านา,กะปง,พังงา,น้ำฝน,ภาคใต้,แชร์ข้อมูล,hourly_rain,True,True,True,True,True
SWR021,อบต.ตะปาน,8.866609,99.14682,ภาคใต้ฝั่งตะวันออกตอนบน,แม่น้ำตาปีตอนล่างส่วนที่ 2,ตะปาน,พุนพิน,สุราษฎร์ธานี,น้ำฝน,ภาคใต้,แชร์ข้อมูล,hourly_rain,True,True,True,True,True
SWR022,รพ.สต.เวียงสระ,8.655911,99.29936,ภาคใต้ฝั่งตะวันออกตอนบน,แม่น้ำตาปีตอนล่างส่วนที่ 2,เวียงสระ,เวียงสระ,สุราษฎร์ธานี,น้ำฝน,ภาคใต้,แชร์ข้อมูล,hourly_rain,True,True,True,True,True
SWR023,ทต.ปลายพระยา,8.532769,98.86407,ภาคใต้ฝั่งตะวันออกตอนบน,คลองอิปัน,ปลายพระยา,ปลายพระยา,กระบี่,น้ำฝน,ภาคใต้,แชร์ข้อมูล,hourly_rain,True,True,True,True,True
SWR024,ทต.จันดี,8.388226,99.54068,ภาคใต้ฝั่งตะวันออกตอนบน,คลองจันดี,จันดี,ฉวาง,นครศรีธรรมราช,น้ำฝน,ภาคใต้,แชร์ข้อมูล,hourly_rain,True,True,True,True,True
SWR025,ฝายคลองท่าเลา,8.232547,99.70778,ภาคใต้ฝั่งตะวันตก,แม่น้ำตรัง,นาหลวงเสน,ทุ่งสง,นครศรีธรรมราช,ระดับน้ำ,ภาคใต้,แชร์ข้อมูล,hourly_rain,True,True,True,True,True
SWR026,รร.บ้านพูน,8.038287,99.64313,ภาคใต้ฝั่งตะวันตก,แม่น้ำตรัง,กะปาง,ทุ่งสง,นครศรีธรรมราช,น้ำฝน,ภาคใต้,แชร์ข้อมูล,hourly_rain,True,True,True,True,True
SWR027,อบต.อ่าวตง,7.8557744,99.38447,ภาคใต้ฝั่งตะวันตก,แม่น้ำตรัง,อ่าวตง,วังวิเศษ,ตรัง,น้ำฝน,ภาคใต้,แชร์ข้อมูล,hourly_rain,True,True,True,True,True
SWR028,รร.บ้านหนองคล้า,7.618547,99.44909,ภาคใต้ฝั่งตะวันตก,แม่น้ำตรัง,เขาวิเศษ,วังวิเศษ,ตรัง,น้ำฝน,ภาคใต้,แชร์ข้อมูล,hourly_rain,True,True,True,True,True
SWR029,รร.วัดควนสีนวล,7.5271177,99.737564,ภาคใต้ฝั่งตะวันตก,คลองปะเหลี่ยน,นาข้าวเสีย,นาโยง,ตรัง,น้ำฝน,ภาคใต้,แชร์ข้อมูล,hourly_rain,True,True,True,True,True
SWR030,รร.บ้านลำปลอกเหนือ,7.354904,99.814804,ภาคใต้ฝั่งตะวันตก,คลองปะเหลี่ยน,ในควน,ย่านตาขาว,ตรัง,น้ำฝน,ภาคใต้,แชร์ข้อมูล,hourly_rain,True,True,True,True,True
SWR031,รพสต.บ้านเขาปู่,7.709537,99.838036,ทะเลสาบสงขลา,ทะเลหลวง,เขาปู่,ศรีบรรพต,พัทลุง,น้ำฝน,ภาคใต้,แชร์ข้อมูล,hourly_rain,True,True,True,True,True
SWR032,รพสต.บ้านลำกะ,7.5838127,99.97161,ทะเลสาบสงขลา,ทะเลหลวง,ชุมพล,ศรีนครินทร์,พัทลุง,น้ำฝน,ภาคใต้,แชร์ข้อมูล,hourly_rain,True,True,True,True,True
SWR033,ทม.พัทลุง,7.6182833,100.07376,ทะเลสาบสงขลา,ทะเลหลวง,คูหาสวรรค์,เมืองพัทลุง,พัทลุง,น้ำฝน,ภาคใต้,แชร์ข้อมูล,hourly_rain,True,True,True,True,True
SWR034,รร.บ้านเหมืองตะกั่ว,7.2132754,100.079414,ทะเลสาบสงขลา,ทะเลหลวง,หนองธง,ป่าบอน,พัทลุง,น้ำฝน,ภาคใต้,แชร์ข้อมูล,hourly_rain,True,True,True,True,True
SWR035,สนามทับทุ่ม บ้านวังนาใน หมู่ที่ 10,7.1356473,99.93741,ภาคใต้ฝั่งตะวันตก,คลองละงู,น้ำผุด,ละงู,สตูล,น้ำฝน,ภาคใต้,แชร์ข้อมูล,hourly_rain,True,True,True,True,True
SWR036,มัสยิดกาวมินมูฮายีริน,7.0883255,100.00196,ภาคใต้ฝั่งตะวันตก,คลองละงู,ปาล์มพัฒนา,มะนัง,สตูล,น้ำฝน,ภาคใต้,แชร์ข้อมูล,hourly_rain,True,True,True,True,True
SWR037,รร.ผังปาล์ม 4,7.0223656,99.930885,ภาคใต้ฝั่งตะวันตก,คลองละงู,ปาล์มพัฒนา,มะนัง,สตูล,น้ำฝน,ภาคใต้,แชร์ข้อมูล,hourly_rain,True,True,True,True,True
SWR038,มูศ๊อลลา(มัสยิด)ชูฮาดา,6.964226,100.02684,ภาคใต้ฝั่งตะวันตก,คลองละงู,ควนกาหลง,ควนกาหลง,สตูล,น้ำฝน,ภาคใต้,แชร์ข้อมูล,hourly_rain,True,True,True,True,True
SYKP,ทต.ปากตะโก,10.100547,99.13784,ภาคใต้ฝั่งตะวันออกตอนบน,ภาคใต้ฝั่งตะวันออกตอนบนส่วนที่ 2,ปากตะโก,ทุ่งตะโก,ชุมพร,น้ำฝน,ภาคใต้,แชร์ข้อมูล,hourly_rain,True,True,True,True,True
SYTL,อบต.วังงิ้ว,16.01564,100.73285,เจ้าพระยา,บึงบรเพ็ด,วังงิ้ว,ดงเจริญ,พิจิตร,น้ำฝน,ภาคเหนือ,แชร์ข้อมูล,hourly_rain,True,True,True,True,True
TADE01,โรงเรียนวัดโคกโพธิ์สถิตย์,8.40118,99.80203,ภาคใต้ฝั่งตะวันออกตอนบน,ภาคใต้ฝั่งตะวันออกส่วนที่ 4,กำโลน,ลานสกา,นครศรีธรรมราช,ระดับน้ำ,ภาคใต้,แชร์ข้อมูล,hourly_rain,True,True,True,True,True
TAKI,อบต.ตาคลี,15.29122,100.38291,เจ้าพระยา,ที่ราบแม่น้ำเจ้าพระยา,ตาคลี,ตาคลี,นครสวรรค์,น้ำฝน,ภาคเหนือ,แชร์ข้อมูล,hourly_rain,True,True,True,True,True
TAKL,อบต.ตาดกลอย,17.003542,101.366066,ป่าสัก,แม่น้ำป่าสักตอนบน,ตาดกลอย,หล่มเก่า,เพชรบูรณ์,น้ำฝน,ภาคเหนือ,แชร์ข้อมูล,hourly_rain,True,True,True,True,True
TANA,อบต.นครชัยศรี,13.79035,100.1905,ท่าจีน,ที่ราบแม่น้ำท่าจีน,นครชัยศรี,นครชัยศรี,นครปฐม,น้ำฝน,ภาคกลาง,แชร์ข้อมูล,hourly_rain,True,True,True,True,True
TAPE,ทต.ช้างเผือก,18.810118,98.97011,ปิง,แม่น้ำปิงส่วนที่ 2/2,ช้างเผือก,เมืองเชียงใหม่,เชียงใหม่,น้ำฝน,ภาคเหนือ,แชร์ข้อมูล,hourly_rain,True,True,True,True,True
TARE,ทต.ท่าแร่,17.251728,104.181786,โขงตะวันออกเฉียงเหนือ,น้ำพุง,ท่าแร่,เมืองสกลนคร,สกลนคร,น้ำฝน,ภาคตะวันออกเฉียงเหนือ,แชร์ข้อมูล,hourly_rain,True,True,True,True,True
TB0001,บ้านกาใส,18.864063,100.676285,น่าน,น้ำสมุน,สะเนียน,เมืองน่าน,น่าน,ระดับน้ำ,ภาคเหนือ,แชร์ข้อมูล,hourly_rain,True,True,True,True,True
TB0004,คลองแม่น้ำใน,14.30164,100.94519,เจ้าพระยา,ที่ราบแม่น้ำเจ้าพระยา,หนองหมู,วิหารแดง,สระบุรี,ระดับน้ำ,ภาคกลาง,แชร์ข้อมูล,hourly_rain,True,True,True,True,True
TB0005,อบต.เจริญธรรม,14.378126,101.00022,เจ้าพระยา,ที่ราบแม่น้ำเจ้าพระยา,เจริญธรรม,วิหารแดง,สระบุรี,น้ำฝน,ภาคกลาง,แชร์ข้อมูล,hourly_rain,True,True,True,True,True
TB0006,ทต.ทุ่งสะโตก,18.573914,98.86223,ปิง,น้ำแม่ขาน,ทุ่งสะโตก,สันป่าตอง,เชียงใหม่,ระดับน้ำ,ภาคเหนือ,แชร์ข้อมูล,hourly_rain,True,True,True,True,True
TB0007,ที่ว่าการอำเภอแม่วาง,18.612732,98.77528,ปิง,น้ำแม่ขาน,บ้านกาด,แม่วาง,เชียงใหม่,น้ำฝน,ภาคเหนือ,แชร์ข้อมูล,hourly_rain,True,True,True,True,True
TBR011,อบต.เวียงตาล,18.311407,99.32523,วัง,แม่น้ำวังตอนกลางส่วนที่ 2,เวียงตาล,ห้างฉัตร,ลำปาง,น้ำฝน,ภาคเหนือ,แชร์ข้อมูล,hourly_rain,True,True,True,True,True
TBR012,อบต.บ้านหนองตางู,16.12492,100.05774,น่าน,แม่น้ำน่านตอนล่างส่วนที่ 2,หนองตางู,บรรพตพิสัย,นครสวรรค์,น้ำฝน,ภาคเหนือ,แชร์ข้อมูล,hourly_rain,True,True,True,True,True
TBR013,อบต.ท่าเสา,15.99001,100.22164,น่าน,แม่น้ำน่านตอนล่างส่วนที่ 2,ท่าเสา,โพทะเล,พิจิตร,น้ำฝน,ภาคเหนือ,แชร์ข้อมูล,hourly_rain,True,True,True,True,True
TBR014,อบต.นาโป่ง,17.644295,99.16273,วัง,แม่น้ำวังตอนล่างส่วนที่ 2,นาโป่ง,เถิน,ลำปาง,น้ำฝน,ภาคเหนือ,แชร์ข้อมูล,hourly_rain,True,True,True,True,True
TBR015,สวนเพชรล้านนา,18.803125,99.58374,วัง,แม่น้ำสวย,แม่สุก,แจ้ห่ม,ลำปาง,น้ำฝน,ภาคเหนือ,แชร์ข้อมูล,hourly_rain,True,True,True,True,True
TBR016,บ้านใหม่สามัคคี,15.097126,102.866806,มูล,ลำปลายมาศ,โคกล่าม,ลำปลายมาศ,บุรีรัมย์,น้ำฝน,ภาคตะวันออกเฉียงเหนือ,แชร์ข้อมูล,hourly_rain,True,True,True,True,True
TBR017,ที่ว่าการอำเภอเมืองยโสธร,15.795404,104.14032,ชี,ลำน้ำชีตอนล่าง,ในเมือง,เมืองยโสธร,ยโสธร,น้ำฝน,ภาคตะวันออกเฉียงเหนือ,แชร์ข้อมูล,hourly_rain,True,True,True,True,True
TBR018,อบต.นาโส่,15.983045,104.31135,มูล,ห้วยโพง,นาโส่,กุดชุม,ยโสธร,น้ำฝน,ภาคตะวันออกเฉียงเหนือ,แชร์ข้อมูล,hourly_rain,True,True,True,True,True
TBR019,อบต.ส้มผ่อ,16.14868,104.3944,มูล,ห้วยโพง,ส้มผ่อ,ไทยเจริญ,ยโสธร,น้ำฝน,ภาคตะวันออกเฉียงเหนือ,แชร์ข้อมูล,hourly_rain,True,True,True,True,True
TBR020,ทต.ห้องแซง,16.268076,104.40586,มูล,ลำเซบายส่วนที่ 1,ห้องแซง,เลิงนกทา,ยโสธร,น้ำฝน,ภาคตะวันออกเฉียงเหนือ,แชร์ข้อมูล,hourly_rain,True,True,True,True,True
TBR021,ทต.บุ่งค้า,16.167002,104.64116,มูล,ลำเซบายส่วนที่ 1,บุ่งค้า,เลิงนกทา,ยโสธร,น้ำฝน,ภาคตะวันออกเฉียงเหนือ,แชร์ข้อมูล,hourly_rain,True,True,True,True,True
TBR022,บ้านน้ำเย็น,10.588756,99.031204,ภาคใต้ฝั่งตะวันออกตอนบน,คลองท่าตะเภา ( ลุ่มน้ำสาขา ),หินแก้ว,ท่าแซะ,ชุมพร,น้ำฝน,ภาคใต้,แชร์ข้อมูล,hourly_rain,True,True,True,True,True
TBW008,ฝ่ายส่งน้ำและบำรุงรักษาที่ 2,18.884916,99.081436,ปิง,น้ำแม่กวง,เมืองเล็น,สันทราย,เชียงใหม่,ระดับน้ำ,ภาคเหนือ,แชร์ข้อมูล,hourly_rain,True,True,True,True,True
TBW009,อ่างเก็บน้ำแม่เกี๋ยง,18.43276,99.498314,วัง,น้ำแม่ตุ๋ย,บ้านเอื้อม,เมืองลำปาง,ลำปาง,ระดับน้ำ,ภาคเหนือ,แชร์ข้อมูล,hourly_rain,True,True,True,True,True
TBW014,สะพานข้ามคลองเกรียงไกร,15.843141,100.21147,น่าน,แม่น้ำน่านตอนล่างส่วนที่ 2,บางเคียน,ชุมแสง,นครสวรรค์,ระดับน้ำ,ภาคเหนือ,แชร์ข้อมูล,hourly_rain,True,True,True,True,True
TBW017,สะพานข้ามลำปะเทีย,14.617069,102.90032,มูล,ลำปะเทีย,อีสานเขต,เฉลิมพระเกียรติ,บุรีรัมย์,ระดับน้ำ,ภาคตะวันออกเฉียงเหนือ,แชร์ข้อมูล,hourly_rain,True,True,True,True,True
TBW018,อ่างเก็บน้ำคูขาด,14.559918,102.95148,มูล,ลำชี,ประทัดบุ,ประโคนชัย,บุรีรัมย์,ระดับน้ำ,ภาคตะวันออกเฉียงเหนือ,แชร์ข้อมูล,hourly_rain,True,True,True,True,True
TBW019,อ่างเก็บน้ำห้วยดินทราย,14.271639,102.98231,มูล,ลำปะเทีย,หนองแวง,ละหานทราย,บุรีรัมย์,น้ำฝน,ภาคตะวันออกเฉียงเหนือ,แชร์ข้อมูล,hourly_rain,True,True,True,True,True
TBW021,สะพานมิตรภาพรับร่อ-หินแก้ว,10.607461,99.095345,ภาคใต้ฝั่งตะวันออกตอนบน,คลองท่าตะเภา ( ลุ่มน้ำสาขา ),รับร่อ,ท่าแซะ,ชุมพร,ระดับน้ำ,ภาคใต้,แชร์ข้อมูล,hourly_rain,True,True,True,True,True
TBW022,สะพานแม่ฟ้าหลวง,19.921936,99.818275,โขงเหนือ,น้ำแม่กกตอนล่างส่วนที่ 2,รอบเวียง,เมืองเชียงราย,เชียงราย,ระดับน้ำ,ภาคเหนือ,แชร์ข้อมูล,hourly_rain,True,True,True,True,True
TBW023,คลองแม่พุง,19.566578,99.98419,โขงเหนือ,แม่น้ำพุง,ป่าแงะ,ป่าแดด,เชียงราย,ระดับน้ำ,ภาคเหนือ,แชร์ข้อมูล,hourly_rain,True,True,True,True,True
TBW024,สะพานอิงอุดม,20.196428,100.44184,โขงเหนือ,แม่น้ำอิงตอนล่าง,ศรีดอนชัย,เชียงของ,เชียงราย,ระดับน้ำ,ภาคเหนือ,แชร์ข้อมูล,hourly_rain,True,True,True,True,True
TBW025,คลองปาว,16.2593,103.69052,ชี,ลำปาวตอนล่าง,เหล่าอ้อย,ร่องคำ,กาฬสินธุ์,ระดับน้ำ,ภาคตะวันออกเฉียงเหนือ,แชร์ข้อมูล,hourly_rain,True,True,True,True,True
TBW026,ห้วยยัง,16.60361,103.96229,ชี,ลำน้ำยัง,ไค้นุ่น,ห้วยผึ้ง,กาฬสินธุ์,ระดับน้ำ,ภาคตะวันออกเฉียงเหนือ,แชร์ข้อมูล,hourly_rain,True,True,True,True,True
TBW027,ลำน้ำอูน,17.322672,103.97925,โขงตะวันออกเฉียงเหนือ,ห้วยน้ำอูน,สว่าง,พรรณานิคม,สกลนคร,ระดับน้ำ,ภาคตะวันออกเฉียงเหนือ,แชร์ข้อมูล,hourly_rain,True,True,True,True,True
TBW028,บ้านโพธิ์ชัยทอง,17.59971,103.98092,โขงตะวันออกเฉียงเหนือ,ห้วยน้ำยาม,อากาศ,อากาศอำนวย,สกลนคร,ระดับน้ำ,ภาคตะวันออกเฉียงเหนือ,แชร์ข้อมูล,hourly_rain,True,True,True,True,True
TBW029,ลำน้ำยัง,16.320581,104.02246,ชี,ลำน้ำยัง,แวง,โพนทอง,ร้อยเอ็ด,ระดับน้ำ,ภาคตะวันออกเฉียงเหนือ,แชร์ข้อมูล,hourly_rain,True,True,True,True,True
TBW030,ลำน้ำพุง,16.996626,104.17369,โขงตะวันออกเฉียงเหนือ,น้ำพุง,เต่างอย,เต่างอย,สกลนคร,ระดับน้ำ,ภาคตะวันออกเฉียงเหนือ,แชร์ข้อมูล,hourly_rain,True,True,True,True,True
TBW032,ลำน้ำก่ำ,17.029024,104.41203,โขงตะวันออกเฉียงเหนือ,ห้วยน้ำก่ำ,หนองบ่อ,นาแก,นครพนม,ระดับน้ำ,ภาคตะวันออกเฉียงเหนือ,แชร์ข้อมูล,hourly_rain,True,True,True,True,True
TBW033,ลำเซบาย,16.195423,104.52569,มูล,ลำเซบายส่วนที่ 1,สวาท,เลิงนกทา,ยโสธร,ระดับน้ำ,ภาคตะวันออกเฉียงเหนือ,แชร์ข้อมูล,hourly_rain,True,True,True,True,True
TBW034,อ่างเก็บน้ำห้วยซับเหล็ก,14.814826,100.77581,เจ้าพระยา,ที่ราบแม่น้ำเจ้าพระยา,โคกตูม,เมืองลพบุรี,ลพบุรี,ระดับน้ำ,ภาคกลาง,แชร์ข้อมูล,hourly_rain,True,True,True,True,True
TBW035,อ่างเก็บน้ำห้วยส้ม,14.865252,100.86129,ป่าสัก,แม่น้ำป่าสักตอนล่างส่วนที่ 2,โคกตูม,เมืองลพบุรี,ลพบุรี,ระดับน้ำ,ภาคกลาง,แชร์ข้อมูล,hourly_rain,True,True,True,True,True
TCP001,ปตร.ปากคลองส่งน้ำสาย 4 (ทุ่งเจ้าเจ็ด),14.315779,100.38976,เจ้าพระยา,ที่ราบแม่น้ำเจ้าพระยา,สามกอ,เสนา,พระนครศรีอยุธยา,ระดับน้ำ,ภาคกลาง,แชร์ข้อมูล,hourly_rain,True,True,True,True,True
TCP002,ปตร.ปลายคลองบางซอ (ทุ่งเจ้าเจ็ด),14.19488,100.13264,ท่าจีน,ที่ราบแม่น้ำท่าจีน,บางตาเถร,สองพี่น้อง,สุพรรณบุรี,ระดับน้ำ,ภาคกลาง,แชร์ข้อมูล,hourly_rain,True,True,True,True,True
TCP003,ปตร.ลาดชะโด (ทุ่งผักไห่),14.464443,100.36593,เจ้าพระยา,ที่ราบแม่น้ำเจ้าพระยา,อมฤต,ผักไห่,พระนครศรีอยุธยา,ระดับน้ำ,ภาคกลาง,แชร์ข้อมูล,hourly_rain,True,True,True,True,True
TCP004,ปตร.ลาดชิด (ทุ่งผักไห่),14.440596,100.35741,เจ้าพระยา,ที่ราบแม่น้ำเจ้าพระยา,จักราช,ผักไห่,พระนครศรีอยุธยา,ระดับน้ำ,ภาคกลาง,แชร์ข้อมูล,hourly_rain,True,True,True,True,True
TCP005,ปตร.บางแก้ว (ทุ่งผักไห่),14.436562,100.371475,เจ้าพระยา,ที่ราบแม่น้ำเจ้าพระยา,ตาลาน,ผักไห่,พระนครศรีอยุธยา,ระดับน้ำ,ภาคกลาง,แชร์ข้อมูล,hourly_rain,True,True,True,True,True
TCP006,ปตร กุฎิ (ทุ่งป่าโมก),14.4123955,100.40112,เจ้าพระยา,ที่ราบแม่น้ำเจ้าพระยา,ท่าดินแดง,ผักไห่,พระนครศรีอยุธยา,ระดับน้ำ,ภาคกลาง,แชร์ข้อมูล,hourly_rain,True,True,True,True,True
TCP007,ทุ่งโพธิ์พระยา,14.320795,100.017395,ท่าจีน,ที่ราบแม่น้ำท่าจีน,วัดโบสถ์,บางปลาม้า,สุพรรณบุรี,ระดับน้ำ,ภาคกลาง,แชร์ข้อมูล,hourly_rain,True,True,True,True,True
TCP008,สถานีสูบน้ำปากคลองสายห้วยแก้ว (ทุ่งซ้ายคลองชัยนาท),15.082753,100.55447,เจ้าพระยา,ที่ราบแม่น้ำเจ้าพระยา,หนองเมือง,บ้านหมี่,ลพบุรี,ระดับน้ำ,ภาคกลาง,แชร์ข้อมูล,hourly_rain,True,True,True,True,True
TCP009,สถานีสูบน้ำปากคลองสระตาแวว (ทุ่งซ้ายคลองชัยนาท),14.940769,100.5929,เจ้าพระยา,ที่ราบแม่น้ำเจ้าพระยา,พุคา,บ้านหมี่,ลพบุรี,ระดับน้ำ,ภาคกลาง,แชร์ข้อมูล,hourly_rain,True,True,True,True,True
TCP010,ทรบ. ปากคลองห้าวา (ทุ่งท่าวุ้ง),14.818604,100.57653,เจ้าพระยา,ที่ราบแม่น้ำเจ้าพระยา,บางขันหมาก,เมืองลพบุรี,ลพบุรี,ระดับน้ำ,ภาคกลาง,แชร์ข้อมูล,hourly_rain,True,True,True,True,True
TCP011,สถานีสูบน้ำคลองระบายชัยนาท-ป่าสัก 2 (ทุ่งเชียงราก),15.055074,100.32082,เจ้าพระยา,ที่ราบแม่น้ำเจ้าพระยา,ชีน้ำร้าย,อินทร์บุรี,สิงห์บุรี,ระดับน้ำ,ภาคกลาง,แชร์ข้อมูล,hourly_rain,True,True,True,True,True
TCP012,เสนา (ทุ่งบางบาล-บ้านแพน),14.327776,100.405464,เจ้าพระยา,ที่ราบแม่น้ำเจ้าพระยา,เสนา,เสนา,พระนครศรีอยุธยา,ระดับน้ำ,ภาคกลาง,แชร์ข้อมูล,hourly_rain,True,True,True,True,True
TCP013,สะพานข้ามแม่น้ำน้อย (ทุ่งผักไห่),14.498449,100.368286,เจ้าพระยา,ที่ราบแม่น้ำเจ้าพระยา,หน้าโคก,ผักไห่,พระนครศรีอยุธยา,ระดับน้ำ,ภาคกลาง,แชร์ข้อมูล,hourly_rain,True,True,True,True,True
TEPT,อบต.โคกเริงรมย์,15.399449,101.60259,ชี,ลำคันฉู,โคกเริงรมย์,บำเหน็จณรงค์,ชัยภูมิ,น้ำฝน,ภาคตะวันออกเฉียงเหนือ,แชร์ข้อมูล,hourly_rain,True,True,True,True,True
TETN,อบต.แม่ปะ,17.651798,99.26763,วัง,แม่น้ำวังตอนล่างส่วนที่ 2,แม่ปะ,เถิน,ลำปาง,น้ำฝน,ภาคเหนือ,แชร์ข้อมูล,hourly_rain,True,True,True,True,True
TGCG,ที่ว่าการอำเภอทุ่งช้าง,19.386702,100.87587,น่าน,แม่น้ำน่านตอนบน,ทุ่งช้าง,ทุ่งช้าง,น่าน,น้ำฝน,ภาคเหนือ,แชร์ข้อมูล,hourly_rain,True,True,True,True,True
TGLG,อบต.ทุ่งแล้ง,17.970493,99.74663,ยม,แม่น้ำยมตอนล่างส่วนที่ 1,ทุ่งแล้ง,ลอง,แพร่,น้ำฝน,ภาคเหนือ,แชร์ข้อมูล,hourly_rain,True,True,True,True,True
TGLM,อบต.ป่าหวาย,13.57986,99.43311,แม่กลอง,ลำภาชี,ป่าหวาย,สวนผึ้ง,ราชบุรี,น้ำฝน,ภาคกลาง,แชร์ข้อมูล,hourly_rain,True,True,True,True,True
TGSK,ทต.ทองแสนขัน,17.467943,100.33249,น่าน,คลองตรอน,ป่าคาย,ทองแสนขัน,อุตรดิตถ์,น้ำฝน,ภาคเหนือ,แชร์ข้อมูล,hourly_rain,True,True,True,True,True
THA001,สะพานคง-ศุข ศรีสวัสดิ์,15.22497,100.07823,เจ้าพระยา,ที่ราบแม่น้ำเจ้าพระยา,หาดท่าเสา,เมืองชัยนาท,ชัยนาท,ระดับน้ำ,ภาคกลาง,แชร์ข้อมูล,hourly_rain,True,True,True,True,True
THA003,ด่านช้าง,14.83503,99.66542,ท่าจีน,ห้วยกระเสียว,ด่านช้าง,ด่านช้าง,สุพรรณบุรี,ระดับน้ำ,ภาคกลาง,แชร์ข้อมูล,hourly_rain,True,True,True,True,True
THA004,สามชุก,14.75138,100.09591,ท่าจีน,ที่ราบแม่น้ำท่าจีน,สามชุก,สามชุก,สุพรรณบุรี,ระดับน้ำ,ภาคกลาง,แชร์ข้อมูล,hourly_rain,True,True,True,True,True
THA005,เมืองสุพรรณบุรี,14.47051,100.11473,ท่าจีน,ที่ราบแม่น้ำท่าจีน,ท่าพี่เลี้ยง,เมืองสุพรรณบุรี,สุพรรณบุรี,ระดับน้ำ,ภาคกลาง,แชร์ข้อมูล,hourly_rain,True,True,True,True,True
THA006,บางตาเถร,14.15658,100.12743,ท่าจีน,ที่ราบแม่น้ำท่าจีน,บางตาเถร,สองพี่น้อง,สุพรรณบุรี,ระดับน้ำ,ภาคกลาง,แชร์ข้อมูล,hourly_rain,True,True,True,True,True
THA007,บางเลน,14.01634,100.17979,ท่าจีน,ที่ราบแม่น้ำท่าจีน,บางเลน,บางเลน,นครปฐม,ระดับน้ำ,ภาคกลาง,แชร์ข้อมูล,hourly_rain,True,True,True,True,True
THA008,สะพานนครชัยศรี,13.79217,100.19812,ท่าจีน,ที่ราบแม่น้ำท่าจีน,ไทยาวาส,นครชัยศรี,นครปฐม,ระดับน้ำ,ภาคกลาง,แชร์ข้อมูล,hourly_rain,True,True,True,True,True
THA009,เมืองสมุทรสาคร,13.58597,100.23048,ท่าจีน,ที่ราบแม่น้ำท่าจีน,ท่าจีน,เมืองสมุทรสาคร,สมุทรสาคร,ระดับน้ำ,ภาคกลาง,แชร์ข้อมูล,hourly_rain,True,True,True,True,True
THA010,สองพี่น้อง,14.21612,100.05017,ท่าจีน,ที่ราบแม่น้ำท่าจีน,สองพี่น้อง,สองพี่น้อง,สุพรรณบุรี,ระดับน้ำ,ภาคกลาง,แชร์ข้อมูล,hourly_rain,True,True,True,True,True
THA011,บางปลา,13.9704,100.15746,ท่าจีน,ที่ราบแม่น้ำท่าจีน,บางปลา,บางเลน,นครปฐม,ระดับน้ำ,ภาคกลาง,แชร์ข้อมูล,hourly_rain,True,True,True,True,True
THAT,อบต.ธาตุ,15.31667,103.93546,มูล,ห้วยทับทัน,ธาตุ,รัตนบุรี,สุรินทร์,น้ำฝน,ภาคตะวันออกเฉียงเหนือ,แชร์ข้อมูล,hourly_rain,True,True,True,True,True
THCG,ทต.ทุ่งหัวช้าง,18.003477,99.02688,ปิง,น้ำแม่ลี้,ทุ่งหัวช้าง,ทุ่งหัวช้าง,ลำพูน,น้ำฝน,ภาคเหนือ,แชร์ข้อมูล,hourly_rain,True,True,True,True,True
THNG,ทต.เวียงเทิง,19.687405,100.18997,โขงเหนือ,แม่น้ำอิงตอนล่าง,เวียง,เทิง,เชียงราย,น้ำฝน,ภาคเหนือ,แชร์ข้อมูล,hourly_rain,True,True,True,True,True
THNM,อบต.ดงพระรามณ์,14.062765,101.41369,บางปะกง,แม่น้ำปราจีนบุรีตอนล่าง,ดงพระราม,เมืองปราจีนบุรี,ปราจีนบุรี,น้ำฝน,ภาคกลาง,แชร์ข้อมูล,hourly_rain,True,True,True,True,True
THTN,ทม.ตะพานหิน,16.21106,100.41947,น่าน,แม่น้ำน่านตอนล่างส่วนที่ 2,ตะพานหิน,ตะพานหิน,พิจิตร,น้ำฝน,ภาคเหนือ,แชร์ข้อมูล,hourly_rain,True,True,True,True,True
TKFA,อบต.ตากฟ้า,15.29646,100.50282,เจ้าพระยา,ที่ราบแม่น้ำเจ้าพระยา,ตากฟ้า,ตากฟ้า,นครสวรรค์,น้ำฝน,ภาคเหนือ,แชร์ข้อมูล,hourly_rain,True,True,True,True,True
TKNT,ทต.ตะเคียนทอง,12.9130945,102.08153,ชายฝั่งทะเลตะวันออก,แม่น้ำจันทบุรี,ตะเคียนทอง,เขาคิชฌกูฏ,จันทบุรี,น้ำฝน,ภาคกลาง,แชร์ข้อมูล,hourly_rain,True,True,True,True,True
TKP002,เมืองพังงา,8.47734,98.52832,ภาคใต้ฝั่งตะวันตก,ภาคใต้ฝั่งตะวันตกส่วนที่ 2,ถ้ำน้ำผุด,เมืองพังงา,พังงา,ระดับน้ำ,ภาคใต้,แชร์ข้อมูล,hourly_rain,True,True,True,True,True
TKPP,ทต.ตระการพืชผล,15.621557,105.023094,มูล,ลำเซบก,กระเดียน,ตระการพืชผล,อุบลราชธานี,น้ำฝน,ภาคตะวันออกเฉียงเหนือ,แชร์ข้อมูล,hourly_rain,True,True,True,True,True
TKRA,อบต.คลองเฉลิม,7.3824224,99.98023,ทะเลสาบสงขลา,ทะเลหลวง,คลองเฉลิม,กงหรา,พัทลุง,น้ำฝน,ภาคใต้,แชร์ข้อมูล,hourly_rain,True,True,True,True,True
TLAN,อบต.บุพราหมณ์,14.207861,101.90554,บางปะกง,แม่น้ำหนุมาน,บุพราหมณ์,นาดี,ปราจีนบุรี,น้ำฝน,ภาคกลาง,แชร์ข้อมูล,hourly_rain,True,True,True,True,True
TLMU,ทต.ลำแก่น,8.596668,98.25741,ภาคใต้ฝั่งตะวันตก,ภาคใต้ฝั่งตะวันตกส่วนที่ 2,ลำแก่น,ท้ายเหมือง,พังงา,น้ำฝน,ภาคใต้,แชร์ข้อมูล,hourly_rain,True,True,True,True,True
TLPC,อบต.ขนงพระ,14.606866,101.45632,มูล,ลำตะคอง,ขนงพระ,ปากช่อง,นครราชสีมา,น้ำฝน,ภาคตะวันออกเฉียงเหนือ,แชร์ข้อมูล,hourly_rain,True,True,True,True,True
TMLI,ทต.วังใหม่,10.5038395,98.985825,ภาคใต้ฝั่งตะวันออกตอนบน,ภาคใต้ฝั่งตะวันออกตอนบนส่วนที่ 2,วังใหม่,เมืองชุมพร,ชุมพร,น้ำฝน,ภาคใต้,แชร์ข้อมูล,hourly_rain,True,True,True,True,True
TNG001,ท่าสะบ้า,7.7293816,99.55148,ภาคใต้ฝั่งตะวันตก,แม่น้ำตรัง,ท่าสะบ้า,วังวิเศษ,ตรัง,ระดับน้ำ,ภาคใต้,แชร์ข้อมูล,hourly_rain,True,True,True,True,True
TNG002,เมืองตรัง,7.5559,99.57821,ภาคใต้ฝั่งตะวันตก,แม่น้ำตรัง,บางรัก,เมืองตรัง,ตรัง,ระดับน้ำ,ภาคใต้,แชร์ข้อมูล,hourly_rain,True,True,True,True,True
TNG003,คลองนางน้อย,7.5680623,99.65104,ภาคใต้ฝั่งตะวันตก,แม่น้ำตรัง,นาโยงใต้,เมืองตรัง,ตรัง,ระดับน้ำ,ภาคใต้,แชร์ข้อมูล,hourly_rain,True,True,True,True,True
TNG004,ปะเหลียน,7.372003,99.677246,ภาคใต้ฝั่งตะวันตก,คลองปะเหลี่ยน,ท่าพญา,ปะเหลียน,ตรัง,ระดับน้ำ,ภาคใต้,แชร์ข้อมูล,hourly_rain,True,True,True,True,True
TNG005,วังวิเศษ,7.668927,99.45944,ภาคใต้ฝั่งตะวันตก,แม่น้ำตรัง,เขาวิเศษ,วังวิเศษ,ตรัง,ระดับน้ำ,ภาคใต้,แชร์ข้อมูล,hourly_rain,True,True,True,True,True
TNG006,รัษฎา,7.9640694,99.59781,ภาคใต้ฝั่งตะวันตก,แม่น้ำตรัง,ควนเมา,รัษฎา,ตรัง,ระดับน้ำ,ภาคใต้,แชร์ข้อมูล,hourly_rain,True,True,True,True,True
TOGO,ที่ว่าการอำเภอเต่างอย,16.997461,104.16753,โขงตะวันออกเฉียงเหนือ,น้ำพุง,นาตาล,เต่างอย,สกลนคร,น้ำฝน,ภาคตะวันออกเฉียงเหนือ,แชร์ข้อมูล,hourly_rain,True,True,True,True,True
TON001,ตาพระยา,14.051245,102.88538,โตนเลสาป,โตนเลสาปตอนบน (ลุ่มน้ำสาขา),ทัพเสด็จ,ตาพระยา,สระแก้ว,ระดับน้ำ,ภาคกลาง,แชร์ข้อมูล,hourly_rain,True,True,True,True,True
TON002,โป่งน้ำร้อน,13.036519,102.38153,โตนเลสาป,โตนเลสาปตอนล่าง,หนองตาคง,โป่งน้ำร้อน,จันทบุรี,ระดับน้ำ,ภาคกลาง,แชร์ข้อมูล,hourly_rain,True,True,True,True,True
TON003,อบต.สะตอน,13.142335,102.30371,โตนเลสาป,โตนเลสาปตอนล่าง,สะตอน,สอยดาว,จันทบุรี,น้ำฝน,ภาคกลาง,แชร์ข้อมูล,hourly_rain,True,True,True,True,True
TON004,อบต.ท่าเกวียน,13.687324,102.28415,โตนเลสาป,ห้วยพรมโหด,ท่าเกวียน,วัฒนานคร,สระแก้ว,น้ำฝน,ภาคกลาง,แชร์ข้อมูล,hourly_rain,True,True,True,True,True
TON006,อบต.ทัพราช,14.045824,102.74599,โตนเลสาป,โตนเลสาปตอนบน (ลุ่มน้ำสาขา),ทัพราช,ตาพระยา,สระแก้ว,น้ำฝน,ภาคกลาง,แชร์ข้อมูล,hourly_rain,True,True,True,True,True
TPAE,ทต.ท่าขนุน,14.744069,98.64233,แม่กลอง,แม่น้ำแควน้อยตอนบนส่วนที่ 2,ท่าขนุน,ทองผาภูมิ,กาญจนบุรี,น้ำฝน,ภาคกลาง,แชร์ข้อมูล,hourly_rain,True,True,True,True,True
TPI001,พุนพิน 1,9.131316,99.25879,ภาคใต้ฝั่งตะวันออกตอนบน,แม่น้ำตาปีตอนล่างส่วนที่ 3,ท่าข้าม,พุนพิน,สุราษฎร์ธานี,ระดับน้ำ,ภาคใต้,แชร์ข้อมูล,hourly_rain,True,True,True,True,True
TPI002,พุนพิน 2,9.085804,99.170044,ภาคใต้ฝั่งตะวันออกตอนบน,คลองพุมดวงตอนล่าง,หนองไทร,พุนพิน,สุราษฎร์ธานี,ระดับน้ำ,ภาคใต้,แชร์ข้อมูล,hourly_rain,True,True,True,True,True
TPI003,พุนพิน 3,8.986866,99.21123,ภาคใต้ฝั่งตะวันออกตอนบน,แม่น้ำตาปีตอนล่างส่วนที่ 2,ท่าสะท้อน,พุนพิน,สุราษฎร์ธานี,ระดับน้ำ,ภาคใต้,แชร์ข้อมูล,hourly_rain,True,True,True,True,True
TPI004,ท่าขนอม,9.029423,98.969635,ภาคใต้ฝั่งตะวันออกตอนบน,คลองพุมดวงตอนล่าง,ท่าขนอน,คีรีรัฐนิคม,สุราษฎร์ธานี,ระดับน้ำ,ภาคใต้,แชร์ข้อมูล,hourly_rain,True,True,True,True,True
TPI005,เวียงสระ,8.571061,99.25393,ภาคใต้ฝั่งตะวันออกตอนบน,แม่น้ำตาปีตอนล่างส่วนที่ 2,ทุ่งหลวง,เวียงสระ,สุราษฎร์ธานี,ระดับน้ำ,ภาคใต้,แชร์ข้อมูล,hourly_rain,True,True,True,True,True
TPI006,พระแสง,8.5374365,99.18096,ภาคใต้ฝั่งตะวันออกตอนบน,คลองอิปัน,ไทรขึง,พระแสง,สุราษฎร์ธานี,ระดับน้ำ,ภาคใต้,แชร์ข้อมูล,hourly_rain,True,True,True,True,True
TPI007,วิภาวดี,9.206436,98.952484,ภาคใต้ฝั่งตะวันออกตอนบน,คลองพุมดวงตอนล่าง,ตะกุกเหนือ,วิภาวดี,สุราษฎร์ธานี,ระดับน้ำ,ภาคใต้,แชร์ข้อมูล,hourly_rain,True,True,True,True,True
TPKO,ทต.ทับคล้อ,16.16959,100.56604,น่าน,แม่น้ำน่านตอนล่างส่วนที่ 2,ทับคล้อ,ทับคล้อ,พิจิตร,น้ำฝน,ภาคเหนือ,แชร์ข้อมูล,hourly_rain,True,True,True,True,True
TPPN,ทม.ท่าข้าม,9.106087,99.2328,ภาคใต้ฝั่งตะวันออกตอนบน,แม่น้ำตาปีตอนล่างส่วนที่ 3,ท่าข้าม,พุนพิน,สุราษฎร์ธานี,น้ำฝน,ภาคใต้,แชร์ข้อมูล,hourly_rain,True,True,True,True,True
TPTN,ทต.ทัพทัน,15.45765,99.89482,สะแกกรัง,แม่น้ำสะแกกรังตอนล่างส่วนที่ 3,ทัพทัน,ทัพทัน,อุทัยธานี,น้ำฝน,ภาคเหนือ,แชร์ข้อมูล,hourly_rain,True,True,True,True,True
TPUR,ทต.ภูเรือ,17.45857,101.361595,โขงตะวันออกเฉียงเหนือ,น้ำสาน,หนองบัว,ภูเรือ,เลย,น้ำฝน,ภาคตะวันออกเฉียงเหนือ,แชร์ข้อมูล,hourly_rain,True,True,True,True,True
TRD001,เมืองตราด,12.325215,102.5005,ชายฝั่งทะเลตะวันออก,แม่น้ำเมืองตราด,ห้วยแร้ง,เมืองตราด,ตราด,ระดับน้ำ,ภาคกลาง,แชร์ข้อมูล,hourly_rain,True,True,True,True,True
TRD002,ห้วยแร้ง,12.36929,102.543365,ชายฝั่งทะเลตะวันออก,แม่น้ำเมืองตราด,ห้วยแร้ง,เมืองตราด,ตราด,ระดับน้ำ,ภาคกลาง,แชร์ข้อมูล,hourly_rain,True,True,True,True,True
TRD003,วังกระแจะ,12.262464,102.52681,ชายฝั่งทะเลตะวันออก,แม่น้ำเมืองตราด,วังกระแจะ,เมืองตราด,ตราด,ระดับน้ำ,ภาคกลาง,แชร์ข้อมูล,hourly_rain,True,True,True,True,True
TRD004,บางพระ,12.238075,102.50981,ชายฝั่งทะเลตะวันออก,แม่น้ำเมืองตราด,บางพระ,เมืองตราด,ตราด,ระดับน้ำ,ภาคกลาง,แชร์ข้อมูล,hourly_rain,True,True,True,True,True
TRD005,คลองประณีต บ.ตลุง,12.51133,102.37173,ชายฝั่งทะเลตะวันออก,ชายฝั่งทะเลตะวันออก (ลุ่มน้ำสาขา 4),ประณีต,เขาสมิง,ตราด,ระดับน้ำ,ภาคกลาง,แชร์ข้อมูล,hourly_rain,True,True,True,True,True
TRD006,คลองโสน,12.513485,102.5048,ชายฝั่งทะเลตะวันออก,แม่น้ำเมืองตราด,บ่อพลอย,บ่อไร่,ตราด,ระดับน้ำ,ภาคกลาง,แชร์ข้อมูล,hourly_rain,True,True,True,True,True
TRD007,คลองเขาระกำ,12.25061,102.47563,ชายฝั่งทะเลตะวันออก,แม่น้ำเมืองตราด,วังกระแจะ,เมืองตราด,ตราด,ระดับน้ำ,ภาคกลาง,แชร์ข้อมูล,hourly_rain,True,True,True,True,True
TRON,ทต.ตรอน,17.48615,100.10563,น่าน,แม่น้ำน่านส่วนที่ 4/2,วังแดง,ตรอน,อุตรดิตถ์,น้ำฝน,ภาคเหนือ,แชร์ข้อมูล,hourly_rain,True,True,True,True,True
TSDO,ทม.สะเดา,6.6383395,100.42474,ทะเลสาบสงขลา,ทะเลสาบสงขลา ( ลุ่มน้ำสาขา ),สะเดา,สะเดา,สงขลา,น้ำฝน,ภาคใต้,แชร์ข้อมูล,hourly_rain,True,True,True,True,True
TSLM,ทต.ทุ่งเสลี่ยม,17.32376,99.56751,ยม,น้ำแม่มอก,ทุ่งเสลี่ยม,ทุ่งเสลี่ยม,สุโขทัย,น้ำฝน,ภาคเหนือ,แชร์ข้อมูล,hourly_rain,True,True,True,True,True
TSUD,อบต.โคกชำแระ,14.732631,104.90764,มูล,ลำโดมใหญ่,โคกชำแระ,ทุ่งศรีอุดม,อุบลราชธานี,น้ำฝน,ภาคตะวันออกเฉียงเหนือ,แชร์ข้อมูล,hourly_rain,True,True,True,True,True
TSYG,รร.แม่อมกิ,17.753983,97.96272,สาละวิน,น้ำแม่เงา,แม่วะหลวง,ท่าสองยาง,ตาก,น้ำฝน,ภาคเหนือ,แชร์ข้อมูล,hourly_rain,True,True,True,True,True
TTKO,ทต.ท่าตะโก,15.63245,100.4748,เจ้าพระยา,บึงบรเพ็ด,ท่าตะโก,ท่าตะโก,นครสวรรค์,น้ำฝน,ภาคเหนือ,แชร์ข้อมูล,hourly_rain,True,True,True,True,True
TTLG,อบต.ทับปุด,8.503284,98.630226,ภาคใต้ฝั่งตะวันตก,ภาคใต้ฝั่งตะวันตกส่วนที่ 2,ทับปุด,ทับปุด,พังงา,น้ำฝน,ภาคใต้,แชร์ข้อมูล,hourly_rain,True,True,True,True,True
TTWY,ทม.วังน้ำเย็น,13.501064,102.180214,บางปะกง,คลองพระสทึง,วังน้ำเย็น,วังน้ำเย็น,สระแก้ว,น้ำฝน,ภาคกลาง,แชร์ข้อมูล,hourly_rain,True,True,True,True,True
TUKW,อบต.ทุ่งคาวัด,9.740884,99.02647,ภาคใต้ฝั่งตะวันออกตอนบน,ภาคใต้ฝั่งตะวันออกส่วนที่ 2,ทุ่งคาวัด,ละแม,ชุมพร,น้ำฝน,ภาคใต้,แชร์ข้อมูล,hourly_rain,True,True,True,True,True
UDMS,อบต.อุดมทรัพย์,14.537939,101.96932,มูล,ลำพระเพลิง,อุดมทรัพย์,วังน้ำเขียว,นครราชสีมา,น้ำฝน,ภาคตะวันออกเฉียงเหนือ,แชร์ข้อมูล,hourly_rain,True,True,True,True,True
UPCT,ทต.อุ้มผาง,16.017748,98.86514,แม่กลอง,แม่น้ำแควใหญ่ตอนบนส่วนที่ 1,อุ้มผาง,อุ้มผาง,ตาก,น้ำฝน,ภาคเหนือ,แชร์ข้อมูล,hourly_rain,True,True,True,True,True
UTOG,ทต.บ้านนา,12.826831,101.66964,ชายฝั่งทะเลตะวันออก,แม่น้ำประแส,บ้านนา,แกลง,ระยอง,น้ำฝน,ภาคกลาง,แชร์ข้อมูล,hourly_rain,True,True,True,True,True
VLGE01,อบต.ตลาดไทร,15.18156,102.844444,มูล,ลำน้ำมูลส่วนที่ 2/1,ตลาดไทร,ชุมพวง,นครราชสีมา,น้ำฝน,ภาคตะวันออกเฉียงเหนือ,แชร์ข้อมูล,hourly_rain,True,True,True,True,True
VLGE02,บ้านผาชัน,15.755694,105.49456,โขงตะวันออกเฉียงเหนือ,แม่น้ำโขงตอนล่าง,สำโรง,โพธิ์ไทร,อุบลราชธานี,น้ำฝน,ภาคตะวันออกเฉียงเหนือ,แชร์ข้อมูล,hourly_rain,True,True,True,True,True
VLGE03,เปร็ดใน,12.142003,102.529785,ชายฝั่งทะเลตะวันออก,ชายฝั่งทะเลตะวันออก (ลุ่มน้ำสาขา 4),ห้วงน้ำขาว,เมืองตราด,ตราด,น้ำฝน,ภาคกลาง,แชร์ข้อมูล,hourly_rain,True,True,True,True,True
VLGE04,ป่าสักงาม,18.992641,99.12812,ปิง,น้ำแม่กวง,ลวงเหนือ,ดอยสะเก็ด,เชียงใหม่,น้ำฝน,ภาคเหนือ,แชร์ข้อมูล,hourly_rain,True,True,True,True,True
VLGE06,ชุมชนบ้านแม่ละอุป,19.001232,98.271126,ปิง,น้ำแม่แจ่มตอนบน,แจ่มหลวง,กัลยาณิวัฒนา,เชียงใหม่,น้ำฝน,ภาคเหนือ,แชร์ข้อมูล,hourly_rain,True,True,True,True,True
VLGE07,บ้านโคกพลวง,14.592325,102.66769,มูล,ลำปลายมาศ,หนองโบสถ์,นางรอง,บุรีรัมย์,น้ำฝน,ภาคตะวันออกเฉียงเหนือ,แชร์ข้อมูล,hourly_rain,True,True,True,True,True
VLGE08,อบต.โนนขวาง,15.180775,103.15741,มูล,ห้วยตะโคง,โนนขวาง,บ้านด่าน,บุรีรัมย์,น้ำฝน,ภาคตะวันออกเฉียงเหนือ,แชร์ข้อมูล,hourly_rain,True,True,True,True,True
VLGE09,ชุมชนบ้านทับคริสต์,8.750306,98.80195,ภาคใต้ฝั่งตะวันออกตอนบน,คลองสก,คลองชะอุ่น,พนม,สุราษฎร์ธานี,น้ำฝน,ภาคใต้,แชร์ข้อมูล,hourly_rain,True,True,True,True,True
VLGE11,ชุมชนบ้านห้วยทราย,19.339989,99.21733,ปิง,น้ำแม่งัด,เขื่อนผาก,พร้าว,เชียงใหม่,น้ำฝน,ภาคเหนือ,แชร์ข้อมูล,hourly_rain,True,True,True,True,True
VLGE12,นครป่าหมาก,16.62336,100.369194,น่าน,แม่น้ำวังทอง,นครป่าหมาก,บางกระทุ่ม,พิษณุโลก,ระดับน้ำ,ภาคเหนือ,แชร์ข้อมูล,hourly_rain,True,True,True,True,True
VLGE13,ชุมแสงสงคราม,16.858543,100.05964,ยม,แม่น้ำยมตอนล่างส่วนที่ 4,ชุมแสงสงคราม,บางระกำ,พิษณุโลก,ระดับน้ำ,ภาคเหนือ,แชร์ข้อมูล,hourly_rain,True,True,True,True,True
VLGE14,ชุมชนบ้านตูม,15.418898,104.34194,ชี,ลำน้ำชีตอนล่าง,กุดน้ำใส,ค้อวัง,ยโสธร,น้ำฝน,ภาคตะวันออกเฉียงเหนือ,แชร์ข้อมูล,hourly_rain,True,True,True,True,True
VLGE15,ชุมชนหนองปิ้งไก่,16.43481,99.36734,ปิง,คลองสวนหมาก,นาบ่อคำ,เมืองกำแพงเพชร,กำแพงเพชร,น้ำฝน,ภาคเหนือ,แชร์ข้อมูล,hourly_rain,True,True,True,True,True
VLGE16,ชุมชนลีเล็ด,9.191665,99.253815,ภาคใต้ฝั่งตะวันออกตอนบน,แม่น้ำตาปีตอนล่างส่วนที่ 3,ลีเล็ด,พุนพิน,สุราษฎร์ธานี,ระดับน้ำ,ภาคใต้,แชร์ข้อมูล,hourly_rain,True,True,True,True,True
VLGE17,รร.ปะทิววิทยา,10.708008,99.32275,ภาคใต้ฝั่งตะวันออกตอนบน,ภาคใต้ฝั่งตะวันออกตอนบนส่วนที่ 1,บางสน,ปะทิว,ชุมพร,น้ำฝน,ภาคใต้,แชร์ข้อมูล,hourly_rain,True,True,True,True,True
VLGE19,วัดบ้านดงผาปูน,19.073082,101.19882,น่าน,น้ำว้า,บ่อเกลือใต้,บ่อเกลือ,น่าน,น้ำฝน,ภาคเหนือ,แชร์ข้อมูล,hourly_rain,True,True,True,True,True
VLGE20,ศาลาดิน,13.8078,100.27416,ท่าจีน,ที่ราบแม่น้ำท่าจีน,มหาสวัสดิ์,พุทธมณฑล,นครปฐม,ระดับน้ำ,ภาคกลาง,แชร์ข้อมูล,hourly_rain,True,True,True,True,True
VLGE21,ชุมชนโกรกประดู่,14.93519,102.888565,มูล,ลำปลายมาศ,โคกกลาง,ลำปลายมาศ,บุรีรัมย์,น้ำฝน,ภาคตะวันออกเฉียงเหนือ,แชร์ข้อมูล,hourly_rain,True,True,True,True,True
VLGE22,ศูนย์พัฒนาโครงการหลวงห้วยโป่ง,19.128757,99.439926,โขงเหนือ,น้ำแม่ลาวส่วนที่ 1,แม่เจดีย์ใหม่,เวียงป่าเป้า,เชียงราย,น้ำฝน,ภาคเหนือ,แชร์ข้อมูล,hourly_rain,True,True,True,True,True
VLGE24,วัดพิเสกประดิษฐิ์,15.916482,102.536285,ชี,ลำน้ำชีส่วนที่ 3,ใหม่นาเพียง,แวงใหญ่,ขอนแก่น,น้ำฝน,ภาคตะวันออกเฉียงเหนือ,แชร์ข้อมูล,hourly_rain,True,True,True,True,True
VLGE25,แม่หาด,18.460037,98.65093,ปิง,น้ำแม่กลาง,บ้านหลวง,จอมทอง,เชียงใหม่,น้ำฝน,ภาคเหนือ,แชร์ข้อมูล,hourly_rain,True,True,True,True,True
VLGE26,ชุมชนประแส,12.71646,101.704124,ชายฝั่งทะเลตะวันออก,แม่น้ำประแส,ปากน้ำกระแส,แกลง,ระยอง,ระดับน้ำ,ภาคกลาง,แชร์ข้อมูล,hourly_rain,True,True,True,True,True
VLGE27,ชุมชนหนองใหญ่,14.572733,103.47313,มูล,ลำชี,หนองใหญ่,ปราสาท,สุรินทร์,น้ำฝน,ภาคตะวันออกเฉียงเหนือ,แชร์ข้อมูล,hourly_rain,True,True,True,True,True
VLGE28,ชุมชนแม่ตาลน้อย,18.415277,99.26473,วัง,แม่น้ำวังตอนกลางส่วนที่ 2,เวียงตาล,ห้างฉัตร,ลำปาง,น้ำฝน,ภาคเหนือ,แชร์ข้อมูล,hourly_rain,True,True,True,True,True
VLGE29,ชุมชนบ้านท่าด่าน,6.8347354,101.20047,ภาคใต้ฝั่งตะวันออกตอนล่าง,ภาคใต้ฝั่งตะวันออกตอนล่างส่วนที่ 2,ดอนรัก,หนองจิก,ปัตตานี,ระดับน้ำ,ภาคใต้,แชร์ข้อมูล,hourly_rain,True,True,True,True,True
VLGE30,บ้านหนองตาจอน,13.4339,99.6702,เพชรบุรี-ประจวบคีรีขันธ์,แม่น้ำเพชรบุรีตอนล่าง,ทุ่งหลวง,ปากท่อ,ราชบุรี,น้ำฝน,ภาคกลาง,แชร์ข้อมูล,hourly_rain,True,True,True,True,True
VLGE31,ชุมชนม่วงชุม,20.101133,100.40399,โขงเหนือ,แม่น้ำอิงตอนล่าง,ครึ่ง,เชียงของ,เชียงราย,น้ำฝน,ภาคเหนือ,แชร์ข้อมูล,hourly_rain,True,True,True,True,True
VLGE32,รร. บ้านเพ็กเฟื้อย-ห้วยเตย,17.147375,102.33215,ชี,ลำพะเนียง,หนองหว้า,เมืองหนองบัวลำภู,หนองบัวลำภู,น้ำฝน,ภาคตะวันออกเฉียงเหนือ,แชร์ข้อมูล,hourly_rain,True,True,True,True,True
VLGE33,ชุมชนบ้านโคกพะยอม,6.818722,99.80933,ภาคใต้ฝั่งตะวันตก,ภาคใต้ฝั่งตะวันตกตอนล่าง,ละงู,ละงู,สตูล,น้ำฝน,ภาคใต้,แชร์ข้อมูล,hourly_rain,True,True,True,True,True
VLGE34,ชุมชนบ้านบุ่งคล้า,18.294792,103.99484,โขงตะวันออกเฉียงเหนือ,แม่น้ำโขงส่วนที่ 7/2,บุ่งคล้า,บุ่งคล้า,บึงกาฬ,น้ำฝน,ภาคตะวันออกเฉียงเหนือ,แชร์ข้อมูล,hourly_rain,True,True,True,True,True
VLGE35,ชุมชนบ้านเหมือง,5.9238043,101.12602,ภาคใต้ฝั่งตะวันออกตอนล่าง,แม่น้ำปัตตานีตอนบน,อัยเยอร์เวง,เบตง,ยะลา,น้ำฝน,ภาคใต้,แชร์ข้อมูล,hourly_rain,True,True,True,True,True
VLGE36,ชุมชนห้วยไร่,17.885775,100.041595,ยม,แม่น้ำยมตอนกลางส่วนที่ 2,ห้วยไร่,เด่นชัย,แพร่,ระดับน้ำ,ภาคเหนือ,แชร์ข้อมูล,hourly_rain,True,True,True,True,True
VLGE37,ตาดโตน,15.873154,102.01616,ชี,ลำน้ำชีส่วนที่ 2/2,นาฝาย,เมืองชัยภูมิ,ชัยภูมิ,น้ำฝน,ภาคตะวันออกเฉียงเหนือ,แชร์ข้อมูล,hourly_rain,True,True,True,True,True
VLGE39,บ้านโนนศรีเจริญ,16.616161,103.71737,ชี,ลำปาวตอนล่าง,ยอดแกง,นามน,กาฬสินธุ์,น้ำฝน,ภาคตะวันออกเฉียงเหนือ,แชร์ข้อมูล,hourly_rain,True,True,True,True,True
VLGE40,บ้านทับคริสต์,8.7258,98.821014,ภาคใต้ฝั่งตะวันออกตอนบน,คลองสก,คลองชะอุ่น,พนม,สุราษฎร์ธานี,ระดับน้ำ,ภาคใต้,แชร์ข้อมูล,hourly_rain,True,True,True,True,True
VLGE41,ชุมชนบ้านควน 1,6.576907,101.169525,ภาคใต้ฝั่งตะวันออกตอนล่าง,แม่น้ำปัตตานีตอนล่าง,พร่อน,เมืองยะลา,ยะลา,ระดับน้ำ,ภาคใต้,แชร์ข้อมูล,hourly_rain,True,True,True,True,True
VLGE42,ชุมชนบ้านควน 2,6.5763373,101.199104,ภาคใต้ฝั่งตะวันออกตอนล่าง,แม่น้ำปัตตานีตอนล่าง,พร่อน,เมืองยะลา,ยะลา,ระดับน้ำ,ภาคใต้,แชร์ข้อมูล,hourly_rain,True,True,True,True,True
VLGE43,ชุมชนจุมจัง,16.430733,104.07318,ชี,ลำน้ำยัง,จุมจัง,กุฉินารายณ์,กาฬสินธุ์,ระดับน้ำ,ภาคตะวันออกเฉียงเหนือ,แชร์ข้อมูล,hourly_rain,True,True,True,True,True
VLGE44,อ่างฯหนองกุดใหญ่,14.85901,103.36128,มูล,ลำชี,หนองเต็ง,กระสัง,บุรีรัมย์,น้ำฝน,ภาคตะวันออกเฉียงเหนือ,แชร์ข้อมูล,hourly_rain,True,True,True,True,True
VLGE45,พิพิธภัณฑ์ธรรมชาติบ้านห้วยปลาหลด,16.78375,98.89489,สาละวิน,ห้วยแม่ละเมา,ด่านแม่ละเมา,แม่สอด,ตาก,น้ำฝน,ภาคเหนือ,แชร์ข้อมูล,hourly_rain,True,True,True,True,True
VLGE46,สถานีชุมชนป่าภูถ้ำ,15.839306,102.41476,ชี,ลำน้ำชีส่วนที่ 2/2,แวงน้อย,แวงน้อย,ขอนแก่น,น้ำฝน,ภาคตะวันออกเฉียงเหนือ,แชร์ข้อมูล,hourly_rain,True,True,True,True,True
VLGE47,วัดบางแตน,13.902389,101.16802,บางปะกง,แม่น้ำปราจีนบุรีตอนล่าง,บางแตน,บ้านสร้าง,ปราจีนบุรี,ระดับน้ำ,ภาคกลาง,แชร์ข้อมูล,hourly_rain,True,True,True,True,True
VLGE48,ฝายดงผาปูน,19.071646,101.19702,น่าน,น้ำว้า,บ่อเกลือใต้,บ่อเกลือ,น่าน,ระดับน้ำ,ภาคเหนือ,แชร์ข้อมูล,hourly_rain,True,True,True,True,True
VLGE49,ตำบลซับสมบูรณ์,15.6160145,101.023544,ป่าสัก,แม่น้ำป่าสักส่วนที่ 3/1,ซับสมบูรณ์,วิเชียรบุรี,เพชรบูรณ์,น้ำฝน,ภาคเหนือ,แชร์ข้อมูล,hourly_rain,True,True,True,True,True
VLGE50,อบต.นาแขม,14.042573,101.72052,บางปะกง,แม่น้ำหนุมาน,นาแขม,กบินทร์บุรี,ปราจีนบุรี,น้ำฝน,ภาคกลาง,แชร์ข้อมูล,hourly_rain,True,True,True,True,True
WAN001,สามเงา,17.260607,99.078,วัง,แม่น้ำวังตอนล่างส่วนที่ 4,วังหมัน,สามเงา,ตาก,ระดับน้ำ,ภาคเหนือ,แชร์ข้อมูล,hourly_rain,True,True,True,True,True
WAN002,แม่พริก,17.445276,99.12899,วัง,แม่น้ำวังตอนล่างส่วนที่ 2,แม่พริก,แม่พริก,ลำปาง,ระดับน้ำ,ภาคเหนือ,แชร์ข้อมูล,hourly_rain,True,True,True,True,True
WAN003,เถิน,17.75172,99.23066,วัง,แม่น้ำวังตอนล่างส่วนที่ 2,แม่ถอด,เถิน,ลำปาง,ระดับน้ำ,ภาคเหนือ,แชร์ข้อมูล,hourly_rain,True,True,True,True,True
WAN004,เกาะคา,18.159119,99.38409,วัง,แม่น้ำวังตอนกลางส่วนที่ 2,วังพร้าว,เกาะคา,ลำปาง,ระดับน้ำ,ภาคเหนือ,แชร์ข้อมูล,hourly_rain,True,True,True,True,True
WAN005,เมืองลำปาง,18.34301,99.537125,วัง,แม่น้ำวังตอนกลางส่วนที่ 1,ต้นธงชัย,เมืองลำปาง,ลำปาง,ระดับน้ำ,ภาคเหนือ,แชร์ข้อมูล,hourly_rain,True,True,True,True,True
WBYN,อบต.แม่ใส,19.132143,99.87647,โขงเหนือ,แม่น้ำอิงตอนบน,แม่ใส,เมืองพะเยา,พะเยา,น้ำฝน,ภาคเหนือ,แชร์ข้อมูล,hourly_rain,True,True,True,True,True
WCBR,ทม.วิเชียรบุรี,15.657299,101.124756,ป่าสัก,แม่น้ำป่าสักส่วนที่ 3/1,ท่าโรง,วิเชียรบุรี,เพชรบูรณ์,น้ำฝน,ภาคเหนือ,แชร์ข้อมูล,hourly_rain,True,True,True,True,True
WCHN,อบต.วังชิ้น,17.879326,99.61927,ยม,แม่น้ำยมตอนล่างส่วนที่ 1,วังชิ้น,วังชิ้น,แพร่,น้ำฝน,ภาคเหนือ,แชร์ข้อมูล,hourly_rain,True,True,True,True,True
WCTK,โครงการชลประทานพิษณุโลก,16.815056,100.25989,น่าน,แม่น้ำน่านตอนล่างส่วนที่ 1,ในเมือง,เมืองพิษณุโลก,พิษณุโลก,น้ำฝน,ภาคเหนือ,แชร์ข้อมูล,hourly_rain,True,True,True,True,True
WEI011,เหนือฝายยางกะฮาด,15.639162,102.039345,ชี,ลำน้ำชีส่วนที่ 2/2,กะฮาด,เนินสง่า,ชัยภูมิ,ระดับน้ำ,ภาคตะวันออกเฉียงเหนือ,แชร์ข้อมูล,hourly_rain,True,True,True,True,True
WEI012,ท้ายฝายยางกะฮาด,15.638419,102.04003,ชี,ลำน้ำชีส่วนที่ 2/2,กะฮาด,เนินสง่า,ชัยภูมิ,ระดับน้ำ,ภาคตะวันออกเฉียงเหนือ,แชร์ข้อมูล,hourly_rain,True,True,True,True,True
WEI021,เหนือฝายยางแก้งสนามนาง,15.7906,102.30444,ชี,ลำน้ำชีส่วนที่ 2/2,โนนสำราญ,แก้งสนามนาง,นครราชสีมา,ระดับน้ำ,ภาคตะวันออกเฉียงเหนือ,แชร์ข้อมูล,hourly_rain,True,True,True,True,True
WEI022,ท้ายฝายยางแก้งสนามนาง,15.79127,102.305244,ชี,ลำน้ำชีส่วนที่ 2/2,โนนสำราญ,แก้งสนามนาง,นครราชสีมา,ระดับน้ำ,ภาคตะวันออกเฉียงเหนือ,แชร์ข้อมูล,hourly_rain,True,True,True,True,True
WEI041,เหนือฝายหนองหวาย,16.724548,102.80348,ชี,ลำน้ำพองตอนล่างส่วนที่ 1,น้ำพอง,น้ำพอง,ขอนแก่น,ระดับน้ำ,ภาคตะวันออกเฉียงเหนือ,แชร์ข้อมูล,hourly_rain,True,True,True,True,True
WEI051,เหนือฝายมหาสารคาม,16.369093,102.9476,ชี,ลำน้ำชีส่วนที่ 4/1,หนองบัว,โกสุมพิสัย,มหาสารคาม,ระดับน้ำ,ภาคตะวันออกเฉียงเหนือ,แชร์ข้อมูล,hourly_rain,True,True,True,True,True
WEI052,ท้ายฝายมหาสารคาม,16.365917,102.949814,ชี,ลำน้ำชีส่วนที่ 4/1,หนองบัว,โกสุมพิสัย,มหาสารคาม,ระดับน้ำ,ภาคตะวันออกเฉียงเหนือ,แชร์ข้อมูล,hourly_rain,True,True,True,True,True
WEI061,เหนือฝายวังยาง,16.19945,103.472946,ชี,ลำน้ำชีส่วนที่ 4/1,ลำชี,ฆ้องชัย,กาฬสินธุ์,ระดับน้ำ,ภาคตะวันออกเฉียงเหนือ,แชร์ข้อมูล,hourly_rain,True,True,True,True,True
WEI062,ท้ายฝายวังยาง,16.20019,103.473595,ชี,ลำน้ำชีส่วนที่ 4/1,ลำชี,ฆ้องชัย,กาฬสินธุ์,ระดับน้ำ,ภาคตะวันออกเฉียงเหนือ,แชร์ข้อมูล,hourly_rain,True,True,True,True,True
WEI071,เหนือฝายร้อยเอ็ด,16.17262,103.78899,ชี,ลำน้ำชีส่วนที่ 4/2,พระธาตุ,เชียงขวัญ,ร้อยเอ็ด,ระดับน้ำ,ภาคตะวันออกเฉียงเหนือ,แชร์ข้อมูล,hourly_rain,True,True,True,True,True
WEI072,ท้ายฝายร้อยเอ็ด,16.17226,103.78975,ชี,ลำน้ำชีส่วนที่ 4/2,พระธาตุ,เชียงขวัญ,ร้อยเอ็ด,ระดับน้ำ,ภาคตะวันออกเฉียงเหนือ,แชร์ข้อมูล,hourly_rain,True,True,True,True,True
WEI081,เหนือฝายยโสธร,15.732574,104.1318,ชี,ลำน้ำชีตอนล่าง,แสนสุข,พนมไพร,ร้อยเอ็ด,ระดับน้ำ,ภาคตะวันออกเฉียงเหนือ,แชร์ข้อมูล,hourly_rain,True,True,True,True,True
WEI091,เหนือฝายธาตุน้อย,15.310541,104.45604,ชี,ลำน้ำชีตอนล่าง,สหธาตุ,เขื่องใน,อุบลราชธานี,ระดับน้ำ,ภาคตะวันออกเฉียงเหนือ,แชร์ข้อมูล,hourly_rain,True,True,True,True,True
WEI092,ท้ายฝายธาตุน้อย,15.310815,104.45696,ชี,ลำน้ำชีตอนล่าง,สหธาตุ,เขื่องใน,อุบลราชธานี,ระดับน้ำ,ภาคตะวันออกเฉียงเหนือ,แชร์ข้อมูล,hourly_rain,True,True,True,True,True
WEI111,เหนือฝายราษีไศล,15.344366,104.098785,มูล,ลำน้ำมูลส่วนที่ 3/1,บัวหุ่ง,ราษีไศล,ศรีสะเกษ,ระดับน้ำ,ภาคตะวันออกเฉียงเหนือ,แชร์ข้อมูล,hourly_rain,True,True,True,True,True
WEI112,ท้ายฝายราษีไศล,15.344061,104.09935,มูล,ลำน้ำมูลส่วนที่ 3/1,บัวหุ่ง,ราษีไศล,ศรีสะเกษ,ระดับน้ำ,ภาคตะวันออกเฉียงเหนือ,แชร์ข้อมูล,hourly_rain,True,True,True,True,True
WEI121,เหนือฝายยางบ้านตะลุง,15.29348,103.54048,มูล,ลำน้ำมูลส่วนที่ 2/5,หนองเรือ,ชุมพลบุรี,สุรินทร์,ระดับน้ำ,ภาคตะวันออกเฉียงเหนือ,แชร์ข้อมูล,hourly_rain,True,True,True,True,True
WEI122,ท้ายฝายยางบ้านตะลุง,15.292882,103.54234,มูล,ลำน้ำมูลส่วนที่ 2/5,หนองเรือ,ชุมพลบุรี,สุรินทร์,ระดับน้ำ,ภาคตะวันออกเฉียงเหนือ,แชร์ข้อมูล,hourly_rain,True,True,True,True,True
WEI131,เหนือฝายยางบ้านเขว้า,15.41203,103.10234,มูล,ลำน้ำมูลส่วนที่ 2/3,ปะเคียบ,คูเมือง,บุรีรัมย์,ระดับน้ำ,ภาคตะวันออกเฉียงเหนือ,แชร์ข้อมูล,hourly_rain,True,True,True,True,True
WEI132,ท้ายฝายยางบ้านเขว้า,15.4110365,103.103714,มูล,ลำน้ำมูลส่วนที่ 2/3,ปะเคียบ,คูเมือง,บุรีรัมย์,ระดับน้ำ,ภาคตะวันออกเฉียงเหนือ,แชร์ข้อมูล,hourly_rain,True,True,True,True,True
WEI141,เหนือฝายชุมพวง,15.386649,102.71879,มูล,ลำน้ำมูลตอนบนส่วนที่ 5,ชุมพวง,ชุมพวง,นครราชสีมา,ระดับน้ำ,ภาคตะวันออกเฉียงเหนือ,แชร์ข้อมูล,hourly_rain,True,True,True,True,True
WEI142,ท้ายฝายชุมพวง,15.386566,102.719154,มูล,ลำน้ำมูลตอนบนส่วนที่ 5,ชุมพวง,ชุมพวง,นครราชสีมา,ระดับน้ำ,ภาคตะวันออกเฉียงเหนือ,แชร์ข้อมูล,hourly_rain,True,True,True,True,True
WEI151,เหนือฝายพิมาย,15.227773,102.50164,มูล,ลำน้ำมูลตอนบนส่วนที่ 5,ในเมือง,พิมาย,นครราชสีมา,ระดับน้ำ,ภาคตะวันออกเฉียงเหนือ,แชร์ข้อมูล,hourly_rain,True,True,True,True,True
WGCI,ทต.สิริเวียงชัย,19.867525,99.890076,โขงเหนือ,น้ำแม่ลาวส่วนที่ 2,เวียงชัย,เวียงชัย,เชียงราย,น้ำฝน,ภาคเหนือ,แชร์ข้อมูล,hourly_rain,True,True,True,True,True
WGHG,อบต.เปียงหลวง,19.649279,98.63488,ปิง,แม่น้ำแม่แตง,เปียงหลวง,เวียงแหง,เชียงใหม่,น้ำฝน,ภาคเหนือ,แชร์ข้อมูล,hourly_rain,True,True,True,True,True
WGKN,ทต.หล่ายงาว,20.105917,100.50034,โขงเหนือ,แม่น้ำโขงส่วนที่ 2,หล่ายงาว,เวียงแก่น,เชียงราย,น้ำฝน,ภาคเหนือ,แชร์ข้อมูล,hourly_rain,True,True,True,True,True
WGNA,ทต.บ้านใหม่,19.176775,99.62088,วัง,แม่น้ำวังตอนบน,วังเหนือ,วังเหนือ,ลำปาง,น้ำฝน,ภาคเหนือ,แชร์ข้อมูล,hourly_rain,True,True,True,True,True
WGPO,ลานกีฬา อบต.วังโป่ง,16.365877,100.83071,น่าน,แม่น้ำน่านตอนล่างส่วนที่ 2,วังโป่ง,วังโป่ง,เพชรบูรณ์,น้ำฝน,ภาคเหนือ,แชร์ข้อมูล,hourly_rain,True,True,True,True,True
WGRY,อบต.วังโรงใหญ่,15.050581,101.66221,มูล,ลำตะคอง,วังโรงใหญ่,สีคิ้ว,นครราชสีมา,น้ำฝน,ภาคตะวันออกเฉียงเหนือ,แชร์ข้อมูล,hourly_rain,True,True,True,True,True
WGSA,ทต.กลางเวียง,18.566214,100.73549,น่าน,แม่น้ำน่านส่วนที่ 3/1,กลางเวียง,เวียงสา,น่าน,น้ำฝน,ภาคเหนือ,แชร์ข้อมูล,hourly_rain,True,True,True,True,True
WGTG,ที่ทำการผู้ใหญ่บ้าน หมู่ 13 ต.วังทอง,16.831717,100.42889,น่าน,แม่น้ำวังทอง,วังทอง,วังทอง,พิษณุโลก,น้ำฝน,ภาคเหนือ,แชร์ข้อมูล,hourly_rain,True,True,True,True,True
WGYG,อบต.วังม่วง,14.84867,101.14548,ป่าสัก,แม่น้ำป่าสักตอนล่างส่วนที่ 1,วังม่วง,วังม่วง,สระบุรี,น้ำฝน,ภาคกลาง,แชร์ข้อมูล,hourly_rain,True,True,True,True,True
WNKH,อบต.วังน้ำเขียว,14.37441,101.86515,มูล,ลำพระเพลิง,วังน้ำเขียว,วังน้ำเขียว,นครราชสีมา,น้ำฝน,ภาคตะวันออกเฉียงเหนือ,แชร์ข้อมูล,hourly_rain,True,True,True,True,True
WNMI,อบต.วังหมี,14.415645,101.68407,มูล,ลำพระเพลิง,วังหมี,วังน้ำเขียว,นครราชสีมา,น้ำฝน,ภาคตะวันออกเฉียงเหนือ,แชร์ข้อมูล,hourly_rain,True,True,True,True,True
WPAP,ทต.เวียงป่าเป้า,19.363098,99.50249,โขงเหนือ,น้ำแม่ลาวส่วนที่ 1,เวียง,เวียงป่าเป้า,เชียงราย,น้ำฝน,ภาคเหนือ,แชร์ข้อมูล,hourly_rain,True,True,True,True,True
WRRS,อบต.ศรีกะอาง,14.278014,101.1288,บางปะกง,แม่น้ำนครนายก,ศรีกะอาง,บ้านนา,นครนายก,น้ำฝน,ภาคกลาง,แชร์ข้อมูล,hourly_rain,True,True,True,True,True
WSPN,อบต.วังทรายพูน,16.40612,100.53864,น่าน,แม่น้ำน่านตอนล่างส่วนที่ 2,วังทรายพูน,วังทรายพูน,พิจิตร,น้ำฝน,ภาคเหนือ,แชร์ข้อมูล,hourly_rain,True,True,True,True,True
WSPR,ทต.โคกตูม,14.81264,100.78994,เจ้าพระยา,ที่ราบแม่น้ำเจ้าพระยา,โคกตูม,เมืองลพบุรี,ลพบุรี,น้ำฝน,ภาคกลาง,แชร์ข้อมูล,hourly_rain,True,True,True,True,True
WSTG,รร.บ้านไทรทอง,13.823345,99.28464,แม่กลอง,ลำภาชี,จรเข้เผือก,ด่านมะขามเตี้ย,กาญจนบุรี,น้ำฝน,ภาคกลาง,แชร์ข้อมูล,hourly_rain,True,True,True,True,True
WTBT,อบต.วัดโบสถ์,16.95807,100.33734,น่าน,แม่น้ำวังทอง,วัดโบสถ์,วัดโบสถ์,พิษณุโลก,น้ำฝน,ภาคเหนือ,แชร์ข้อมูล,hourly_rain,True,True,True,True,True
WTCH,อบต.วังท่าช้าง,13.759481,101.886826,บางปะกง,แม่น้ำพระปรงส่วนที่ 2,วังท่าช้าง,กบินทร์บุรี,ปราจีนบุรี,น้ำฝน,ภาคกลาง,แชร์ข้อมูล,hourly_rain,True,True,True,True,True
WTLG,บ่อบำบัด ทม.พิจิตร,16.43319,100.33196,น่าน,แม่น้ำน่านตอนล่างส่วนที่ 2,ในเมือง,เมืองพิจิตร,พิจิตร,น้ำฝน,ภาคเหนือ,แชร์ข้อมูล,hourly_rain,True,True,True,True,True
WTSG,ทต.วัดสิงห์,15.25834,100.04497,ท่าจีน,ที่ราบแม่น้ำท่าจีน,วัดสิงห์,วัดสิงห์,ชัยนาท,น้ำฝน,ภาคกลาง,แชร์ข้อมูล,hourly_rain,True,True,True,True,True
WWST,วัดเนินสวรรค์มงคลธรรม,12.41648,99.81778,เพชรบุรี-ประจวบคีรีขันธ์,แม่น้ำปราณบุรี ( ลุ่มน้ำสาขา ),หนองตาแต้ม,ปราณบุรี,ประจวบคีรีขันธ์,น้ำฝน,ภาคกลาง,แชร์ข้อมูล,hourly_rain,True,True,True,True,True
YBKM,อบต.ขัวก่าย,17.602118,103.80707,โขงตะวันออกเฉียงเหนือ,ห้วยน้ำยาม,ขัวก่าย,วานรนิวาส,สกลนคร,น้ำฝน,ภาคตะวันออกเฉียงเหนือ,แชร์ข้อมูล,hourly_rain,True,True,True,True,True
YCUM,วัดยางชุม,12.09904,99.70643,เพชรบุรี-ประจวบคีรีขันธ์,คลองกุย,หาดขาม,กุยบุรี,ประจวบคีรีขันธ์,น้ำฝน,ภาคกลาง,แชร์ข้อมูล,hourly_rain,True,True,True,True,True
YGHM,ทต.ยางฮอม,19.922297,100.30563,โขงเหนือ,แม่น้ำอิงตอนล่าง,ยางฮอม,ขุนตาล,เชียงราย,น้ำฝน,ภาคเหนือ,แชร์ข้อมูล,hourly_rain,True,True,True,True,True
YKPC,อบต.เกาะหลัก,11.80296,99.75459,เพชรบุรี-ประจวบคีรีขันธ์,ชายฝั่งทะเลประจวบคีรีขันธ์ส่วนที่ 1,เกาะหลัก,เมืองประจวบคีรีขันธ์,ประจวบคีรีขันธ์,น้ำฝน,ภาคกลาง,แชร์ข้อมูล,hourly_rain,True,True,True,True,True
YOM001,ปง,19.148176,100.277504,ยม,แม่น้ำยมตอนบนส่วนที่ 2,ปง,ปง,พะเยา,ระดับน้ำ,ภาคเหนือ,แชร์ข้อมูล,hourly_rain,True,True,True,True,True
YOM003,หนองม่วงไข่,18.265924,100.17706,ยม,แม่น้ำยมตอนกลางส่วนที่ 1,น้ำรัด,หนองม่วงไข่,แพร่,ระดับน้ำ,ภาคเหนือ,แชร์ข้อมูล,hourly_rain,True,True,True,True,True
YOM004,เด่นชัย,18.020828,100.058784,ยม,แม่น้ำยมตอนกลางส่วนที่ 2,เด่นชัย,เด่นชัย,แพร่,ระดับน้ำ,ภาคเหนือ,แชร์ข้อมูล,hourly_rain,True,True,True,True,True
YOM005,ศรีสัชนาลัย,17.51711,99.75878,ยม,แม่น้ำยมตอนล่างส่วนที่ 2,หาดเสี้ยว,ศรีสัชนาลัย,สุโขทัย,ระดับน้ำ,ภาคเหนือ,แชร์ข้อมูล,hourly_rain,True,True,True,True,True
YOM006,สวรรคโลก,17.20189,99.86388,ยม,แม่น้ำยมตอนล่างส่วนที่ 2,ท่าทอง,สวรรคโลก,สุโขทัย,ระดับน้ำ,ภาคเหนือ,แชร์ข้อมูล,hourly_rain,True,True,True,True,True
YOM007,กงไกรลาศ,16.92741,99.95934,ยม,แม่น้ำยมตอนล่างส่วนที่ 4,กง,กงไกรลาศ,สุโขทัย,ระดับน้ำ,ภาคเหนือ,แชร์ข้อมูล,hourly_rain,True,True,True,True,True
YOM008,บางระกำ,16.708166,100.17178,ยม,แม่น้ำยมตอนล่างส่วนที่ 5,บางระกำ,บางระกำ,พิษณุโลก,ระดับน้ำ,ภาคเหนือ,แชร์ข้อมูล,hourly_rain,True,True,True,True,True
YOM009,โพธิ์ประทับช้าง,16.31075,100.27175,ยม,แม่น้ำยมตอนล่างส่วนที่ 5,โพธิ์ประทับช้าง,โพธิ์ประทับช้าง,พิจิตร,ระดับน้ำ,ภาคเหนือ,แชร์ข้อมูล,hourly_rain,True,True,True,True,True
YOM010,เมืองแพร่,18.133717,100.124596,ยม,แม่น้ำยมตอนกลางส่วนที่ 2,ป่าแมต,เมืองแพร่,แพร่,ระดับน้ำ,ภาคเหนือ,แชร์ข้อมูล,hourly_rain,True,True,True,True,True
YOM011,งาว,18.760788,99.9726,ยม,แม่น้ำงาว,หลวงใต้,งาว,ลำปาง,ระดับน้ำ,ภาคเหนือ,แชร์ข้อมูล,hourly_rain,True,True,True,True,True
YOM012,เมืองสุโขทัย,17.02126,99.81971,ยม,แม่น้ำยมตอนล่างส่วนที่ 3,ธานี,เมืองสุโขทัย,สุโขทัย,ระดับน้ำ,ภาคเหนือ,แชร์ข้อมูล,hourly_rain,True,True,True,True,True
YOM013,ศาลเจ้าพ่อพญาอ้น,18.599714,100.1496,ยม,แม่น้ำยมตอนบนส่วนที่ 3,เตาปูน,สอง,แพร่,ระดับน้ำ,ภาคเหนือ,แชร์ข้อมูล,hourly_rain,True,True,True,True,True
YOM014,สะพานหนองจันทร์,18.465992,100.15171,ยม,แม่น้ำยมตอนกลางส่วนที่ 1,บ้านกลาง,สอง,แพร่,ระดับน้ำ,ภาคเหนือ,แชร์ข้อมูล,hourly_rain,True,True,True,True,True
YOM015,แม่ต้า,18.243437,99.97737,ยม,น้ำแม่ต้า,เวียงต้า,ลอง,แพร่,ระดับน้ำ,ภาคเหนือ,แชร์ข้อมูล,hourly_rain,True,True,True,True,True
YOM016,ห้วยแม่พวก,17.968712,100.063545,ยม,แม่น้ำยมตอนกลางส่วนที่ 2,เด่นชัย,เด่นชัย,แพร่,ระดับน้ำ,ภาคเหนือ,แชร์ข้อมูล,hourly_rain,True,True,True,True,True
